{
  "Action_seed": 3069305879,
  "BC_confusion_matrix": "[]",
  "BC_epoch_accuracy": "[]",
  "BC_epoch_loss": "[]",
  "BC_final_accuracy": 0.0,
  "BC_final_loss": 0.0,
  "BC_pre_accuracy": 0.0,
  "BC_pre_loss": 0.0,
  "BC_pre_post_KL": 0.0,
  "BC_seed": 117269218,
  "BC_time": 0.0,
  "Budget": 100,
  "CPU_time": 102.45334789499975,
  "Cmax_best": 2045.891561345604,
  "Code_hash": "557a8cdd80246d5b84433fd06619c5f4572fc6d1061cccffb6c59606560a1e14",
  "Config_hash": "be7c2577b7d6bd7368c96844c11c8dd3066fdcb2bf4dbc68ce6d9fecd95bdb34",
  "Config_json": "{\"rollout\":16,\"state_mode\":\"base_padded\",\"use_bc\":false,\"variant\":\"BasePaddedNoBC_R16\"}",
  "Demo_action_counts": "[7,7,8,8,7,6,7,7,5,6]",
  "Demo_forced_fraction": 0.29411764705882354,
  "Demo_label_entropy": 0.9963245565495613,
  "Demo_nn_disagreement": 0.8382352941176471,
  "Demo_samples": 68,
  "Demo_ucb_margin_median": 0.007991790771484375,
  "Design_hash": "4edc2f84691449d3c998d8b1c95abbc1bc9262603bbbe59f337e6dbe7707a226",
  "Enhanced_constant_feature_fraction": 0.0,
  "Enhanced_feature_samples": 0,
  "Enhanced_near_one_fraction": 0.0,
  "Enhanced_near_zero_fraction": 0.0,
  "Entropy_all": 0.9914214764622885,
  "Entropy_last20": 0.9057074336417442,
  "Execution_device": "cpu",
  "Front_semantic_sha256": "20bdccea3a7fc68ef18881ff5250aa5b640f7277cc3633956ba76081d27555c1",
  "Front_sha256": "92df83afafcf8bd0f1213c8144e2d839435fff41fe1742ddf889e3692b93252f",
  "HV_local": 1109502820.287815,
  "Initial_evaluations": 100,
  "Input_hash": "c0c85be1ea5c2f7ddefbd1b40df4aee0d8f0eb2ee32af880c1ee2fe8b3c3c480",
  "Learning_time": 0.027902239933609962,
  "Max_generations": 100,
  "NSol": 12,
  "Network_seed": 2743625714,
  "Offspring_evaluations": 10000,
  "Operator_counts": "[11,11,10,9,11,8,15,8,9,8]",
  "PPO_action_effective_updates": 1,
  "PPO_advantage_std_raw_mean": 0.3982512056827545,
  "PPO_approx_KL_mean": 0.000591939315199852,
  "PPO_clip_fraction_mean": 0.0,
  "PPO_discarded_singletons": 0,
  "PPO_effective_optimizer_steps": 4,
  "PPO_effective_samples": 16,
  "PPO_effective_update_time": 0.0138979097828269,
  "PPO_entropy_mean": 2.299439638853073,
  "PPO_explained_variance_pre_mean": -0.0017251968383789062,
  "PPO_gradient_norm_mean": 1.168554574251175,
  "PPO_optimizer_steps": 8,
  "PPO_phase_actions": 32,
  "PPO_policy_loss_mean": -0.0013623656705021858,
  "PPO_return_std_mean": 0.3978905975818634,
  "PPO_rollout_sizes": "[16,16]",
  "PPO_samples": 32,
  "PPO_seed": 2625058009,
  "PPO_terminal_full_optimizer_steps": 4,
  "PPO_terminal_full_samples": 16,
  "PPO_terminal_full_update_time": 0.014004330150783062,
  "PPO_terminal_full_updates": 1,
  "PPO_terminal_residual_optimizer_steps": 0,
  "PPO_terminal_residual_samples": 0,
  "PPO_terminal_residual_update_time": 0.0,
  "PPO_terminal_residual_updates": 0,
  "PPO_update_count": 2,
  "PPO_value_loss_mean": 1.0098959058523178,
  "Population_size": 100,
  "Protocol": "saos_e4_replication_v8_20260722",
  "Reference_snapshot_sha256": "6286b6ac3ad977bc322da21c2a7ac4dd747710bb5cf5db898a89391366e900c6",
  "Replication_role": "outcome-informed_new-instance_replication",
  "Reward_HV_corr": 0.30311942053202223,
  "Spread": 0.7866944610787847,
  "TEC_best": 79154.75305578935,
  "Time": 102.88193726539612,
  "Transition_gen": 68,
  "Transition_reason": "coverage_stagnation",
  "WB_best": 229.99999999999955,
  "Worker_count": 40,
  "dataset": "Hurink_edata",
  "front_pickle": "results/resubmission/v8_e4_replication/fronts/Hurink_edata_la24_BasePaddedNoBC_R16_g100_seed54.pkl",
  "instance": "la24.fjs",
  "rollout_size_planned": 16,
  "seed": 54,
  "state_dim": 78,
  "state_mode": "base_padded",
  "use_bc": false,
  "variant": "BasePaddedNoBC_R16"
}