{
  "Action_seed": 3069305879,
  "BC_confusion_matrix": "[]",
  "BC_epoch_accuracy": "[]",
  "BC_epoch_loss": "[]",
  "BC_final_accuracy": 0.0,
  "BC_final_loss": 0.0,
  "BC_pre_accuracy": 0.0,
  "BC_pre_loss": 0.0,
  "BC_pre_post_KL": 0.0,
  "BC_seed": 117269218,
  "BC_time": 0.0,
  "Budget": 100,
  "CPU_time": 124.59282758900008,
  "Cmax_best": 3029.260777484408,
  "Code_hash": "557a8cdd80246d5b84433fd06619c5f4572fc6d1061cccffb6c59606560a1e14",
  "Config_hash": "be7c2577b7d6bd7368c96844c11c8dd3066fdcb2bf4dbc68ce6d9fecd95bdb34",
  "Config_json": "{\"rollout\":16,\"state_mode\":\"base_padded\",\"use_bc\":false,\"variant\":\"BasePaddedNoBC_R16\"}",
  "Demo_action_counts": "[4,4,4,3,3,4,4,4,3,3]",
  "Demo_forced_fraction": 0.5555555555555556,
  "Demo_label_entropy": 0.995888754975425,
  "Demo_nn_disagreement": 0.9722222222222222,
  "Demo_samples": 36,
  "Demo_ucb_margin_median": 0.0022562146186828613,
  "Design_hash": "4edc2f84691449d3c998d8b1c95abbc1bc9262603bbbe59f337e6dbe7707a226",
  "Enhanced_constant_feature_fraction": 0.0,
  "Enhanced_feature_samples": 0,
  "Enhanced_near_one_fraction": 0.0,
  "Enhanced_near_zero_fraction": 0.0,
  "Entropy_all": 0.9798431956089917,
  "Entropy_last20": 0.8568636235841013,
  "Execution_device": "cpu",
  "Front_semantic_sha256": "d07ce37654c9f900fedcbc75ce67d6128ba17be8b33a6f197539c756619e1475",
  "Front_sha256": "534e87c1be04238420ed570459d5fb8c896d63962d784c6adf80223762bd35d6",
  "HV_local": 12585911473.811028,
  "Initial_evaluations": 100,
  "Input_hash": "c0c85be1ea5c2f7ddefbd1b40df4aee0d8f0eb2ee32af880c1ee2fe8b3c3c480",
  "Learning_time": 0.052574590779840946,
  "Max_generations": 100,
  "NSol": 3,
  "Network_seed": 2743625714,
  "Offspring_evaluations": 10000,
  "Operator_counts": "[10,12,7,9,11,7,18,8,11,7]",
  "PPO_action_effective_updates": 3,
  "PPO_advantage_std_raw_mean": 0.2779145762324333,
  "PPO_approx_KL_mean": 0.0005855532363057137,
  "PPO_clip_fraction_mean": 0.0,
  "PPO_discarded_singletons": 0,
  "PPO_effective_optimizer_steps": 12,
  "PPO_effective_samples": 48,
  "PPO_effective_update_time": 0.040238755755126476,
  "PPO_entropy_mean": 2.2994408160448074,
  "PPO_explained_variance_pre_mean": -0.005886822938919067,
  "PPO_gradient_norm_mean": 0.7731829546391964,
  "PPO_optimizer_steps": 16,
  "PPO_phase_actions": 64,
  "PPO_policy_loss_mean": -0.0009763094130903482,
  "PPO_return_std_mean": 0.27714819461107254,
  "PPO_rollout_sizes": "[16,16,16,16]",
  "PPO_samples": 64,
  "PPO_seed": 2625058009,
  "PPO_terminal_full_optimizer_steps": 4,
  "PPO_terminal_full_samples": 16,
  "PPO_terminal_full_update_time": 0.01233583502471447,
  "PPO_terminal_full_updates": 1,
  "PPO_terminal_residual_optimizer_steps": 0,
  "PPO_terminal_residual_samples": 0,
  "PPO_terminal_residual_update_time": 0.0,
  "PPO_terminal_residual_updates": 0,
  "PPO_update_count": 4,
  "PPO_value_loss_mean": 0.43464408442378044,
  "Population_size": 100,
  "Protocol": "saos_e4_replication_v8_20260722",
  "Reference_snapshot_sha256": "6286b6ac3ad977bc322da21c2a7ac4dd747710bb5cf5db898a89391366e900c6",
  "Replication_role": "outcome-informed_new-instance_replication",
  "Reward_HV_corr": 0.44109197452544036,
  "Spread": 0.7376190548051968,
  "TEC_best": 151690.60559669006,
  "Time": 124.93798351287842,
  "Transition_gen": 36,
  "Transition_reason": "coverage_stagnation",
  "WB_best": 459.99999999999903,
  "Worker_count": 40,
  "dataset": "Hurink_edata",
  "front_pickle": "results/resubmission/v8_e4_replication/fronts/Hurink_edata_la39_BasePaddedNoBC_R16_g100_seed54.pkl",
  "instance": "la39.fjs",
  "rollout_size_planned": 16,
  "seed": 54,
  "state_dim": 78,
  "state_mode": "base_padded",
  "use_bc": false,
  "variant": "BasePaddedNoBC_R16"
}