{
  "Action_seed": 3069305879,
  "BC_confusion_matrix": "[]",
  "BC_epoch_accuracy": "[]",
  "BC_epoch_loss": "[]",
  "BC_final_accuracy": 0.0,
  "BC_final_loss": 0.0,
  "BC_pre_accuracy": 0.0,
  "BC_pre_loss": 0.0,
  "BC_pre_post_KL": 0.0,
  "BC_seed": 117269218,
  "BC_time": 0.0,
  "Budget": 100,
  "CPU_time": 80.75346516700006,
  "Cmax_best": 1557.054931744422,
  "Code_hash": "557a8cdd80246d5b84433fd06619c5f4572fc6d1061cccffb6c59606560a1e14",
  "Config_hash": "be7c2577b7d6bd7368c96844c11c8dd3066fdcb2bf4dbc68ce6d9fecd95bdb34",
  "Config_json": "{\"rollout\":16,\"state_mode\":\"base_padded\",\"use_bc\":false,\"variant\":\"BasePaddedNoBC_R16\"}",
  "Demo_action_counts": "[5,5,5,4,4,4,5,5,4,5]",
  "Demo_forced_fraction": 0.43478260869565216,
  "Demo_label_entropy": 0.997495657957053,
  "Demo_nn_disagreement": 1.0,
  "Demo_samples": 46,
  "Demo_ucb_margin_median": 0.005415499210357666,
  "Design_hash": "4edc2f84691449d3c998d8b1c95abbc1bc9262603bbbe59f337e6dbe7707a226",
  "Enhanced_constant_feature_fraction": 0.0,
  "Enhanced_feature_samples": 0,
  "Enhanced_near_one_fraction": 0.0,
  "Enhanced_near_zero_fraction": 0.0,
  "Entropy_all": 0.98498845294397,
  "Entropy_last20": 0.9397940008672038,
  "Execution_device": "cpu",
  "Front_semantic_sha256": "9084caa11093f461d3704c6e0165894e451adaaabe09262a78cdb33a64327b41",
  "Front_sha256": "696595fb51d9a57bad67fee55d1fd961869bc8282a7c2a2e3939607aa372b45b",
  "HV_local": 4953614893.100435,
  "Initial_evaluations": 100,
  "Input_hash": "c0c85be1ea5c2f7ddefbd1b40df4aee0d8f0eb2ee32af880c1ee2fe8b3c3c480",
  "Learning_time": 0.05566147807985544,
  "Max_generations": 100,
  "NSol": 17,
  "Network_seed": 2743625714,
  "Offspring_evaluations": 10000,
  "Operator_counts": "[11,10,8,8,10,7,17,8,12,9]",
  "PPO_action_effective_updates": 3,
  "PPO_advantage_std_raw_mean": 0.27076928317546844,
  "PPO_approx_KL_mean": 0.0003932444378733635,
  "PPO_clip_fraction_mean": 0.0,
  "PPO_discarded_singletons": 0,
  "PPO_effective_optimizer_steps": 12,
  "PPO_effective_samples": 48,
  "PPO_effective_update_time": 0.04280065558850765,
  "PPO_entropy_mean": 2.299567550420761,
  "PPO_explained_variance_pre_mean": -0.005482465028762817,
  "PPO_gradient_norm_mean": 0.6728299483656883,
  "PPO_optimizer_steps": 16,
  "PPO_phase_actions": 54,
  "PPO_policy_loss_mean": -0.0012774669303325936,
  "PPO_return_std_mean": 0.2701026648283005,
  "PPO_rollout_sizes": "[16,16,16,6]",
  "PPO_samples": 54,
  "PPO_seed": 2625058009,
  "PPO_terminal_full_optimizer_steps": 0,
  "PPO_terminal_full_samples": 0,
  "PPO_terminal_full_update_time": 0.0,
  "PPO_terminal_full_updates": 0,
  "PPO_terminal_residual_optimizer_steps": 4,
  "PPO_terminal_residual_samples": 6,
  "PPO_terminal_residual_update_time": 0.01286082249134779,
  "PPO_terminal_residual_updates": 1,
  "PPO_update_count": 4,
  "PPO_value_loss_mean": 0.31122857471928,
  "Population_size": 100,
  "Protocol": "saos_e4_replication_v8_20260722",
  "Reference_snapshot_sha256": "6286b6ac3ad977bc322da21c2a7ac4dd747710bb5cf5db898a89391366e900c6",
  "Replication_role": "outcome-informed_new-instance_replication",
  "Reward_HV_corr": 0.5181680246272518,
  "Spread": 0.8111052296492763,
  "TEC_best": 56381.732346405595,
  "Time": 81.14331531524658,
  "Transition_gen": 46,
  "Transition_reason": "coverage_stagnation",
  "WB_best": 173.99999999999937,
  "Worker_count": 40,
  "dataset": "Hurink_edata",
  "front_pickle": "results/resubmission/v8_e4_replication/fronts/Hurink_edata_la19_BasePaddedNoBC_R16_g100_seed54.pkl",
  "instance": "la19.fjs",
  "rollout_size_planned": 16,
  "seed": 54,
  "state_dim": 78,
  "state_mode": "base_padded",
  "use_bc": false,
  "variant": "BasePaddedNoBC_R16"
}