{
  "Action_seed": 3069305879,
  "BC_confusion_matrix": "[]",
  "BC_epoch_accuracy": "[]",
  "BC_epoch_loss": "[]",
  "BC_final_accuracy": 0.0,
  "BC_final_loss": 0.0,
  "BC_pre_accuracy": 0.0,
  "BC_pre_loss": 0.0,
  "BC_pre_post_KL": 0.0,
  "BC_seed": 117269218,
  "BC_time": 0.0,
  "Budget": 100,
  "CPU_time": 73.6365146390001,
  "Cmax_best": 1517.9240048552895,
  "Code_hash": "557a8cdd80246d5b84433fd06619c5f4572fc6d1061cccffb6c59606560a1e14",
  "Config_hash": "be7c2577b7d6bd7368c96844c11c8dd3066fdcb2bf4dbc68ce6d9fecd95bdb34",
  "Config_json": "{\"rollout\":16,\"state_mode\":\"base_padded\",\"use_bc\":false,\"variant\":\"BasePaddedNoBC_R16\"}",
  "Demo_action_counts": "[7,7,8,7,7,5,5,6,4,5]",
  "Demo_forced_fraction": 0.32786885245901637,
  "Demo_label_entropy": 0.9910812686339024,
  "Demo_nn_disagreement": 0.9672131147540983,
  "Demo_samples": 61,
  "Demo_ucb_margin_median": 0.009570479393005371,
  "Design_hash": "4edc2f84691449d3c998d8b1c95abbc1bc9262603bbbe59f337e6dbe7707a226",
  "Enhanced_constant_feature_fraction": 0.0,
  "Enhanced_feature_samples": 0,
  "Enhanced_near_one_fraction": 0.0,
  "Enhanced_near_zero_fraction": 0.0,
  "Entropy_all": 0.9891076089583772,
  "Entropy_last20": 0.8682258126592544,
  "Execution_device": "cpu",
  "Front_semantic_sha256": "efda4ccff302209e040bc1c4a3a3fec33ca01a737bd04faedf71ee9bd518951b",
  "Front_sha256": "66f8b2a839e6de1f00d8c9d5eefe2e1e81afb9dbe2faf486e997e8a463418237",
  "HV_local": 1297553323.4202144,
  "Initial_evaluations": 100,
  "Input_hash": "c0c85be1ea5c2f7ddefbd1b40df4aee0d8f0eb2ee32af880c1ee2fe8b3c3c480",
  "Learning_time": 0.03559527825564146,
  "Max_generations": 100,
  "NSol": 6,
  "Network_seed": 2743625714,
  "Offspring_evaluations": 10000,
  "Operator_counts": "[12,11,11,9,12,7,14,7,9,8]",
  "PPO_action_effective_updates": 2,
  "PPO_advantage_std_raw_mean": 0.3187815248966217,
  "PPO_approx_KL_mean": 0.0008323659130837768,
  "PPO_clip_fraction_mean": 0.0,
  "PPO_discarded_singletons": 0,
  "PPO_effective_optimizer_steps": 8,
  "PPO_effective_samples": 32,
  "PPO_effective_update_time": 0.02376826200634241,
  "PPO_entropy_mean": 2.299661119778951,
  "PPO_explained_variance_pre_mean": -0.00331572691599528,
  "PPO_gradient_norm_mean": 0.8159527828296026,
  "PPO_optimizer_steps": 12,
  "PPO_phase_actions": 39,
  "PPO_policy_loss_mean": -0.0014985262692099137,
  "PPO_return_std_mean": 0.3182636499404907,
  "PPO_rollout_sizes": "[16,16,7]",
  "PPO_samples": 39,
  "PPO_seed": 2625058009,
  "PPO_terminal_full_optimizer_steps": 0,
  "PPO_terminal_full_samples": 0,
  "PPO_terminal_full_update_time": 0.0,
  "PPO_terminal_full_updates": 0,
  "PPO_terminal_residual_optimizer_steps": 4,
  "PPO_terminal_residual_samples": 7,
  "PPO_terminal_residual_update_time": 0.01182701624929905,
  "PPO_terminal_residual_updates": 1,
  "PPO_update_count": 3,
  "PPO_value_loss_mean": 0.4801017493009567,
  "Population_size": 100,
  "Protocol": "saos_e4_replication_v8_20260722",
  "Reference_snapshot_sha256": "6286b6ac3ad977bc322da21c2a7ac4dd747710bb5cf5db898a89391366e900c6",
  "Replication_role": "outcome-informed_new-instance_replication",
  "Reward_HV_corr": 0.41793111581051623,
  "Spread": 1.1872008508590193,
  "TEC_best": 63054.18886415078,
  "Time": 73.77628660202026,
  "Transition_gen": 61,
  "Transition_reason": "coverage_stagnation",
  "WB_best": 209.99999999999943,
  "Worker_count": 40,
  "dataset": "Hurink_edata",
  "front_pickle": "results/resubmission/v8_e4_replication/fronts/Hurink_edata_la18_BasePaddedNoBC_R16_g100_seed54.pkl",
  "instance": "la18.fjs",
  "rollout_size_planned": 16,
  "seed": 54,
  "state_dim": 78,
  "state_mode": "base_padded",
  "use_bc": false,
  "variant": "BasePaddedNoBC_R16"
}