{
  "Action_seed": 2121283841,
  "BC_confusion_matrix": "[]",
  "BC_epoch_accuracy": "[]",
  "BC_epoch_loss": "[]",
  "BC_final_accuracy": 0.0,
  "BC_final_loss": 0.0,
  "BC_pre_accuracy": 0.0,
  "BC_pre_loss": 0.0,
  "BC_pre_post_KL": 0.0,
  "BC_seed": 1958805704,
  "BC_time": 0.0,
  "Budget": 100,
  "CPU_time": 74.49507270799995,
  "Cmax_best": 1298.9537376635983,
  "Code_hash": "557a8cdd80246d5b84433fd06619c5f4572fc6d1061cccffb6c59606560a1e14",
  "Config_hash": "be7c2577b7d6bd7368c96844c11c8dd3066fdcb2bf4dbc68ce6d9fecd95bdb34",
  "Config_json": "{\"rollout\":16,\"state_mode\":\"base_padded\",\"use_bc\":false,\"variant\":\"BasePaddedNoBC_R16\"}",
  "Demo_action_counts": "[7,7,8,7,7,6,7,8,6,7]",
  "Demo_forced_fraction": 0.2857142857142857,
  "Demo_label_entropy": 0.9982212903417764,
  "Demo_nn_disagreement": 0.8571428571428571,
  "Demo_samples": 70,
  "Demo_ucb_margin_median": 0.010948479175567627,
  "Design_hash": "4edc2f84691449d3c998d8b1c95abbc1bc9262603bbbe59f337e6dbe7707a226",
  "Enhanced_constant_feature_fraction": 0.0,
  "Enhanced_feature_samples": 0,
  "Enhanced_near_one_fraction": 0.0,
  "Enhanced_near_zero_fraction": 0.0,
  "Entropy_all": 0.99471349211875,
  "Entropy_last20": 0.8869666231504995,
  "Execution_device": "cpu",
  "Front_semantic_sha256": "7ac1de2c88e0f604f3d7339c044aee8b5d3e02e34ed2c847435c7ec3cb418169",
  "Front_sha256": "9d11433e5b91719925ac1d62ef7acc94a7d1edf95830c80d8a1061f7a1ee74bf",
  "HV_local": 7815270438.594694,
  "Initial_evaluations": 100,
  "Input_hash": "c0c85be1ea5c2f7ddefbd1b40df4aee0d8f0eb2ee32af880c1ee2fe8b3c3c480",
  "Learning_time": 0.02812201902270317,
  "Max_generations": 100,
  "NSol": 38,
  "Network_seed": 1604999848,
  "Offspring_evaluations": 10000,
  "Operator_counts": "[8,10,11,12,11,8,11,12,8,9]",
  "PPO_action_effective_updates": 1,
  "PPO_advantage_std_raw_mean": 0.2806673124432564,
  "PPO_approx_KL_mean": 1.865359809016809e-05,
  "PPO_clip_fraction_mean": 0.0,
  "PPO_discarded_singletons": 0,
  "PPO_effective_optimizer_steps": 4,
  "PPO_effective_samples": 16,
  "PPO_effective_update_time": 0.013796170242130756,
  "PPO_entropy_mean": 2.301734060049057,
  "PPO_explained_variance_pre_mean": 0.0015582740306854248,
  "PPO_gradient_norm_mean": 0.849961057305336,
  "PPO_optimizer_steps": 8,
  "PPO_phase_actions": 30,
  "PPO_policy_loss_mean": -0.001440140082455188,
  "PPO_return_std_mean": 0.28092506527900696,
  "PPO_rollout_sizes": "[16,14]",
  "PPO_samples": 30,
  "PPO_seed": 1500418225,
  "PPO_terminal_full_optimizer_steps": 0,
  "PPO_terminal_full_samples": 0,
  "PPO_terminal_full_update_time": 0.0,
  "PPO_terminal_full_updates": 0,
  "PPO_terminal_residual_optimizer_steps": 4,
  "PPO_terminal_residual_samples": 14,
  "PPO_terminal_residual_update_time": 0.014325848780572414,
  "PPO_terminal_residual_updates": 1,
  "PPO_update_count": 2,
  "PPO_value_loss_mean": 0.49291176348924637,
  "Population_size": 100,
  "Protocol": "saos_e4_replication_v8_20260722",
  "Reference_snapshot_sha256": "6286b6ac3ad977bc322da21c2a7ac4dd747710bb5cf5db898a89391366e900c6",
  "Replication_role": "outcome-informed_new-instance_replication",
  "Reward_HV_corr": 0.6351365828590712,
  "Spread": 0.9730634770941343,
  "TEC_best": 45576.71459811384,
  "Time": 74.80475974082947,
  "Transition_gen": 70,
  "Transition_reason": "coverage_latest_guard",
  "WB_best": 23.999999999999545,
  "Worker_count": 40,
  "dataset": "Hurink_edata",
  "front_pickle": "results/resubmission/v8_e4_replication/fronts/Hurink_edata_la13_BasePaddedNoBC_R16_g100_seed53.pkl",
  "instance": "la13.fjs",
  "rollout_size_planned": 16,
  "seed": 53,
  "state_dim": 78,
  "state_mode": "base_padded",
  "use_bc": false,
  "variant": "BasePaddedNoBC_R16"
}