{
  "Action_seed": 2121283841,
  "BC_confusion_matrix": "[]",
  "BC_epoch_accuracy": "[]",
  "BC_epoch_loss": "[]",
  "BC_final_accuracy": 0.0,
  "BC_final_loss": 0.0,
  "BC_pre_accuracy": 0.0,
  "BC_pre_loss": 0.0,
  "BC_pre_post_KL": 0.0,
  "BC_seed": 1958805704,
  "BC_time": 0.0,
  "Budget": 100,
  "CPU_time": 98.76153307899997,
  "Cmax_best": 152.2003972772637,
  "Code_hash": "557a8cdd80246d5b84433fd06619c5f4572fc6d1061cccffb6c59606560a1e14",
  "Config_hash": "be7c2577b7d6bd7368c96844c11c8dd3066fdcb2bf4dbc68ce6d9fecd95bdb34",
  "Config_json": "{\"rollout\":16,\"state_mode\":\"base_padded\",\"use_bc\":false,\"variant\":\"BasePaddedNoBC_R16\"}",
  "Demo_action_counts": "[5,4,4,4,4,5,4,4,4,4]",
  "Demo_forced_fraction": 0.47619047619047616,
  "Demo_label_entropy": 0.9981154864489722,
  "Demo_nn_disagreement": 1.0,
  "Demo_samples": 42,
  "Demo_ucb_margin_median": 0.004174292087554932,
  "Design_hash": "4edc2f84691449d3c998d8b1c95abbc1bc9262603bbbe59f337e6dbe7707a226",
  "Enhanced_constant_feature_fraction": 0.0,
  "Enhanced_feature_samples": 0,
  "Enhanced_near_one_fraction": 0.0,
  "Enhanced_near_zero_fraction": 0.0,
  "Entropy_all": 0.9895426301753212,
  "Entropy_last20": 0.8227770563586417,
  "Execution_device": "cpu",
  "Front_semantic_sha256": "2eec3e836c9a399223de5c0c5f521324d33bda236ca1a62cbb815eda62cf2f5e",
  "Front_sha256": "1a8839d7a9d15b4e52aa8b1849782913d7ad564bb09ca43dc5721ef0332f522d",
  "HV_local": 104738026.87492436,
  "Initial_evaluations": 100,
  "Input_hash": "c0c85be1ea5c2f7ddefbd1b40df4aee0d8f0eb2ee32af880c1ee2fe8b3c3c480",
  "Learning_time": 0.053642166778445244,
  "Max_generations": 100,
  "NSol": 55,
  "Network_seed": 1604999848,
  "Offspring_evaluations": 10000,
  "Operator_counts": "[10,8,7,12,10,11,12,9,7,14]",
  "PPO_action_effective_updates": 3,
  "PPO_advantage_std_raw_mean": 0.25938307121396065,
  "PPO_approx_KL_mean": 0.00010915361417573877,
  "PPO_clip_fraction_mean": 0.0,
  "PPO_discarded_singletons": 0,
  "PPO_effective_optimizer_steps": 12,
  "PPO_effective_samples": 48,
  "PPO_effective_update_time": 0.04149977117776871,
  "PPO_entropy_mean": 2.3017650097608566,
  "PPO_explained_variance_pre_mean": -0.00401817262172699,
  "PPO_gradient_norm_mean": 0.7636312060058117,
  "PPO_optimizer_steps": 16,
  "PPO_phase_actions": 58,
  "PPO_policy_loss_mean": -0.0007298741249543994,
  "PPO_return_std_mean": 0.25880735740065575,
  "PPO_rollout_sizes": "[16,16,16,10]",
  "PPO_samples": 58,
  "PPO_seed": 1500418225,
  "PPO_terminal_full_optimizer_steps": 0,
  "PPO_terminal_full_samples": 0,
  "PPO_terminal_full_update_time": 0.0,
  "PPO_terminal_full_updates": 0,
  "PPO_terminal_residual_optimizer_steps": 4,
  "PPO_terminal_residual_samples": 10,
  "PPO_terminal_residual_update_time": 0.012142395600676537,
  "PPO_terminal_residual_updates": 1,
  "PPO_update_count": 4,
  "PPO_value_loss_mean": 0.4256944749504328,
  "Population_size": 100,
  "Protocol": "saos_e4_replication_v8_20260722",
  "Reference_snapshot_sha256": "6286b6ac3ad977bc322da21c2a7ac4dd747710bb5cf5db898a89391366e900c6",
  "Replication_role": "outcome-informed_new-instance_replication",
  "Reward_HV_corr": 0.6396047668556847,
  "Spread": 0.7827358194807716,
  "TEC_best": 4052.3467694110914,
  "Time": 99.31516075134277,
  "Transition_gen": 42,
  "Transition_reason": "coverage_stagnation",
  "WB_best": 28.99999999999997,
  "Worker_count": 40,
  "dataset": "Brandimarte",
  "front_pickle": "results/resubmission/v8_e4_replication/fronts/Brandimarte_Mk06_BasePaddedNoBC_R16_g100_seed53.pkl",
  "instance": "Mk06.fjs",
  "rollout_size_planned": 16,
  "seed": 53,
  "state_dim": 78,
  "state_mode": "base_padded",
  "use_bc": false,
  "variant": "BasePaddedNoBC_R16"
}