{
  "Action_seed": 3356307559,
  "BC_confusion_matrix": "[]",
  "BC_epoch_accuracy": "[]",
  "BC_epoch_loss": "[]",
  "BC_final_accuracy": 0.0,
  "BC_final_loss": 0.0,
  "BC_pre_accuracy": 0.0,
  "BC_pre_loss": 0.0,
  "BC_pre_post_KL": 0.0,
  "BC_seed": 4095219117,
  "BC_time": 0.0,
  "Budget": 100,
  "CPU_time": 62.28478174500003,
  "Cmax_best": 1093.0098822117197,
  "Code_hash": "557a8cdd80246d5b84433fd06619c5f4572fc6d1061cccffb6c59606560a1e14",
  "Config_hash": "be7c2577b7d6bd7368c96844c11c8dd3066fdcb2bf4dbc68ce6d9fecd95bdb34",
  "Config_json": "{\"rollout\":16,\"state_mode\":\"base_padded\",\"use_bc\":false,\"variant\":\"BasePaddedNoBC_R16\"}",
  "Demo_action_counts": "[8,7,8,5,5,4,5,6,4,5]",
  "Demo_forced_fraction": 0.3508771929824561,
  "Demo_label_entropy": 0.9869290031879854,
  "Demo_nn_disagreement": 0.9649122807017544,
  "Demo_samples": 57,
  "Demo_ucb_margin_median": 0.007639527320861816,
  "Design_hash": "4edc2f84691449d3c998d8b1c95abbc1bc9262603bbbe59f337e6dbe7707a226",
  "Enhanced_constant_feature_fraction": 0.0,
  "Enhanced_feature_samples": 0,
  "Enhanced_near_one_fraction": 0.0,
  "Enhanced_near_zero_fraction": 0.0,
  "Entropy_all": 0.9938327422825689,
  "Entropy_last20": 0.9284318117920505,
  "Execution_device": "cpu",
  "Front_semantic_sha256": "c601d140382a9ebb8c4f44fb363c5aeda75547ea3bbf3b31d791ce2daf6dd70b",
  "Front_sha256": "c947e51cfc2cfa4c8c068b75b51bbc1abe37cb1dfd4acbe627f04d411fd065ef",
  "HV_local": 41626542.5507725,
  "Initial_evaluations": 100,
  "Input_hash": "c0c85be1ea5c2f7ddefbd1b40df4aee0d8f0eb2ee32af880c1ee2fe8b3c3c480",
  "Learning_time": 0.03816869016736746,
  "Max_generations": 100,
  "NSol": 2,
  "Network_seed": 1262220414,
  "Offspring_evaluations": 10000,
  "Operator_counts": "[10,10,11,9,12,9,11,11,6,11]",
  "PPO_action_effective_updates": 2,
  "PPO_advantage_std_raw_mean": 0.38100292285283405,
  "PPO_approx_KL_mean": 0.00037042266194475815,
  "PPO_clip_fraction_mean": 0.0,
  "PPO_discarded_singletons": 0,
  "PPO_effective_optimizer_steps": 8,
  "PPO_effective_samples": 32,
  "PPO_effective_update_time": 0.024776768870651722,
  "PPO_entropy_mean": 2.2993610302607217,
  "PPO_explained_variance_pre_mean": -0.005257407824198405,
  "PPO_gradient_norm_mean": 0.9548834264278412,
  "PPO_optimizer_steps": 12,
  "PPO_phase_actions": 43,
  "PPO_policy_loss_mean": -0.0017197605237460796,
  "PPO_return_std_mean": 0.38019951184590656,
  "PPO_rollout_sizes": "[16,16,11]",
  "PPO_samples": 43,
  "PPO_seed": 3196798417,
  "PPO_terminal_full_optimizer_steps": 0,
  "PPO_terminal_full_samples": 0,
  "PPO_terminal_full_update_time": 0.0,
  "PPO_terminal_full_updates": 0,
  "PPO_terminal_residual_optimizer_steps": 4,
  "PPO_terminal_residual_samples": 11,
  "PPO_terminal_residual_update_time": 0.013391921296715736,
  "PPO_terminal_residual_updates": 1,
  "PPO_update_count": 3,
  "PPO_value_loss_mean": 0.6996247718731562,
  "Population_size": 100,
  "Protocol": "saos_e4_replication_v8_20260722",
  "Reference_snapshot_sha256": "6286b6ac3ad977bc322da21c2a7ac4dd747710bb5cf5db898a89391366e900c6",
  "Replication_role": "outcome-informed_new-instance_replication",
  "Reward_HV_corr": 0.33036949445048097,
  "Spread": 0.8880266283265312,
  "TEC_best": 32651.658403329006,
  "Time": 62.5064971446991,
  "Transition_gen": 57,
  "Transition_reason": "coverage_stagnation",
  "WB_best": 74.99999999999977,
  "Worker_count": 40,
  "dataset": "Hurink_edata",
  "front_pickle": "results/resubmission/v8_e4_replication/fronts/Hurink_edata_la06_BasePaddedNoBC_R16_g100_seed55.pkl",
  "instance": "la06.fjs",
  "rollout_size_planned": 16,
  "seed": 55,
  "state_dim": 78,
  "state_mode": "base_padded",
  "use_bc": false,
  "variant": "BasePaddedNoBC_R16"
}