{
  "Action_seed": 3356307559,
  "BC_confusion_matrix": "[]",
  "BC_epoch_accuracy": "[]",
  "BC_epoch_loss": "[]",
  "BC_final_accuracy": 0.0,
  "BC_final_loss": 0.0,
  "BC_pre_accuracy": 0.0,
  "BC_pre_loss": 0.0,
  "BC_pre_post_KL": 0.0,
  "BC_seed": 4095219117,
  "BC_time": 0.0,
  "Budget": 100,
  "CPU_time": 76.0390995539999,
  "Cmax_best": 1486.0397359491185,
  "Code_hash": "557a8cdd80246d5b84433fd06619c5f4572fc6d1061cccffb6c59606560a1e14",
  "Config_hash": "316e38e4b56c803c83035f595d8dd9a9c89982fa5ff0ed20203d316fee9ea457",
  "Config_json": "{\"rollout\":16,\"state_mode\":\"enhanced\",\"use_bc\":false,\"variant\":\"EnhancedNoBC_R16\"}",
  "Demo_action_counts": "[7,7,8,7,6,5,5,5,5,5]",
  "Demo_forced_fraction": 0.3333333333333333,
  "Demo_label_entropy": 0.9929023112680224,
  "Demo_nn_disagreement": 0.8666666666666667,
  "Demo_samples": 60,
  "Demo_ucb_margin_median": 0.007139027118682861,
  "Design_hash": "4edc2f84691449d3c998d8b1c95abbc1bc9262603bbbe59f337e6dbe7707a226",
  "Enhanced_constant_feature_fraction": 0.42592592592592593,
  "Enhanced_feature_samples": 40,
  "Enhanced_near_one_fraction": 0.037037037037037035,
  "Enhanced_near_zero_fraction": 0.3888888888888889,
  "Entropy_all": 0.9967485298798437,
  "Entropy_last20": 0.9284318117920506,
  "Execution_device": "cpu",
  "Front_semantic_sha256": "45d580360d8d04022b520f4a706c784358eb15c9f6a8f5f67581a135e3fd1b00",
  "Front_sha256": "75f5ffb6ccd2ac43c6b76010b43a1b7380150632d313b2f1dd3007fa9e5ddd62",
  "HV_local": 2203792471.4063654,
  "Initial_evaluations": 100,
  "Input_hash": "c0c85be1ea5c2f7ddefbd1b40df4aee0d8f0eb2ee32af880c1ee2fe8b3c3c480",
  "Learning_time": 0.04139905981719494,
  "Max_generations": 100,
  "NSol": 16,
  "Network_seed": 1262220414,
  "Offspring_evaluations": 10000,
  "Operator_counts": "[10,10,10,11,11,10,11,9,7,11]",
  "PPO_action_effective_updates": 2,
  "PPO_advantage_std_raw_mean": 0.31376329561074573,
  "PPO_approx_KL_mean": 0.0007974803447723389,
  "PPO_clip_fraction_mean": 0.0,
  "PPO_discarded_singletons": 0,
  "PPO_effective_optimizer_steps": 8,
  "PPO_effective_samples": 32,
  "PPO_effective_update_time": 0.02613478433340788,
  "PPO_entropy_mean": 2.300034443537394,
  "PPO_explained_variance_pre_mean": -0.000830690066019694,
  "PPO_gradient_norm_mean": 0.9362704505523046,
  "PPO_optimizer_steps": 12,
  "PPO_phase_actions": 40,
  "PPO_policy_loss_mean": -0.003895098256180063,
  "PPO_return_std_mean": 0.3139789303143819,
  "PPO_rollout_sizes": "[16,16,8]",
  "PPO_samples": 40,
  "PPO_seed": 3196798417,
  "PPO_terminal_full_optimizer_steps": 0,
  "PPO_terminal_full_samples": 0,
  "PPO_terminal_full_update_time": 0.0,
  "PPO_terminal_full_updates": 0,
  "PPO_terminal_residual_optimizer_steps": 4,
  "PPO_terminal_residual_samples": 8,
  "PPO_terminal_residual_update_time": 0.01526427548378706,
  "PPO_terminal_residual_updates": 1,
  "PPO_update_count": 3,
  "PPO_value_loss_mean": 0.41469416829446953,
  "Population_size": 100,
  "Protocol": "saos_e4_replication_v8_20260722",
  "Reference_snapshot_sha256": "6286b6ac3ad977bc322da21c2a7ac4dd747710bb5cf5db898a89391366e900c6",
  "Replication_role": "outcome-informed_new-instance_replication",
  "Reward_HV_corr": 0.5630805227692134,
  "Spread": 1.2529128661448656,
  "TEC_best": 51590.661148480074,
  "Time": 76.44010496139526,
  "Transition_gen": 60,
  "Transition_reason": "coverage_stagnation",
  "WB_best": 199.99999999999943,
  "Worker_count": 40,
  "dataset": "Hurink_edata",
  "front_pickle": "results/resubmission/v8_e4_replication/fronts/Hurink_edata_la14_EnhancedNoBC_R16_g100_seed55.pkl",
  "instance": "la14.fjs",
  "rollout_size_planned": 16,
  "seed": 55,
  "state_dim": 78,
  "state_mode": "enhanced",
  "use_bc": false,
  "variant": "EnhancedNoBC_R16"
}