{
  "Action_seed": 934272733,
  "BC_confusion_matrix": "[]",
  "BC_epoch_accuracy": "[]",
  "BC_epoch_loss": "[]",
  "BC_final_accuracy": 0.0,
  "BC_final_loss": 0.0,
  "BC_pre_accuracy": 0.0,
  "BC_pre_loss": 0.0,
  "BC_pre_post_KL": 0.0,
  "BC_seed": 1720968262,
  "BC_time": 0.0,
  "Budget": 100,
  "CPU_time": 142.05396243199993,
  "Cmax_best": 3604.251113064242,
  "Code_hash": "557a8cdd80246d5b84433fd06619c5f4572fc6d1061cccffb6c59606560a1e14",
  "Config_hash": "be7c2577b7d6bd7368c96844c11c8dd3066fdcb2bf4dbc68ce6d9fecd95bdb34",
  "Config_json": "{\"rollout\":16,\"state_mode\":\"base_padded\",\"use_bc\":false,\"variant\":\"BasePaddedNoBC_R16\"}",
  "Demo_action_counts": "[7,7,6,5,5,5,5,6,4,5]",
  "Demo_forced_fraction": 0.36363636363636365,
  "Demo_label_entropy": 0.9939685506121413,
  "Demo_nn_disagreement": 0.9454545454545454,
  "Demo_samples": 55,
  "Demo_ucb_margin_median": 0.007431507110595703,
  "Design_hash": "4edc2f84691449d3c998d8b1c95abbc1bc9262603bbbe59f337e6dbe7707a226",
  "Enhanced_constant_feature_fraction": 0.0,
  "Enhanced_feature_samples": 0,
  "Enhanced_near_one_fraction": 0.0,
  "Enhanced_near_zero_fraction": 0.0,
  "Entropy_all": 0.9890725260998711,
  "Entropy_last20": 0.9284318117920506,
  "Execution_device": "cpu",
  "Front_semantic_sha256": "bf849663a0035cd140b349bf375bfa97c00a24dc6f7476c0b2d776e6ef82bac1",
  "Front_sha256": "9cdda05ab438d6bd664d20c0e93430e26f2cbefe2875bd7c3a564d28b133ef6d",
  "HV_local": 8323192106.622606,
  "Initial_evaluations": 100,
  "Input_hash": "c0c85be1ea5c2f7ddefbd1b40df4aee0d8f0eb2ee32af880c1ee2fe8b3c3c480",
  "Learning_time": 0.03456391021609306,
  "Max_generations": 100,
  "NSol": 8,
  "Network_seed": 147388563,
  "Offspring_evaluations": 10000,
  "Operator_counts": "[12,12,10,9,7,13,9,12,6,10]",
  "PPO_action_effective_updates": 2,
  "PPO_advantage_std_raw_mean": 0.3092178702354431,
  "PPO_approx_KL_mean": -0.0006476067577844505,
  "PPO_clip_fraction_mean": 0.0,
  "PPO_discarded_singletons": 0,
  "PPO_effective_optimizer_steps": 8,
  "PPO_effective_samples": 32,
  "PPO_effective_update_time": 0.022815454751253128,
  "PPO_entropy_mean": 2.2987094720204673,
  "PPO_explained_variance_pre_mean": 0.0051217277844746905,
  "PPO_gradient_norm_mean": 0.8401125073432922,
  "PPO_optimizer_steps": 12,
  "PPO_phase_actions": 45,
  "PPO_policy_loss_mean": -0.0016433026974430238,
  "PPO_return_std_mean": 0.30999751885732013,
  "PPO_rollout_sizes": "[16,16,13]",
  "PPO_samples": 45,
  "PPO_seed": 1905161551,
  "PPO_terminal_full_optimizer_steps": 0,
  "PPO_terminal_full_samples": 0,
  "PPO_terminal_full_update_time": 0.0,
  "PPO_terminal_full_updates": 0,
  "PPO_terminal_residual_optimizer_steps": 4,
  "PPO_terminal_residual_samples": 13,
  "PPO_terminal_residual_update_time": 0.011748455464839935,
  "PPO_terminal_residual_updates": 1,
  "PPO_update_count": 3,
  "PPO_value_loss_mean": 0.5437254011631012,
  "Population_size": 100,
  "Protocol": "saos_e4_replication_v8_20260722",
  "Reference_snapshot_sha256": "6286b6ac3ad977bc322da21c2a7ac4dd747710bb5cf5db898a89391366e900c6",
  "Replication_role": "outcome-informed_new-instance_replication",
  "Reward_HV_corr": 0.4770353188514361,
  "Spread": 0.7993189027324098,
  "TEC_best": 156885.0004119195,
  "Time": 142.55800771713257,
  "Transition_gen": 55,
  "Transition_reason": "coverage_stagnation",
  "WB_best": 406.99999999999864,
  "Worker_count": 40,
  "dataset": "Hurink_edata",
  "front_pickle": "results/resubmission/v8_e4_replication/fronts/Hurink_edata_la34_BasePaddedNoBC_R16_g100_seed56.pkl",
  "instance": "la34.fjs",
  "rollout_size_planned": 16,
  "seed": 56,
  "state_dim": 78,
  "state_mode": "base_padded",
  "use_bc": false,
  "variant": "BasePaddedNoBC_R16"
}