{
  "Action_seed": 3356307559,
  "BC_confusion_matrix": "[]",
  "BC_epoch_accuracy": "[]",
  "BC_epoch_loss": "[]",
  "BC_final_accuracy": 0.0,
  "BC_final_loss": 0.0,
  "BC_pre_accuracy": 0.0,
  "BC_pre_loss": 0.0,
  "BC_pre_post_KL": 0.0,
  "BC_seed": 4095219117,
  "BC_time": 0.0,
  "Budget": 100,
  "CPU_time": 73.30269080100015,
  "Cmax_best": 1534.3139369486962,
  "Code_hash": "557a8cdd80246d5b84433fd06619c5f4572fc6d1061cccffb6c59606560a1e14",
  "Config_hash": "316e38e4b56c803c83035f595d8dd9a9c89982fa5ff0ed20203d316fee9ea457",
  "Config_json": "{\"rollout\":16,\"state_mode\":\"enhanced\",\"use_bc\":false,\"variant\":\"EnhancedNoBC_R16\"}",
  "Demo_action_counts": "[7,6,6,5,5,5,5,6,4,5]",
  "Demo_forced_fraction": 0.37037037037037035,
  "Demo_label_entropy": 0.995266003143011,
  "Demo_nn_disagreement": 0.9629629629629629,
  "Demo_samples": 54,
  "Demo_ucb_margin_median": 0.011129617691040039,
  "Design_hash": "4edc2f84691449d3c998d8b1c95abbc1bc9262603bbbe59f337e6dbe7707a226",
  "Enhanced_constant_feature_fraction": 0.42592592592592593,
  "Enhanced_feature_samples": 46,
  "Enhanced_near_one_fraction": 0.037037037037037035,
  "Enhanced_near_zero_fraction": 0.3888888888888889,
  "Entropy_all": 0.9959181498719942,
  "Entropy_last20": 0.9545512436993874,
  "Execution_device": "cpu",
  "Front_semantic_sha256": "4ab6044a72fb3c324eb096bc5f97272c93b0ff1886f7a07daf24c50bc1ccbd73",
  "Front_sha256": "e50c8bb2661a924f791ed12a47dfc14fd0c183f9c8f3b7c9f4da5c240875d536",
  "HV_local": 452827717.0848173,
  "Initial_evaluations": 100,
  "Input_hash": "c0c85be1ea5c2f7ddefbd1b40df4aee0d8f0eb2ee32af880c1ee2fe8b3c3c480",
  "Learning_time": 0.036775785498321056,
  "Max_generations": 100,
  "NSol": 9,
  "Network_seed": 1262220414,
  "Offspring_evaluations": 10000,
  "Operator_counts": "[12,9,10,9,10,10,11,11,7,11]",
  "PPO_action_effective_updates": 2,
  "PPO_advantage_std_raw_mean": 0.40694671869277954,
  "PPO_approx_KL_mean": 0.0008339076533350939,
  "PPO_clip_fraction_mean": 0.0,
  "PPO_discarded_singletons": 0,
  "PPO_effective_optimizer_steps": 8,
  "PPO_effective_samples": 32,
  "PPO_effective_update_time": 0.024221661500632763,
  "PPO_entropy_mean": 2.3001993894577026,
  "PPO_explained_variance_pre_mean": 0.009524762630462646,
  "PPO_gradient_norm_mean": 1.203244298696518,
  "PPO_optimizer_steps": 12,
  "PPO_phase_actions": 46,
  "PPO_policy_loss_mean": -0.003875511879977367,
  "PPO_return_std_mean": 0.40876946846644086,
  "PPO_rollout_sizes": "[16,16,14]",
  "PPO_samples": 46,
  "PPO_seed": 3196798417,
  "PPO_terminal_full_optimizer_steps": 0,
  "PPO_terminal_full_samples": 0,
  "PPO_terminal_full_update_time": 0.0,
  "PPO_terminal_full_updates": 0,
  "PPO_terminal_residual_optimizer_steps": 4,
  "PPO_terminal_residual_samples": 14,
  "PPO_terminal_residual_update_time": 0.012554123997688293,
  "PPO_terminal_residual_updates": 1,
  "PPO_update_count": 3,
  "PPO_value_loss_mean": 0.6607328951358795,
  "Population_size": 100,
  "Protocol": "saos_e4_replication_v8_20260722",
  "Reference_snapshot_sha256": "6286b6ac3ad977bc322da21c2a7ac4dd747710bb5cf5db898a89391366e900c6",
  "Replication_role": "outcome-informed_new-instance_replication",
  "Reward_HV_corr": 0.5053722572131804,
  "Spread": 0.6386477604876936,
  "TEC_best": 56679.2518486298,
  "Time": 73.78201341629028,
  "Transition_gen": 54,
  "Transition_reason": "coverage_stagnation",
  "WB_best": 173.9999999999996,
  "Worker_count": 40,
  "dataset": "Hurink_edata",
  "front_pickle": "results/resubmission/v8_e4_replication/fronts/Hurink_edata_la19_EnhancedNoBC_R16_g100_seed55.pkl",
  "instance": "la19.fjs",
  "rollout_size_planned": 16,
  "seed": 55,
  "state_dim": 78,
  "state_mode": "enhanced",
  "use_bc": false,
  "variant": "EnhancedNoBC_R16"
}