{
  "Action_seed": 3835360792,
  "BC_confusion_matrix": "[]",
  "BC_epoch_accuracy": "[]",
  "BC_epoch_loss": "[]",
  "BC_final_accuracy": 0.0,
  "BC_final_loss": 0.0,
  "BC_pre_accuracy": 0.0,
  "BC_pre_loss": 0.0,
  "BC_pre_post_KL": 0.0,
  "BC_seed": 4057508279,
  "BC_time": 0.0,
  "Budget": 100,
  "CPU_time": 73.33106531700014,
  "Cmax_best": 1316.222655631283,
  "Code_hash": "557a8cdd80246d5b84433fd06619c5f4572fc6d1061cccffb6c59606560a1e14",
  "Config_hash": "316e38e4b56c803c83035f595d8dd9a9c89982fa5ff0ed20203d316fee9ea457",
  "Config_json": "{\"rollout\":16,\"state_mode\":\"enhanced\",\"use_bc\":false,\"variant\":\"EnhancedNoBC_R16\"}",
  "Demo_action_counts": "[7,7,8,7,5,5,5,6,4,5]",
  "Demo_forced_fraction": 0.3389830508474576,
  "Demo_label_entropy": 0.9907108880731775,
  "Demo_nn_disagreement": 0.8983050847457628,
  "Demo_samples": 59,
  "Demo_ucb_margin_median": 0.010767698287963867,
  "Design_hash": "4edc2f84691449d3c998d8b1c95abbc1bc9262603bbbe59f337e6dbe7707a226",
  "Enhanced_constant_feature_fraction": 0.42592592592592593,
  "Enhanced_feature_samples": 41,
  "Enhanced_near_one_fraction": 0.037037037037037035,
  "Enhanced_near_zero_fraction": 0.3888888888888889,
  "Entropy_all": 0.9952697284801075,
  "Entropy_last20": 0.882983055491438,
  "Execution_device": "cpu",
  "Front_semantic_sha256": "2fc3b6a4cf873fc9f981de8f8b2bf6676edd32f75339f39e2ff2a9ba52a4723f",
  "Front_sha256": "5a3bae2cd697756bd0b5c8f1f181c81cded310f72d90595e5e69b449ab84667d",
  "HV_local": 1033815356.8134371,
  "Initial_evaluations": 100,
  "Input_hash": "c0c85be1ea5c2f7ddefbd1b40df4aee0d8f0eb2ee32af880c1ee2fe8b3c3c480",
  "Learning_time": 0.049513816833496094,
  "Max_generations": 100,
  "NSol": 4,
  "Network_seed": 1790271553,
  "Offspring_evaluations": 10000,
  "Operator_counts": "[13,11,10,11,11,10,9,9,8,8]",
  "PPO_action_effective_updates": 2,
  "PPO_advantage_std_raw_mean": 0.3482087900241216,
  "PPO_approx_KL_mean": -0.0007604370229509586,
  "PPO_clip_fraction_mean": 0.0,
  "PPO_discarded_singletons": 0,
  "PPO_effective_optimizer_steps": 8,
  "PPO_effective_samples": 32,
  "PPO_effective_update_time": 0.037511540576815605,
  "PPO_entropy_mean": 2.298720101515452,
  "PPO_explained_variance_pre_mean": 0.0061321258544921875,
  "PPO_gradient_norm_mean": 0.9730406651894251,
  "PPO_optimizer_steps": 12,
  "PPO_phase_actions": 41,
  "PPO_policy_loss_mean": -0.0027642303849225356,
  "PPO_return_std_mean": 0.3491996079683304,
  "PPO_rollout_sizes": "[16,16,9]",
  "PPO_samples": 41,
  "PPO_seed": 13725029,
  "PPO_terminal_full_optimizer_steps": 0,
  "PPO_terminal_full_samples": 0,
  "PPO_terminal_full_update_time": 0.0,
  "PPO_terminal_full_updates": 0,
  "PPO_terminal_residual_optimizer_steps": 4,
  "PPO_terminal_residual_samples": 9,
  "PPO_terminal_residual_update_time": 0.012002276256680489,
  "PPO_terminal_residual_updates": 1,
  "PPO_update_count": 3,
  "PPO_value_loss_mean": 0.6201371724406878,
  "Population_size": 100,
  "Protocol": "saos_e4_replication_v8_20260722",
  "Reference_snapshot_sha256": "6286b6ac3ad977bc322da21c2a7ac4dd747710bb5cf5db898a89391366e900c6",
  "Replication_role": "outcome-informed_new-instance_replication",
  "Reward_HV_corr": 0.518763317750702,
  "Spread": 1.226996795542306,
  "TEC_best": 51803.97376003197,
  "Time": 73.57191228866577,
  "Transition_gen": 59,
  "Transition_reason": "coverage_stagnation",
  "WB_best": 280.9999999999996,
  "Worker_count": 40,
  "dataset": "Hurink_edata",
  "front_pickle": "results/resubmission/v8_e4_replication/fronts/Hurink_edata_la17_EnhancedNoBC_R16_g100_seed52.pkl",
  "instance": "la17.fjs",
  "rollout_size_planned": 16,
  "seed": 52,
  "state_dim": 78,
  "state_mode": "enhanced",
  "use_bc": false,
  "variant": "EnhancedNoBC_R16"
}