{
  "Action_seed": 3835360792,
  "BC_confusion_matrix": "[]",
  "BC_epoch_accuracy": "[]",
  "BC_epoch_loss": "[]",
  "BC_final_accuracy": 0.0,
  "BC_final_loss": 0.0,
  "BC_pre_accuracy": 0.0,
  "BC_pre_loss": 0.0,
  "BC_pre_post_KL": 0.0,
  "BC_seed": 4057508279,
  "BC_time": 0.0,
  "Budget": 100,
  "CPU_time": 73.16062308000005,
  "Cmax_best": 1358.2522294547528,
  "Code_hash": "557a8cdd80246d5b84433fd06619c5f4572fc6d1061cccffb6c59606560a1e14",
  "Config_hash": "be7c2577b7d6bd7368c96844c11c8dd3066fdcb2bf4dbc68ce6d9fecd95bdb34",
  "Config_json": "{\"rollout\":16,\"state_mode\":\"base_padded\",\"use_bc\":false,\"variant\":\"BasePaddedNoBC_R16\"}",
  "Demo_action_counts": "[7,7,7,5,5,5,5,6,4,5]",
  "Demo_forced_fraction": 0.35714285714285715,
  "Demo_label_entropy": 0.9928584481434577,
  "Demo_nn_disagreement": 0.9285714285714286,
  "Demo_samples": 56,
  "Demo_ucb_margin_median": 0.009819388389587402,
  "Design_hash": "4edc2f84691449d3c998d8b1c95abbc1bc9262603bbbe59f337e6dbe7707a226",
  "Enhanced_constant_feature_fraction": 0.0,
  "Enhanced_feature_samples": 0,
  "Enhanced_near_one_fraction": 0.0,
  "Enhanced_near_zero_fraction": 0.0,
  "Entropy_all": 0.9949228957325351,
  "Entropy_last20": 0.8153984349425499,
  "Execution_device": "cpu",
  "Front_semantic_sha256": "93a00b99ed11936317bfe724f18f447fced21d56e9a7fda760c63e532f9cbd03",
  "Front_sha256": "fce8ebcb844ba56a16401c944354a5829344ef45f0edecddcf5eb95eb5055af4",
  "HV_local": 383100086.70415443,
  "Initial_evaluations": 100,
  "Input_hash": "c0c85be1ea5c2f7ddefbd1b40df4aee0d8f0eb2ee32af880c1ee2fe8b3c3c480",
  "Learning_time": 0.036930893547832966,
  "Max_generations": 100,
  "NSol": 9,
  "Network_seed": 1790271553,
  "Offspring_evaluations": 10000,
  "Operator_counts": "[13,11,9,9,11,12,9,9,9,8]",
  "PPO_action_effective_updates": 2,
  "PPO_advantage_std_raw_mean": 0.3678555488586426,
  "PPO_approx_KL_mean": -8.529300288910117e-05,
  "PPO_clip_fraction_mean": 0.0,
  "PPO_discarded_singletons": 0,
  "PPO_effective_optimizer_steps": 8,
  "PPO_effective_samples": 32,
  "PPO_effective_update_time": 0.023785961791872978,
  "PPO_entropy_mean": 2.299474835395813,
  "PPO_explained_variance_pre_mean": 0.00296094020207723,
  "PPO_gradient_norm_mean": 0.8505864093701044,
  "PPO_optimizer_steps": 12,
  "PPO_phase_actions": 44,
  "PPO_policy_loss_mean": -0.001179289227972428,
  "PPO_return_std_mean": 0.36842983961105347,
  "PPO_rollout_sizes": "[16,16,12]",
  "PPO_samples": 44,
  "PPO_seed": 13725029,
  "PPO_terminal_full_optimizer_steps": 0,
  "PPO_terminal_full_samples": 0,
  "PPO_terminal_full_update_time": 0.0,
  "PPO_terminal_full_updates": 0,
  "PPO_terminal_residual_optimizer_steps": 4,
  "PPO_terminal_residual_samples": 12,
  "PPO_terminal_residual_update_time": 0.013144931755959988,
  "PPO_terminal_residual_updates": 1,
  "PPO_update_count": 3,
  "PPO_value_loss_mean": 0.7309534425536791,
  "Population_size": 100,
  "Protocol": "saos_e4_replication_v8_20260722",
  "Reference_snapshot_sha256": "6286b6ac3ad977bc322da21c2a7ac4dd747710bb5cf5db898a89391366e900c6",
  "Replication_role": "outcome-informed_new-instance_replication",
  "Reward_HV_corr": 0.3942473687374733,
  "Spread": 1.3958240222325151,
  "TEC_best": 60892.262551330736,
  "Time": 73.290367603302,
  "Transition_gen": 56,
  "Transition_reason": "coverage_stagnation",
  "WB_best": 209.9999999999996,
  "Worker_count": 40,
  "dataset": "Hurink_edata",
  "front_pickle": "results/resubmission/v8_e4_replication/fronts/Hurink_edata_la18_BasePaddedNoBC_R16_g100_seed52.pkl",
  "instance": "la18.fjs",
  "rollout_size_planned": 16,
  "seed": 52,
  "state_dim": 78,
  "state_mode": "base_padded",
  "use_bc": false,
  "variant": "BasePaddedNoBC_R16"
}