{
  "Action_seed": 934272733,
  "BC_confusion_matrix": "[]",
  "BC_epoch_accuracy": "[]",
  "BC_epoch_loss": "[]",
  "BC_final_accuracy": 0.0,
  "BC_final_loss": 0.0,
  "BC_pre_accuracy": 0.0,
  "BC_pre_loss": 0.0,
  "BC_pre_post_KL": 0.0,
  "BC_seed": 1720968262,
  "BC_time": 0.0,
  "Budget": 100,
  "CPU_time": 68.678503988,
  "Cmax_best": 50.32775017979215,
  "Code_hash": "557a8cdd80246d5b84433fd06619c5f4572fc6d1061cccffb6c59606560a1e14",
  "Config_hash": "be7c2577b7d6bd7368c96844c11c8dd3066fdcb2bf4dbc68ce6d9fecd95bdb34",
  "Config_json": "{\"rollout\":16,\"state_mode\":\"base_padded\",\"use_bc\":false,\"variant\":\"BasePaddedNoBC_R16\"}",
  "Demo_action_counts": "[7,6,5,5,5,5,6,4,5,6]",
  "Demo_forced_fraction": 0.37037037037037035,
  "Demo_label_entropy": 0.995266003143011,
  "Demo_nn_disagreement": 1.0,
  "Demo_samples": 54,
  "Demo_ucb_margin_median": 0.006101846694946289,
  "Design_hash": "4edc2f84691449d3c998d8b1c95abbc1bc9262603bbbe59f337e6dbe7707a226",
  "Enhanced_constant_feature_fraction": 0.0,
  "Enhanced_feature_samples": 0,
  "Enhanced_near_one_fraction": 0.0,
  "Enhanced_near_zero_fraction": 0.0,
  "Entropy_all": 0.9923836724880515,
  "Entropy_last20": 0.9170696227168975,
  "Execution_device": "cpu",
  "Front_semantic_sha256": "0ac255b677e42d11e528ac59e0bd28d76171badf60b3af98d0fbeb7acd02401a",
  "Front_sha256": "f816417439a4fa8fd612e6635646a95de5d4ab746e6a621be0ecd834d8e80e4d",
  "HV_local": 940741.6719888609,
  "Initial_evaluations": 100,
  "Input_hash": "c0c85be1ea5c2f7ddefbd1b40df4aee0d8f0eb2ee32af880c1ee2fe8b3c3c480",
  "Learning_time": 0.04724495392292738,
  "Max_generations": 100,
  "NSol": 59,
  "Network_seed": 147388563,
  "Offspring_evaluations": 10000,
  "Operator_counts": "[12,11,10,9,7,13,10,10,7,11]",
  "PPO_action_effective_updates": 2,
  "PPO_advantage_std_raw_mean": 0.2384351392587026,
  "PPO_approx_KL_mean": -0.0004645318143351081,
  "PPO_clip_fraction_mean": 0.0,
  "PPO_discarded_singletons": 0,
  "PPO_effective_optimizer_steps": 8,
  "PPO_effective_samples": 32,
  "PPO_effective_update_time": 0.03364980313926935,
  "PPO_entropy_mean": 2.2987741430600486,
  "PPO_explained_variance_pre_mean": 0.0014814337094624837,
  "PPO_gradient_norm_mean": 0.7241777330636978,
  "PPO_optimizer_steps": 12,
  "PPO_phase_actions": 46,
  "PPO_policy_loss_mean": -0.0015150202962104231,
  "PPO_return_std_mean": 0.23873464266459146,
  "PPO_rollout_sizes": "[16,16,14]",
  "PPO_samples": 46,
  "PPO_seed": 1905161551,
  "PPO_terminal_full_optimizer_steps": 0,
  "PPO_terminal_full_samples": 0,
  "PPO_terminal_full_update_time": 0.0,
  "PPO_terminal_full_updates": 0,
  "PPO_terminal_residual_optimizer_steps": 4,
  "PPO_terminal_residual_samples": 14,
  "PPO_terminal_residual_update_time": 0.013595150783658028,
  "PPO_terminal_residual_updates": 1,
  "PPO_update_count": 3,
  "PPO_value_loss_mean": 0.3859390119711558,
  "Population_size": 100,
  "Protocol": "saos_e4_replication_v8_20260722",
  "Reference_snapshot_sha256": "6286b6ac3ad977bc322da21c2a7ac4dd747710bb5cf5db898a89391366e900c6",
  "Replication_role": "outcome-informed_new-instance_replication",
  "Reward_HV_corr": 0.5825208109573659,
  "Spread": 0.6334574822582941,
  "TEC_best": 1634.0751207755532,
  "Time": 69.18498063087463,
  "Transition_gen": 54,
  "Transition_reason": "coverage_stagnation",
  "WB_best": 2.9999999999999893,
  "Worker_count": 40,
  "dataset": "Brandimarte",
  "front_pickle": "results/resubmission/v8_e4_replication/fronts/Brandimarte_Mk02_BasePaddedNoBC_R16_g100_seed56.pkl",
  "instance": "Mk02.fjs",
  "rollout_size_planned": 16,
  "seed": 56,
  "state_dim": 78,
  "state_mode": "base_padded",
  "use_bc": false,
  "variant": "BasePaddedNoBC_R16"
}