{
  "Action_seed": 3356307559,
  "BC_confusion_matrix": "[]",
  "BC_epoch_accuracy": "[]",
  "BC_epoch_loss": "[]",
  "BC_final_accuracy": 0.0,
  "BC_final_loss": 0.0,
  "BC_pre_accuracy": 0.0,
  "BC_pre_loss": 0.0,
  "BC_pre_post_KL": 0.0,
  "BC_seed": 4095219117,
  "BC_time": 0.0,
  "Budget": 100,
  "CPU_time": 58.14402233199996,
  "Cmax_best": 725.5839420439369,
  "Code_hash": "557a8cdd80246d5b84433fd06619c5f4572fc6d1061cccffb6c59606560a1e14",
  "Config_hash": "be7c2577b7d6bd7368c96844c11c8dd3066fdcb2bf4dbc68ce6d9fecd95bdb34",
  "Config_json": "{\"rollout\":16,\"state_mode\":\"base_padded\",\"use_bc\":false,\"variant\":\"BasePaddedNoBC_R16\"}",
  "Demo_action_counts": "[4,3,4,3,3,3,3,3,3,3]",
  "Demo_forced_fraction": 0.625,
  "Demo_label_entropy": 0.9967940394481686,
  "Demo_nn_disagreement": 1.0,
  "Demo_samples": 32,
  "Demo_ucb_margin_median": 0.0,
  "Design_hash": "4edc2f84691449d3c998d8b1c95abbc1bc9262603bbbe59f337e6dbe7707a226",
  "Enhanced_constant_feature_fraction": 0.0,
  "Enhanced_feature_samples": 0,
  "Enhanced_near_one_fraction": 0.0,
  "Enhanced_near_zero_fraction": 0.0,
  "Entropy_all": 0.9874313495743873,
  "Entropy_last20": 0.9057074336417444,
  "Execution_device": "cpu",
  "Front_semantic_sha256": "24a741912207576b5cdb3b24d0b0a744725f934dd1741ab1c096fc2fb02e2619",
  "Front_sha256": "cb2b44c005b214a9ff8068a3bb6b514f64c3ad0caa25e3e89b618e4d915bd16b",
  "HV_local": 49555932.52361043,
  "Initial_evaluations": 100,
  "Input_hash": "c0c85be1ea5c2f7ddefbd1b40df4aee0d8f0eb2ee32af880c1ee2fe8b3c3c480",
  "Learning_time": 0.08200149331241846,
  "Max_generations": 100,
  "NSol": 4,
  "Network_seed": 1262220414,
  "Offspring_evaluations": 10000,
  "Operator_counts": "[7,7,9,8,14,11,11,13,8,12]",
  "PPO_action_effective_updates": 4,
  "PPO_advantage_std_raw_mean": 0.34253628104925155,
  "PPO_approx_KL_mean": 0.0004936836659908295,
  "PPO_clip_fraction_mean": 0.0,
  "PPO_discarded_singletons": 0,
  "PPO_effective_optimizer_steps": 16,
  "PPO_effective_samples": 64,
  "PPO_effective_update_time": 0.06719529628753662,
  "PPO_entropy_mean": 2.2992594242095947,
  "PPO_explained_variance_pre_mean": -0.005374836921691895,
  "PPO_gradient_norm_mean": 0.9312739819288254,
  "PPO_optimizer_steps": 20,
  "PPO_phase_actions": 68,
  "PPO_policy_loss_mean": -0.0015868237242102623,
  "PPO_return_std_mean": 0.34133517146110537,
  "PPO_rollout_sizes": "[16,16,16,16,4]",
  "PPO_samples": 68,
  "PPO_seed": 3196798417,
  "PPO_terminal_full_optimizer_steps": 0,
  "PPO_terminal_full_samples": 0,
  "PPO_terminal_full_update_time": 0.0,
  "PPO_terminal_full_updates": 0,
  "PPO_terminal_residual_optimizer_steps": 4,
  "PPO_terminal_residual_samples": 4,
  "PPO_terminal_residual_update_time": 0.01480619702488184,
  "PPO_terminal_residual_updates": 1,
  "PPO_update_count": 5,
  "PPO_value_loss_mean": 0.6707836287096143,
  "Population_size": 100,
  "Protocol": "saos_e4_replication_v8_20260722",
  "Reference_snapshot_sha256": "6286b6ac3ad977bc322da21c2a7ac4dd747710bb5cf5db898a89391366e900c6",
  "Replication_role": "outcome-informed_new-instance_replication",
  "Reward_HV_corr": 0.39322420620338244,
  "Spread": 0.9741900859741227,
  "TEC_best": 19915.225521479253,
  "Time": 58.42923378944397,
  "Transition_gen": 32,
  "Transition_reason": "coverage_stagnation",
  "WB_best": 86.99999999999972,
  "Worker_count": 40,
  "dataset": "Hurink_edata",
  "front_pickle": "results/resubmission/v8_e4_replication/fronts/Hurink_edata_la03_BasePaddedNoBC_R16_g100_seed55.pkl",
  "instance": "la03.fjs",
  "rollout_size_planned": 16,
  "seed": 55,
  "state_dim": 78,
  "state_mode": "base_padded",
  "use_bc": false,
  "variant": "BasePaddedNoBC_R16"
}