{
  "Action_seed": 3356307559,
  "BC_confusion_matrix": "[]",
  "BC_epoch_accuracy": "[]",
  "BC_epoch_loss": "[]",
  "BC_final_accuracy": 0.0,
  "BC_final_loss": 0.0,
  "BC_pre_accuracy": 0.0,
  "BC_pre_loss": 0.0,
  "BC_pre_post_KL": 0.0,
  "BC_seed": 4095219117,
  "BC_time": 0.0,
  "Budget": 100,
  "CPU_time": 79.54696581099984,
  "Cmax_best": 1550.497998333278,
  "Code_hash": "557a8cdd80246d5b84433fd06619c5f4572fc6d1061cccffb6c59606560a1e14",
  "Config_hash": "be7c2577b7d6bd7368c96844c11c8dd3066fdcb2bf4dbc68ce6d9fecd95bdb34",
  "Config_json": "{\"rollout\":16,\"state_mode\":\"base_padded\",\"use_bc\":false,\"variant\":\"BasePaddedNoBC_R16\"}",
  "Demo_action_counts": "[7,6,6,5,5,5,5,6,4,5]",
  "Demo_forced_fraction": 0.37037037037037035,
  "Demo_label_entropy": 0.995266003143011,
  "Demo_nn_disagreement": 0.9814814814814815,
  "Demo_samples": 54,
  "Demo_ucb_margin_median": 0.011129617691040039,
  "Design_hash": "4edc2f84691449d3c998d8b1c95abbc1bc9262603bbbe59f337e6dbe7707a226",
  "Enhanced_constant_feature_fraction": 0.0,
  "Enhanced_feature_samples": 0,
  "Enhanced_near_one_fraction": 0.0,
  "Enhanced_near_zero_fraction": 0.0,
  "Entropy_all": 0.9959181498719942,
  "Entropy_last20": 0.9659134327745404,
  "Execution_device": "cpu",
  "Front_semantic_sha256": "cd6d5fbd2f80d5cd89ec53aa039fa95e8bd0aadd3123e8f715687bf42fdc4c95",
  "Front_sha256": "61c3c6bfe3d07381b51451109360d6230a6b62c31a55a86f73a29d4a186cc7a3",
  "HV_local": 618613132.4074764,
  "Initial_evaluations": 100,
  "Input_hash": "c0c85be1ea5c2f7ddefbd1b40df4aee0d8f0eb2ee32af880c1ee2fe8b3c3c480",
  "Learning_time": 0.04337240569293499,
  "Max_generations": 100,
  "NSol": 18,
  "Network_seed": 1262220414,
  "Offspring_evaluations": 10000,
  "Operator_counts": "[10,9,10,9,12,10,11,11,7,11]",
  "PPO_action_effective_updates": 2,
  "PPO_advantage_std_raw_mean": 0.3983234365781148,
  "PPO_approx_KL_mean": 0.0004120676643479075,
  "PPO_clip_fraction_mean": 0.0,
  "PPO_discarded_singletons": 0,
  "PPO_effective_optimizer_steps": 8,
  "PPO_effective_samples": 32,
  "PPO_effective_update_time": 0.02912116702646017,
  "PPO_entropy_mean": 2.2994286815325418,
  "PPO_explained_variance_pre_mean": 0.0021907687187194824,
  "PPO_gradient_norm_mean": 0.8941126267115275,
  "PPO_optimizer_steps": 12,
  "PPO_phase_actions": 46,
  "PPO_policy_loss_mean": -0.0017057019029470173,
  "PPO_return_std_mean": 0.39872394998868305,
  "PPO_rollout_sizes": "[16,16,14]",
  "PPO_samples": 46,
  "PPO_seed": 3196798417,
  "PPO_terminal_full_optimizer_steps": 0,
  "PPO_terminal_full_samples": 0,
  "PPO_terminal_full_update_time": 0.0,
  "PPO_terminal_full_updates": 0,
  "PPO_terminal_residual_optimizer_steps": 4,
  "PPO_terminal_residual_samples": 14,
  "PPO_terminal_residual_update_time": 0.01425123866647482,
  "PPO_terminal_residual_updates": 1,
  "PPO_update_count": 3,
  "PPO_value_loss_mean": 0.6293000330527624,
  "Population_size": 100,
  "Protocol": "saos_e4_replication_v8_20260722",
  "Reference_snapshot_sha256": "6286b6ac3ad977bc322da21c2a7ac4dd747710bb5cf5db898a89391366e900c6",
  "Replication_role": "outcome-informed_new-instance_replication",
  "Reward_HV_corr": 0.4950362026460488,
  "Spread": 0.538924223455473,
  "TEC_best": 56885.41997843139,
  "Time": 80.02125287055969,
  "Transition_gen": 54,
  "Transition_reason": "coverage_stagnation",
  "WB_best": 173.9999999999996,
  "Worker_count": 40,
  "dataset": "Hurink_edata",
  "front_pickle": "results/resubmission/v8_e4_replication/fronts/Hurink_edata_la19_BasePaddedNoBC_R16_g100_seed55.pkl",
  "instance": "la19.fjs",
  "rollout_size_planned": 16,
  "seed": 55,
  "state_dim": 78,
  "state_mode": "base_padded",
  "use_bc": false,
  "variant": "BasePaddedNoBC_R16"
}