{
  "Action_seed": 3835360792,
  "BC_confusion_matrix": "[]",
  "BC_epoch_accuracy": "[]",
  "BC_epoch_loss": "[]",
  "BC_final_accuracy": 0.0,
  "BC_final_loss": 0.0,
  "BC_pre_accuracy": 0.0,
  "BC_pre_loss": 0.0,
  "BC_pre_post_KL": 0.0,
  "BC_seed": 4057508279,
  "BC_time": 0.0,
  "Budget": 100,
  "CPU_time": 54.28202297200005,
  "Cmax_best": 733.5556352740667,
  "Code_hash": "557a8cdd80246d5b84433fd06619c5f4572fc6d1061cccffb6c59606560a1e14",
  "Config_hash": "316e38e4b56c803c83035f595d8dd9a9c89982fa5ff0ed20203d316fee9ea457",
  "Config_json": "{\"rollout\":16,\"state_mode\":\"enhanced\",\"use_bc\":false,\"variant\":\"EnhancedNoBC_R16\"}",
  "Demo_action_counts": "[7,6,7,6,5,5,5,6,5,6]",
  "Demo_forced_fraction": 0.3448275862068966,
  "Demo_label_entropy": 0.9964210512159125,
  "Demo_nn_disagreement": 0.9310344827586207,
  "Demo_samples": 58,
  "Demo_ucb_margin_median": 0.005600631237030029,
  "Design_hash": "4edc2f84691449d3c998d8b1c95abbc1bc9262603bbbe59f337e6dbe7707a226",
  "Enhanced_constant_feature_fraction": 0.42592592592592593,
  "Enhanced_feature_samples": 42,
  "Enhanced_near_one_fraction": 0.037037037037037035,
  "Enhanced_near_zero_fraction": 0.3888888888888889,
  "Entropy_all": 0.9966718442176055,
  "Entropy_last20": 0.8642422450001931,
  "Execution_device": "cpu",
  "Front_semantic_sha256": "f1ea38cc5521cc7f9834ae017bf3fb372c317a8a24f99db52cab12e82219703c",
  "Front_sha256": "c32e586993d632456d956dfa13bf503c9172256f73672280d5d046c4ab13767d",
  "HV_local": 196588320.6004023,
  "Initial_evaluations": 100,
  "Input_hash": "c0c85be1ea5c2f7ddefbd1b40df4aee0d8f0eb2ee32af880c1ee2fe8b3c3c480",
  "Learning_time": 0.041386861354112625,
  "Max_generations": 100,
  "NSol": 9,
  "Network_seed": 1790271553,
  "Offspring_evaluations": 10000,
  "Operator_counts": "[13,10,9,10,11,11,9,9,9,9]",
  "PPO_action_effective_updates": 2,
  "PPO_advantage_std_raw_mean": 0.29695556064446765,
  "PPO_approx_KL_mean": -0.0007729833324144527,
  "PPO_clip_fraction_mean": 0.0,
  "PPO_discarded_singletons": 0,
  "PPO_effective_optimizer_steps": 8,
  "PPO_effective_samples": 32,
  "PPO_effective_update_time": 0.028796877712011337,
  "PPO_entropy_mean": 2.298605521519979,
  "PPO_explained_variance_pre_mean": 0.006778220335642497,
  "PPO_gradient_norm_mean": 0.8417861486474673,
  "PPO_optimizer_steps": 12,
  "PPO_phase_actions": 42,
  "PPO_policy_loss_mean": -0.0022142243620084656,
  "PPO_return_std_mean": 0.29798615475495654,
  "PPO_rollout_sizes": "[16,16,10]",
  "PPO_samples": 42,
  "PPO_seed": 13725029,
  "PPO_terminal_full_optimizer_steps": 0,
  "PPO_terminal_full_samples": 0,
  "PPO_terminal_full_update_time": 0.0,
  "PPO_terminal_full_updates": 0,
  "PPO_terminal_residual_optimizer_steps": 4,
  "PPO_terminal_residual_samples": 10,
  "PPO_terminal_residual_update_time": 0.012589983642101288,
  "PPO_terminal_residual_updates": 1,
  "PPO_update_count": 3,
  "PPO_value_loss_mean": 0.46970178248981637,
  "Population_size": 100,
  "Protocol": "saos_e4_replication_v8_20260722",
  "Reference_snapshot_sha256": "6286b6ac3ad977bc322da21c2a7ac4dd747710bb5cf5db898a89391366e900c6",
  "Replication_role": "outcome-informed_new-instance_replication",
  "Reward_HV_corr": 0.5492847214122266,
  "Spread": 0.9994781145913555,
  "TEC_best": 19755.085007190504,
  "Time": 54.497740745544434,
  "Transition_gen": 58,
  "Transition_reason": "coverage_stagnation",
  "WB_best": 86.99999999999972,
  "Worker_count": 40,
  "dataset": "Hurink_edata",
  "front_pickle": "results/resubmission/v8_e4_replication/fronts/Hurink_edata_la03_EnhancedNoBC_R16_g100_seed52.pkl",
  "instance": "la03.fjs",
  "rollout_size_planned": 16,
  "seed": 52,
  "state_dim": 78,
  "state_mode": "enhanced",
  "use_bc": false,
  "variant": "EnhancedNoBC_R16"
}