{
  "Action_seed": 3835360792,
  "BC_confusion_matrix": "[]",
  "BC_epoch_accuracy": "[]",
  "BC_epoch_loss": "[]",
  "BC_final_accuracy": 0.0,
  "BC_final_loss": 0.0,
  "BC_pre_accuracy": 0.0,
  "BC_pre_loss": 0.0,
  "BC_pre_post_KL": 0.0,
  "BC_seed": 4057508279,
  "BC_time": 0.0,
  "Budget": 100,
  "CPU_time": 64.00976349899997,
  "Cmax_best": 1098.7034210262957,
  "Code_hash": "557a8cdd80246d5b84433fd06619c5f4572fc6d1061cccffb6c59606560a1e14",
  "Config_hash": "316e38e4b56c803c83035f595d8dd9a9c89982fa5ff0ed20203d316fee9ea457",
  "Config_json": "{\"rollout\":16,\"state_mode\":\"enhanced\",\"use_bc\":false,\"variant\":\"EnhancedNoBC_R16\"}",
  "Demo_action_counts": "[6,5,6,5,5,4,5,6,5,5]",
  "Demo_forced_fraction": 0.38461538461538464,
  "Demo_label_entropy": 0.9970790628213763,
  "Demo_nn_disagreement": 0.9615384615384616,
  "Demo_samples": 52,
  "Demo_ucb_margin_median": 0.008464217185974121,
  "Design_hash": "4edc2f84691449d3c998d8b1c95abbc1bc9262603bbbe59f337e6dbe7707a226",
  "Enhanced_constant_feature_fraction": 0.42592592592592593,
  "Enhanced_feature_samples": 48,
  "Enhanced_near_one_fraction": 0.037037037037037035,
  "Enhanced_near_zero_fraction": 0.3888888888888889,
  "Entropy_all": 0.9957047496970514,
  "Entropy_last20": 0.9284318117920506,
  "Execution_device": "cpu",
  "Front_semantic_sha256": "3cf4b4e43a7ff710b82f437c3baa8b3bb6ba6c3ef45400d2031f34231f1a6c0a",
  "Front_sha256": "21019ea1c2f9f7507b11aebaa401061bc3750593bffe2f33724d8f41c11fbf01",
  "HV_local": 14515947478.109474,
  "Initial_evaluations": 100,
  "Input_hash": "c0c85be1ea5c2f7ddefbd1b40df4aee0d8f0eb2ee32af880c1ee2fe8b3c3c480",
  "Learning_time": 0.03788704238831997,
  "Max_generations": 100,
  "NSol": 14,
  "Network_seed": 1790271553,
  "Offspring_evaluations": 10000,
  "Operator_counts": "[13,10,8,9,11,11,10,10,10,8]",
  "PPO_action_effective_updates": 2,
  "PPO_advantage_std_raw_mean": 0.32402636607487995,
  "PPO_approx_KL_mean": -0.001044762631257375,
  "PPO_clip_fraction_mean": 0.0,
  "PPO_discarded_singletons": 0,
  "PPO_effective_optimizer_steps": 8,
  "PPO_effective_samples": 32,
  "PPO_effective_update_time": 0.025802116841077805,
  "PPO_entropy_mean": 2.298670490582784,
  "PPO_explained_variance_pre_mean": 0.002612511316935221,
  "PPO_gradient_norm_mean": 0.902055819829305,
  "PPO_optimizer_steps": 12,
  "PPO_phase_actions": 48,
  "PPO_policy_loss_mean": -0.0022929887054488063,
  "PPO_return_std_mean": 0.3244762619336446,
  "PPO_rollout_sizes": "[16,16,16]",
  "PPO_samples": 48,
  "PPO_seed": 13725029,
  "PPO_terminal_full_optimizer_steps": 4,
  "PPO_terminal_full_samples": 16,
  "PPO_terminal_full_update_time": 0.012084925547242165,
  "PPO_terminal_full_updates": 1,
  "PPO_terminal_residual_optimizer_steps": 0,
  "PPO_terminal_residual_samples": 0,
  "PPO_terminal_residual_update_time": 0.0,
  "PPO_terminal_residual_updates": 0,
  "PPO_update_count": 3,
  "PPO_value_loss_mean": 0.49605240921179455,
  "Population_size": 100,
  "Protocol": "saos_e4_replication_v8_20260722",
  "Reference_snapshot_sha256": "6286b6ac3ad977bc322da21c2a7ac4dd747710bb5cf5db898a89391366e900c6",
  "Replication_role": "outcome-informed_new-instance_replication",
  "Reward_HV_corr": 0.4427178580516601,
  "Spread": 1.0446726851543948,
  "TEC_best": 35699.78133855695,
  "Time": 64.34653925895691,
  "Transition_gen": 52,
  "Transition_reason": "coverage_stagnation",
  "WB_best": 185.99999999999943,
  "Worker_count": 40,
  "dataset": "Hurink_edata",
  "front_pickle": "results/resubmission/v8_e4_replication/fronts/Hurink_edata_la08_EnhancedNoBC_R16_g100_seed52.pkl",
  "instance": "la08.fjs",
  "rollout_size_planned": 16,
  "seed": 52,
  "state_dim": 78,
  "state_mode": "enhanced",
  "use_bc": false,
  "variant": "EnhancedNoBC_R16"
}