{
  "Action_seed": 3835360792,
  "BC_confusion_matrix": "[]",
  "BC_epoch_accuracy": "[]",
  "BC_epoch_loss": "[]",
  "BC_final_accuracy": 0.0,
  "BC_final_loss": 0.0,
  "BC_pre_accuracy": 0.0,
  "BC_pre_loss": 0.0,
  "BC_pre_post_KL": 0.0,
  "BC_seed": 4057508279,
  "BC_time": 0.0,
  "Budget": 100,
  "CPU_time": 62.81006423600002,
  "Cmax_best": 1035.2062228872626,
  "Code_hash": "557a8cdd80246d5b84433fd06619c5f4572fc6d1061cccffb6c59606560a1e14",
  "Config_hash": "be7c2577b7d6bd7368c96844c11c8dd3066fdcb2bf4dbc68ce6d9fecd95bdb34",
  "Config_json": "{\"rollout\":16,\"state_mode\":\"base_padded\",\"use_bc\":false,\"variant\":\"BasePaddedNoBC_R16\"}",
  "Demo_action_counts": "[4,3,4,3,3,3,3,4,3,3]",
  "Demo_forced_fraction": 0.6060606060606061,
  "Demo_label_entropy": 0.9959604173006614,
  "Demo_nn_disagreement": 0.9696969696969697,
  "Demo_samples": 33,
  "Demo_ucb_margin_median": 0.0,
  "Design_hash": "4edc2f84691449d3c998d8b1c95abbc1bc9262603bbbe59f337e6dbe7707a226",
  "Enhanced_constant_feature_fraction": 0.0,
  "Enhanced_feature_samples": 0,
  "Enhanced_near_one_fraction": 0.0,
  "Enhanced_near_zero_fraction": 0.0,
  "Entropy_all": 0.9863392557467274,
  "Entropy_last20": 0.7368404288721235,
  "Execution_device": "cpu",
  "Front_semantic_sha256": "f17cd8ed78d6c279e5f85f780758b61083bb78acc78bda95fc213b66229bc412",
  "Front_sha256": "3fb98ea2d3b70c877694ac7f029312299d0dd712502351436ac5321dab1cf9cd",
  "HV_local": 30242525.63933966,
  "Initial_evaluations": 100,
  "Input_hash": "c0c85be1ea5c2f7ddefbd1b40df4aee0d8f0eb2ee32af880c1ee2fe8b3c3c480",
  "Learning_time": 0.06114415172487497,
  "Max_generations": 100,
  "NSol": 3,
  "Network_seed": 1790271553,
  "Offspring_evaluations": 10000,
  "Operator_counts": "[14,8,9,12,14,10,7,8,11,7]",
  "PPO_action_effective_updates": 4,
  "PPO_advantage_std_raw_mean": 0.41647514402866365,
  "PPO_approx_KL_mean": -0.0004593330122588668,
  "PPO_clip_fraction_mean": 0.0,
  "PPO_discarded_singletons": 0,
  "PPO_effective_optimizer_steps": 16,
  "PPO_effective_samples": 64,
  "PPO_effective_update_time": 0.049674125388264656,
  "PPO_entropy_mean": 2.2994343757629396,
  "PPO_explained_variance_pre_mean": 0.002403891086578369,
  "PPO_gradient_norm_mean": 1.0465420305728912,
  "PPO_optimizer_steps": 20,
  "PPO_phase_actions": 67,
  "PPO_policy_loss_mean": -0.0010241116513498127,
  "PPO_return_std_mean": 0.41693379878997805,
  "PPO_rollout_sizes": "[16,16,16,16,3]",
  "PPO_samples": 67,
  "PPO_seed": 13725029,
  "PPO_terminal_full_optimizer_steps": 0,
  "PPO_terminal_full_samples": 0,
  "PPO_terminal_full_update_time": 0.0,
  "PPO_terminal_full_updates": 0,
  "PPO_terminal_residual_optimizer_steps": 4,
  "PPO_terminal_residual_samples": 3,
  "PPO_terminal_residual_update_time": 0.011470026336610317,
  "PPO_terminal_residual_updates": 1,
  "PPO_update_count": 5,
  "PPO_value_loss_mean": 1.036190845258534,
  "Population_size": 100,
  "Protocol": "saos_e4_replication_v8_20260722",
  "Reference_snapshot_sha256": "6286b6ac3ad977bc322da21c2a7ac4dd747710bb5cf5db898a89391366e900c6",
  "Replication_role": "outcome-informed_new-instance_replication",
  "Reward_HV_corr": 0.2871613913454645,
  "Spread": 0.7241521081334552,
  "TEC_best": 32321.20784795674,
  "Time": 63.005637407302856,
  "Transition_gen": 33,
  "Transition_reason": "coverage_stagnation",
  "WB_best": 74.99999999999977,
  "Worker_count": 40,
  "dataset": "Hurink_edata",
  "front_pickle": "results/resubmission/v8_e4_replication/fronts/Hurink_edata_la06_BasePaddedNoBC_R16_g100_seed52.pkl",
  "instance": "la06.fjs",
  "rollout_size_planned": 16,
  "seed": 52,
  "state_dim": 78,
  "state_mode": "base_padded",
  "use_bc": false,
  "variant": "BasePaddedNoBC_R16"
}