{
  "Action_seed": 3835360792,
  "BC_confusion_matrix": "[]",
  "BC_epoch_accuracy": "[]",
  "BC_epoch_loss": "[]",
  "BC_final_accuracy": 0.0,
  "BC_final_loss": 0.0,
  "BC_pre_accuracy": 0.0,
  "BC_pre_loss": 0.0,
  "BC_pre_post_KL": 0.0,
  "BC_seed": 4057508279,
  "BC_time": 0.0,
  "Budget": 100,
  "CPU_time": 124.06057041599979,
  "Cmax_best": 2935.15648521316,
  "Code_hash": "557a8cdd80246d5b84433fd06619c5f4572fc6d1061cccffb6c59606560a1e14",
  "Config_hash": "316e38e4b56c803c83035f595d8dd9a9c89982fa5ff0ed20203d316fee9ea457",
  "Config_json": "{\"rollout\":16,\"state_mode\":\"enhanced\",\"use_bc\":false,\"variant\":\"EnhancedNoBC_R16\"}",
  "Demo_action_counts": "[7,7,8,7,7,7,7,7,5,6]",
  "Demo_forced_fraction": 0.29411764705882354,
  "Demo_label_entropy": 0.9972400688736466,
  "Demo_nn_disagreement": 0.8529411764705882,
  "Demo_samples": 68,
  "Demo_ucb_margin_median": 0.00941687822341919,
  "Design_hash": "4edc2f84691449d3c998d8b1c95abbc1bc9262603bbbe59f337e6dbe7707a226",
  "Enhanced_constant_feature_fraction": 0.42592592592592593,
  "Enhanced_feature_samples": 32,
  "Enhanced_near_one_fraction": 0.037037037037037035,
  "Enhanced_near_zero_fraction": 0.3888888888888889,
  "Entropy_all": 0.9911286449064755,
  "Entropy_last20": 0.9545512436993874,
  "Execution_device": "cpu",
  "Front_semantic_sha256": "bdc4f6c4bbc06774712e6f1f3cc696dca8999c74b28b4fd7af22733a6ceb5167",
  "Front_sha256": "2123dd54c4ce4f68d58668016d131021f1f7d777119c2cd314d2d4e2a81f8b66",
  "HV_local": 3983789566.666401,
  "Initial_evaluations": 100,
  "Input_hash": "c0c85be1ea5c2f7ddefbd1b40df4aee0d8f0eb2ee32af880c1ee2fe8b3c3c480",
  "Learning_time": 0.02819270920008421,
  "Max_generations": 100,
  "NSol": 10,
  "Network_seed": 1790271553,
  "Offspring_evaluations": 10000,
  "Operator_counts": "[13,11,10,11,11,11,10,10,6,7]",
  "PPO_action_effective_updates": 1,
  "PPO_advantage_std_raw_mean": 0.29238592833280563,
  "PPO_approx_KL_mean": -0.0013077259063720703,
  "PPO_clip_fraction_mean": 0.0,
  "PPO_discarded_singletons": 0,
  "PPO_effective_optimizer_steps": 4,
  "PPO_effective_samples": 16,
  "PPO_effective_update_time": 0.014386799186468124,
  "PPO_entropy_mean": 2.2986389994621277,
  "PPO_explained_variance_pre_mean": 0.006839543581008911,
  "PPO_gradient_norm_mean": 0.9157796129584312,
  "PPO_optimizer_steps": 8,
  "PPO_phase_actions": 32,
  "PPO_policy_loss_mean": -0.0029766964726150036,
  "PPO_return_std_mean": 0.293240025639534,
  "PPO_rollout_sizes": "[16,16]",
  "PPO_samples": 32,
  "PPO_seed": 13725029,
  "PPO_terminal_full_optimizer_steps": 4,
  "PPO_terminal_full_samples": 16,
  "PPO_terminal_full_update_time": 0.013805910013616085,
  "PPO_terminal_full_updates": 1,
  "PPO_terminal_residual_optimizer_steps": 0,
  "PPO_terminal_residual_samples": 0,
  "PPO_terminal_residual_update_time": 0.0,
  "PPO_terminal_residual_updates": 0,
  "PPO_update_count": 2,
  "PPO_value_loss_mean": 0.48431752994656563,
  "Population_size": 100,
  "Protocol": "saos_e4_replication_v8_20260722",
  "Reference_snapshot_sha256": "6286b6ac3ad977bc322da21c2a7ac4dd747710bb5cf5db898a89391366e900c6",
  "Replication_role": "outcome-informed_new-instance_replication",
  "Reward_HV_corr": 0.4216850560635858,
  "Spread": 0.49814524025341184,
  "TEC_best": 144644.4523046267,
  "Time": 124.48710179328918,
  "Transition_gen": 68,
  "Transition_reason": "coverage_stagnation",
  "WB_best": 217.99999999999977,
  "Worker_count": 40,
  "dataset": "Hurink_edata",
  "front_pickle": "results/resubmission/v8_e4_replication/fronts/Hurink_edata_la38_EnhancedNoBC_R16_g100_seed52.pkl",
  "instance": "la38.fjs",
  "rollout_size_planned": 16,
  "seed": 52,
  "state_dim": 78,
  "state_mode": "enhanced",
  "use_bc": false,
  "variant": "EnhancedNoBC_R16"
}