{
  "Action_seed": 3356307559,
  "BC_confusion_matrix": "[]",
  "BC_epoch_accuracy": "[]",
  "BC_epoch_loss": "[]",
  "BC_final_accuracy": 0.0,
  "BC_final_loss": 0.0,
  "BC_pre_accuracy": 0.0,
  "BC_pre_loss": 0.0,
  "BC_pre_post_KL": 0.0,
  "BC_seed": 4095219117,
  "BC_time": 0.0,
  "Budget": 100,
  "CPU_time": 76.78462392100005,
  "Cmax_best": 1448.4992568138832,
  "Code_hash": "557a8cdd80246d5b84433fd06619c5f4572fc6d1061cccffb6c59606560a1e14",
  "Config_hash": "be7c2577b7d6bd7368c96844c11c8dd3066fdcb2bf4dbc68ce6d9fecd95bdb34",
  "Config_json": "{\"rollout\":16,\"state_mode\":\"base_padded\",\"use_bc\":false,\"variant\":\"BasePaddedNoBC_R16\"}",
  "Demo_action_counts": "[7,7,8,7,6,5,5,5,5,5]",
  "Demo_forced_fraction": 0.3333333333333333,
  "Demo_label_entropy": 0.9929023112680224,
  "Demo_nn_disagreement": 0.9333333333333333,
  "Demo_samples": 60,
  "Demo_ucb_margin_median": 0.007139027118682861,
  "Design_hash": "4edc2f84691449d3c998d8b1c95abbc1bc9262603bbbe59f337e6dbe7707a226",
  "Enhanced_constant_feature_fraction": 0.0,
  "Enhanced_feature_samples": 0,
  "Enhanced_near_one_fraction": 0.0,
  "Enhanced_near_zero_fraction": 0.0,
  "Entropy_all": 0.9942418904880042,
  "Entropy_last20": 0.9284318117920505,
  "Execution_device": "cpu",
  "Front_semantic_sha256": "e5f0d735f863f3dd36aae60b0c19a804bfefe545b542c9fc0f5a0d7243b25669",
  "Front_sha256": "4c7371d3db7fade4e082a0f30f181f8d0bd2b2f539d871dc64aab5957c8bf736",
  "HV_local": 2357615040.434902,
  "Initial_evaluations": 100,
  "Input_hash": "c0c85be1ea5c2f7ddefbd1b40df4aee0d8f0eb2ee32af880c1ee2fe8b3c3c480",
  "Learning_time": 0.03842541854828596,
  "Max_generations": 100,
  "NSol": 17,
  "Network_seed": 1262220414,
  "Offspring_evaluations": 10000,
  "Operator_counts": "[8,10,10,11,13,10,11,9,7,11]",
  "PPO_action_effective_updates": 2,
  "PPO_advantage_std_raw_mean": 0.31161244213581085,
  "PPO_approx_KL_mean": 0.0006190687417984009,
  "PPO_clip_fraction_mean": 0.0,
  "PPO_discarded_singletons": 0,
  "PPO_effective_optimizer_steps": 8,
  "PPO_effective_samples": 32,
  "PPO_effective_update_time": 0.02649140264838934,
  "PPO_entropy_mean": 2.2994230588277182,
  "PPO_explained_variance_pre_mean": 0.0021141966183980307,
  "PPO_gradient_norm_mean": 0.7514257381359736,
  "PPO_optimizer_steps": 12,
  "PPO_phase_actions": 40,
  "PPO_policy_loss_mean": -0.0019415623974055052,
  "PPO_return_std_mean": 0.31196314096450806,
  "PPO_rollout_sizes": "[16,16,8]",
  "PPO_samples": 40,
  "PPO_seed": 3196798417,
  "PPO_terminal_full_optimizer_steps": 0,
  "PPO_terminal_full_samples": 0,
  "PPO_terminal_full_update_time": 0.0,
  "PPO_terminal_full_updates": 0,
  "PPO_terminal_residual_optimizer_steps": 4,
  "PPO_terminal_residual_samples": 8,
  "PPO_terminal_residual_update_time": 0.011934015899896622,
  "PPO_terminal_residual_updates": 1,
  "PPO_update_count": 3,
  "PPO_value_loss_mean": 0.44793059056003887,
  "Population_size": 100,
  "Protocol": "saos_e4_replication_v8_20260722",
  "Reference_snapshot_sha256": "6286b6ac3ad977bc322da21c2a7ac4dd747710bb5cf5db898a89391366e900c6",
  "Replication_role": "outcome-informed_new-instance_replication",
  "Reward_HV_corr": 0.5707319422574736,
  "Spread": 1.058012048170308,
  "TEC_best": 51450.69917070976,
  "Time": 77.07143712043762,
  "Transition_gen": 60,
  "Transition_reason": "coverage_stagnation",
  "WB_best": 199.99999999999943,
  "Worker_count": 40,
  "dataset": "Hurink_edata",
  "front_pickle": "results/resubmission/v8_e4_replication/fronts/Hurink_edata_la14_BasePaddedNoBC_R16_g100_seed55.pkl",
  "instance": "la14.fjs",
  "rollout_size_planned": 16,
  "seed": 55,
  "state_dim": 78,
  "state_mode": "base_padded",
  "use_bc": false,
  "variant": "BasePaddedNoBC_R16"
}