{
  "Action_seed": 934272733,
  "BC_confusion_matrix": "[]",
  "BC_epoch_accuracy": "[]",
  "BC_epoch_loss": "[]",
  "BC_final_accuracy": 0.0,
  "BC_final_loss": 0.0,
  "BC_pre_accuracy": 0.0,
  "BC_pre_loss": 0.0,
  "BC_pre_post_KL": 0.0,
  "BC_seed": 1720968262,
  "BC_time": 0.0,
  "Budget": 100,
  "CPU_time": 64.10419131699996,
  "Cmax_best": 1034.0853896375825,
  "Code_hash": "557a8cdd80246d5b84433fd06619c5f4572fc6d1061cccffb6c59606560a1e14",
  "Config_hash": "316e38e4b56c803c83035f595d8dd9a9c89982fa5ff0ed20203d316fee9ea457",
  "Config_json": "{\"rollout\":16,\"state_mode\":\"enhanced\",\"use_bc\":false,\"variant\":\"EnhancedNoBC_R16\"}",
  "Demo_action_counts": "[7,7,8,7,7,6,6,6,5,5]",
  "Demo_forced_fraction": 0.3125,
  "Demo_label_entropy": 0.9954942307557538,
  "Demo_nn_disagreement": 0.875,
  "Demo_samples": 64,
  "Demo_ucb_margin_median": 0.0067740678787231445,
  "Design_hash": "4edc2f84691449d3c998d8b1c95abbc1bc9262603bbbe59f337e6dbe7707a226",
  "Enhanced_constant_feature_fraction": 0.42592592592592593,
  "Enhanced_feature_samples": 36,
  "Enhanced_near_one_fraction": 0.037037037037037035,
  "Enhanced_near_zero_fraction": 0.3888888888888889,
  "Entropy_all": 0.9934115104801547,
  "Entropy_last20": 0.8983288122256525,
  "Execution_device": "cpu",
  "Front_semantic_sha256": "8dad3e3dc9572d72fdf05a43889833517147b41f5268836dcdf05b820199081f",
  "Front_sha256": "df4bdc61a02494bec8bff5a7b53dfa39f3ededdfa0463aa23b234e4962c899f0",
  "HV_local": 381533692.41453856,
  "Initial_evaluations": 100,
  "Input_hash": "c0c85be1ea5c2f7ddefbd1b40df4aee0d8f0eb2ee32af880c1ee2fe8b3c3c480",
  "Learning_time": 0.04231658112257719,
  "Max_generations": 100,
  "NSol": 16,
  "Network_seed": 147388563,
  "Offspring_evaluations": 10000,
  "Operator_counts": "[11,12,11,10,8,13,9,10,7,9]",
  "PPO_action_effective_updates": 2,
  "PPO_advantage_std_raw_mean": 0.24052701890468597,
  "PPO_approx_KL_mean": -0.0012805039683977764,
  "PPO_clip_fraction_mean": 0.0,
  "PPO_discarded_singletons": 0,
  "PPO_effective_optimizer_steps": 8,
  "PPO_effective_samples": 32,
  "PPO_effective_update_time": 0.030018695630133152,
  "PPO_entropy_mean": 2.2981537183125815,
  "PPO_explained_variance_pre_mean": -0.005685468514760335,
  "PPO_gradient_norm_mean": 0.9310828646024069,
  "PPO_optimizer_steps": 12,
  "PPO_phase_actions": 36,
  "PPO_policy_loss_mean": -0.00356758680815498,
  "PPO_return_std_mean": 0.24027249217033386,
  "PPO_rollout_sizes": "[16,16,4]",
  "PPO_samples": 36,
  "PPO_seed": 1905161551,
  "PPO_terminal_full_optimizer_steps": 0,
  "PPO_terminal_full_samples": 0,
  "PPO_terminal_full_update_time": 0.0,
  "PPO_terminal_full_updates": 0,
  "PPO_terminal_residual_optimizer_steps": 4,
  "PPO_terminal_residual_samples": 4,
  "PPO_terminal_residual_update_time": 0.012297885492444038,
  "PPO_terminal_residual_updates": 1,
  "PPO_update_count": 3,
  "PPO_value_loss_mean": 0.42851269120971364,
  "Population_size": 100,
  "Protocol": "saos_e4_replication_v8_20260722",
  "Reference_snapshot_sha256": "6286b6ac3ad977bc322da21c2a7ac4dd747710bb5cf5db898a89391366e900c6",
  "Replication_role": "outcome-informed_new-instance_replication",
  "Reward_HV_corr": 0.5715710548139533,
  "Spread": 0.6346578899853632,
  "TEC_best": 36897.16045006374,
  "Time": 64.46835994720459,
  "Transition_gen": 64,
  "Transition_reason": "coverage_stagnation",
  "WB_best": 21.99999999999966,
  "Worker_count": 40,
  "dataset": "Hurink_edata",
  "front_pickle": "results/resubmission/v8_e4_replication/fronts/Hurink_edata_la07_EnhancedNoBC_R16_g100_seed56.pkl",
  "instance": "la07.fjs",
  "rollout_size_planned": 16,
  "seed": 56,
  "state_dim": 78,
  "state_mode": "enhanced",
  "use_bc": false,
  "variant": "EnhancedNoBC_R16"
}