{
  "Action_seed": 934272733,
  "BC_confusion_matrix": "[]",
  "BC_epoch_accuracy": "[]",
  "BC_epoch_loss": "[]",
  "BC_final_accuracy": 0.0,
  "BC_final_loss": 0.0,
  "BC_pre_accuracy": 0.0,
  "BC_pre_loss": 0.0,
  "BC_pre_post_KL": 0.0,
  "BC_seed": 1720968262,
  "BC_time": 0.0,
  "Budget": 100,
  "CPU_time": 115.10508079400006,
  "Cmax_best": 2983.0908240435087,
  "Code_hash": "557a8cdd80246d5b84433fd06619c5f4572fc6d1061cccffb6c59606560a1e14",
  "Config_hash": "be7c2577b7d6bd7368c96844c11c8dd3066fdcb2bf4dbc68ce6d9fecd95bdb34",
  "Config_json": "{\"rollout\":16,\"state_mode\":\"base_padded\",\"use_bc\":false,\"variant\":\"BasePaddedNoBC_R16\"}",
  "Demo_action_counts": "[7,7,8,7,7,7,7,8,6,6]",
  "Demo_forced_fraction": 0.2857142857142857,
  "Demo_label_entropy": 0.9982212903417764,
  "Demo_nn_disagreement": 0.8571428571428571,
  "Demo_samples": 70,
  "Demo_ucb_margin_median": 0.01400214433670044,
  "Design_hash": "4edc2f84691449d3c998d8b1c95abbc1bc9262603bbbe59f337e6dbe7707a226",
  "Enhanced_constant_feature_fraction": 0.0,
  "Enhanced_feature_samples": 0,
  "Enhanced_near_one_fraction": 0.0,
  "Enhanced_near_zero_fraction": 0.0,
  "Entropy_all": 0.9938465316970986,
  "Entropy_last20": 0.894345244566591,
  "Execution_device": "cpu",
  "Front_semantic_sha256": "b0a45f96cb305c2393b8ac2f2cd6de767d4d9ef36a30fd2cd4eec83f60059685",
  "Front_sha256": "e2cd5ac19bb233fed57baf99991aa0e7581faf7a168c7e438f84d4fb0c2feab1",
  "HV_local": 10121590678.713537,
  "Initial_evaluations": 100,
  "Input_hash": "c0c85be1ea5c2f7ddefbd1b40df4aee0d8f0eb2ee32af880c1ee2fe8b3c3c480",
  "Learning_time": 0.02379710227251053,
  "Max_generations": 100,
  "NSol": 6,
  "Network_seed": 147388563,
  "Offspring_evaluations": 10000,
  "Operator_counts": "[10,12,10,10,7,13,9,11,8,10]",
  "PPO_action_effective_updates": 1,
  "PPO_advantage_std_raw_mean": 0.2788666784763336,
  "PPO_approx_KL_mean": -0.0004077753370179682,
  "PPO_clip_fraction_mean": 0.0,
  "PPO_discarded_singletons": 0,
  "PPO_effective_optimizer_steps": 4,
  "PPO_effective_samples": 16,
  "PPO_effective_update_time": 0.011903216131031513,
  "PPO_entropy_mean": 2.29876247048378,
  "PPO_explained_variance_pre_mean": -0.003742426633834839,
  "PPO_gradient_norm_mean": 0.847718358039856,
  "PPO_optimizer_steps": 8,
  "PPO_phase_actions": 30,
  "PPO_policy_loss_mean": -0.0016467137491935624,
  "PPO_return_std_mean": 0.2783915251493454,
  "PPO_rollout_sizes": "[16,14]",
  "PPO_samples": 30,
  "PPO_seed": 1905161551,
  "PPO_terminal_full_optimizer_steps": 0,
  "PPO_terminal_full_samples": 0,
  "PPO_terminal_full_update_time": 0.0,
  "PPO_terminal_full_updates": 0,
  "PPO_terminal_residual_optimizer_steps": 4,
  "PPO_terminal_residual_samples": 14,
  "PPO_terminal_residual_update_time": 0.011893886141479015,
  "PPO_terminal_residual_updates": 1,
  "PPO_update_count": 2,
  "PPO_value_loss_mean": 0.5346895083785057,
  "Population_size": 100,
  "Protocol": "saos_e4_replication_v8_20260722",
  "Reference_snapshot_sha256": "6286b6ac3ad977bc322da21c2a7ac4dd747710bb5cf5db898a89391366e900c6",
  "Replication_role": "outcome-informed_new-instance_replication",
  "Reward_HV_corr": 0.5028002129655379,
  "Spread": 1.013492205115978,
  "TEC_best": 158509.05477011317,
  "Time": 115.36704325675964,
  "Transition_gen": 70,
  "Transition_reason": "coverage_latest_guard",
  "WB_best": 213.99999999999932,
  "Worker_count": 40,
  "dataset": "Hurink_edata",
  "front_pickle": "results/resubmission/v8_e4_replication/fronts/Hurink_edata_la37_BasePaddedNoBC_R16_g100_seed56.pkl",
  "instance": "la37.fjs",
  "rollout_size_planned": 16,
  "seed": 56,
  "state_dim": 78,
  "state_mode": "base_padded",
  "use_bc": false,
  "variant": "BasePaddedNoBC_R16"
}