{
  "Action_seed": 2121283841,
  "BC_confusion_matrix": "[]",
  "BC_epoch_accuracy": "[]",
  "BC_epoch_loss": "[]",
  "BC_final_accuracy": 0.0,
  "BC_final_loss": 0.0,
  "BC_pre_accuracy": 0.0,
  "BC_pre_loss": 0.0,
  "BC_pre_post_KL": 0.0,
  "BC_seed": 1958805704,
  "BC_time": 0.0,
  "Budget": 100,
  "CPU_time": 142.70276756500016,
  "Cmax_best": 3721.326334688027,
  "Code_hash": "557a8cdd80246d5b84433fd06619c5f4572fc6d1061cccffb6c59606560a1e14",
  "Config_hash": "be7c2577b7d6bd7368c96844c11c8dd3066fdcb2bf4dbc68ce6d9fecd95bdb34",
  "Config_json": "{\"rollout\":16,\"state_mode\":\"base_padded\",\"use_bc\":false,\"variant\":\"BasePaddedNoBC_R16\"}",
  "Demo_action_counts": "[5,5,6,4,4,4,5,5,4,5]",
  "Demo_forced_fraction": 0.425531914893617,
  "Demo_label_entropy": 0.9960102521495529,
  "Demo_nn_disagreement": 0.9787234042553191,
  "Demo_samples": 47,
  "Demo_ucb_margin_median": 0.0042476654052734375,
  "Design_hash": "4edc2f84691449d3c998d8b1c95abbc1bc9262603bbbe59f337e6dbe7707a226",
  "Enhanced_constant_feature_fraction": 0.0,
  "Enhanced_feature_samples": 0,
  "Enhanced_near_one_fraction": 0.0,
  "Enhanced_near_zero_fraction": 0.0,
  "Entropy_all": 0.9934996989495263,
  "Entropy_last20": 0.8814799303897302,
  "Execution_device": "cpu",
  "Front_semantic_sha256": "fed08109a61bb8a87735f69610a586159b2a1e84c4f61e29d2ee75f95d44166b",
  "Front_sha256": "adb335f3aa8b8d046d2e7b66cc805df8b2739e8ba03385da8fc42eb7771aab59",
  "HV_local": 4734605289.069981,
  "Initial_evaluations": 100,
  "Input_hash": "c0c85be1ea5c2f7ddefbd1b40df4aee0d8f0eb2ee32af880c1ee2fe8b3c3c480",
  "Learning_time": 0.044735160656273365,
  "Max_generations": 100,
  "NSol": 2,
  "Network_seed": 1604999848,
  "Offspring_evaluations": 10000,
  "Operator_counts": "[9,9,9,12,10,9,13,10,7,12]",
  "PPO_action_effective_updates": 3,
  "PPO_advantage_std_raw_mean": 0.24749710969626904,
  "PPO_approx_KL_mean": 0.0003575172340788413,
  "PPO_clip_fraction_mean": 0.0,
  "PPO_discarded_singletons": 0,
  "PPO_effective_optimizer_steps": 12,
  "PPO_effective_samples": 48,
  "PPO_effective_update_time": 0.03392594214528799,
  "PPO_entropy_mean": 2.3018378913402557,
  "PPO_explained_variance_pre_mean": -0.008589476346969604,
  "PPO_gradient_norm_mean": 0.822023555636406,
  "PPO_optimizer_steps": 16,
  "PPO_phase_actions": 53,
  "PPO_policy_loss_mean": -0.0012199594035337213,
  "PPO_return_std_mean": 0.2468181699514389,
  "PPO_rollout_sizes": "[16,16,16,5]",
  "PPO_samples": 53,
  "PPO_seed": 1500418225,
  "PPO_terminal_full_optimizer_steps": 0,
  "PPO_terminal_full_samples": 0,
  "PPO_terminal_full_update_time": 0.0,
  "PPO_terminal_full_updates": 0,
  "PPO_terminal_residual_optimizer_steps": 4,
  "PPO_terminal_residual_samples": 5,
  "PPO_terminal_residual_update_time": 0.010809218510985374,
  "PPO_terminal_residual_updates": 1,
  "PPO_update_count": 4,
  "PPO_value_loss_mean": 0.48896461399272084,
  "Population_size": 100,
  "Protocol": "saos_e4_replication_v8_20260722",
  "Reference_snapshot_sha256": "6286b6ac3ad977bc322da21c2a7ac4dd747710bb5cf5db898a89391366e900c6",
  "Replication_role": "outcome-informed_new-instance_replication",
  "Reward_HV_corr": 0.4633434397943678,
  "Spread": 0.7720306085878533,
  "TEC_best": 169002.11002666387,
  "Time": 143.0736119747162,
  "Transition_gen": 47,
  "Transition_reason": "coverage_stagnation",
  "WB_best": 430.99999999999886,
  "Worker_count": 40,
  "dataset": "Hurink_edata",
  "front_pickle": "results/resubmission/v8_e4_replication/fronts/Hurink_edata_la35_BasePaddedNoBC_R16_g100_seed53.pkl",
  "instance": "la35.fjs",
  "rollout_size_planned": 16,
  "seed": 53,
  "state_dim": 78,
  "state_mode": "base_padded",
  "use_bc": false,
  "variant": "BasePaddedNoBC_R16"
}