{
  "Action_seed": 3069305879,
  "BC_confusion_matrix": "[]",
  "BC_epoch_accuracy": "[]",
  "BC_epoch_loss": "[]",
  "BC_final_accuracy": 0.0,
  "BC_final_loss": 0.0,
  "BC_pre_accuracy": 0.0,
  "BC_pre_loss": 0.0,
  "BC_pre_post_KL": 0.0,
  "BC_seed": 117269218,
  "BC_time": 0.0,
  "Budget": 100,
  "CPU_time": 77.668492776,
  "Cmax_best": 1467.8090072146565,
  "Code_hash": "557a8cdd80246d5b84433fd06619c5f4572fc6d1061cccffb6c59606560a1e14",
  "Config_hash": "be7c2577b7d6bd7368c96844c11c8dd3066fdcb2bf4dbc68ce6d9fecd95bdb34",
  "Config_json": "{\"rollout\":16,\"state_mode\":\"base_padded\",\"use_bc\":false,\"variant\":\"BasePaddedNoBC_R16\"}",
  "Demo_action_counts": "[7,6,7,7,7,5,5,6,5,6]",
  "Demo_forced_fraction": 0.32786885245901637,
  "Demo_label_entropy": 0.9959197089067496,
  "Demo_nn_disagreement": 0.9672131147540983,
  "Demo_samples": 61,
  "Demo_ucb_margin_median": 0.008533239364624023,
  "Design_hash": "4edc2f84691449d3c998d8b1c95abbc1bc9262603bbbe59f337e6dbe7707a226",
  "Enhanced_constant_feature_fraction": 0.0,
  "Enhanced_feature_samples": 0,
  "Enhanced_near_one_fraction": 0.0,
  "Enhanced_near_zero_fraction": 0.0,
  "Entropy_all": 0.9904611986525421,
  "Entropy_last20": 0.8682258126592544,
  "Execution_device": "cpu",
  "Front_semantic_sha256": "a520fe130e7fe889ce0140389a2565d44c2b97a00c2aee1fc67452d46d9811f9",
  "Front_sha256": "4e3cc4d846a8b5d5e7ebf4a0e6fa2c67dc48d1be862859151b6861e7d1305e79",
  "HV_local": 2725845061.940484,
  "Initial_evaluations": 100,
  "Input_hash": "c0c85be1ea5c2f7ddefbd1b40df4aee0d8f0eb2ee32af880c1ee2fe8b3c3c480",
  "Learning_time": 0.03727398347109556,
  "Max_generations": 100,
  "NSol": 18,
  "Network_seed": 2743625714,
  "Offspring_evaluations": 10000,
  "Operator_counts": "[12,10,10,9,12,7,14,7,10,9]",
  "PPO_action_effective_updates": 2,
  "PPO_advantage_std_raw_mean": 0.27657803893089294,
  "PPO_approx_KL_mean": 0.000624227563093882,
  "PPO_clip_fraction_mean": 0.0,
  "PPO_discarded_singletons": 0,
  "PPO_effective_optimizer_steps": 8,
  "PPO_effective_samples": 32,
  "PPO_effective_update_time": 0.024969098158180714,
  "PPO_entropy_mean": 2.2995067834854126,
  "PPO_explained_variance_pre_mean": -0.0029408137003580728,
  "PPO_gradient_norm_mean": 0.779087578256925,
  "PPO_optimizer_steps": 12,
  "PPO_phase_actions": 39,
  "PPO_policy_loss_mean": -0.0014701454236364004,
  "PPO_return_std_mean": 0.27634406586488086,
  "PPO_rollout_sizes": "[16,16,7]",
  "PPO_samples": 39,
  "PPO_seed": 2625058009,
  "PPO_terminal_full_optimizer_steps": 0,
  "PPO_terminal_full_samples": 0,
  "PPO_terminal_full_update_time": 0.0,
  "PPO_terminal_full_updates": 0,
  "PPO_terminal_residual_optimizer_steps": 4,
  "PPO_terminal_residual_samples": 7,
  "PPO_terminal_residual_update_time": 0.012304885312914848,
  "PPO_terminal_residual_updates": 1,
  "PPO_update_count": 3,
  "PPO_value_loss_mean": 0.4249124030272166,
  "Population_size": 100,
  "Protocol": "saos_e4_replication_v8_20260722",
  "Reference_snapshot_sha256": "6286b6ac3ad977bc322da21c2a7ac4dd747710bb5cf5db898a89391366e900c6",
  "Replication_role": "outcome-informed_new-instance_replication",
  "Reward_HV_corr": 0.4212146458406305,
  "Spread": 1.0644957385514304,
  "TEC_best": 51266.86716961778,
  "Time": 78.036217212677,
  "Transition_gen": 61,
  "Transition_reason": "coverage_stagnation",
  "WB_best": 199.99999999999932,
  "Worker_count": 40,
  "dataset": "Hurink_edata",
  "front_pickle": "results/resubmission/v8_e4_replication/fronts/Hurink_edata_la14_BasePaddedNoBC_R16_g100_seed54.pkl",
  "instance": "la14.fjs",
  "rollout_size_planned": 16,
  "seed": 54,
  "state_dim": 78,
  "state_mode": "base_padded",
  "use_bc": false,
  "variant": "BasePaddedNoBC_R16"
}