{
  "Action_seed": 3069305879,
  "BC_confusion_matrix": "[]",
  "BC_epoch_accuracy": "[]",
  "BC_epoch_loss": "[]",
  "BC_final_accuracy": 0.0,
  "BC_final_loss": 0.0,
  "BC_pre_accuracy": 0.0,
  "BC_pre_loss": 0.0,
  "BC_pre_post_KL": 0.0,
  "BC_seed": 117269218,
  "BC_time": 0.0,
  "Budget": 100,
  "CPU_time": 75.12304123700005,
  "Cmax_best": 1251.57654396028,
  "Code_hash": "557a8cdd80246d5b84433fd06619c5f4572fc6d1061cccffb6c59606560a1e14",
  "Config_hash": "316e38e4b56c803c83035f595d8dd9a9c89982fa5ff0ed20203d316fee9ea457",
  "Config_json": "{\"rollout\":16,\"state_mode\":\"enhanced\",\"use_bc\":false,\"variant\":\"EnhancedNoBC_R16\"}",
  "Demo_action_counts": "[7,7,7,7,7,7,7,7,7,7]",
  "Demo_forced_fraction": 0.2857142857142857,
  "Demo_label_entropy": 0.9999999999999998,
  "Demo_nn_disagreement": 0.8285714285714286,
  "Demo_samples": 70,
  "Demo_ucb_margin_median": 0.008081257343292236,
  "Design_hash": "4edc2f84691449d3c998d8b1c95abbc1bc9262603bbbe59f337e6dbe7707a226",
  "Enhanced_constant_feature_fraction": 0.4444444444444444,
  "Enhanced_feature_samples": 30,
  "Enhanced_near_one_fraction": 0.037037037037037035,
  "Enhanced_near_zero_fraction": 0.3888888888888889,
  "Entropy_all": 0.9908771857304624,
  "Entropy_last20": 0.8568636235841013,
  "Execution_device": "cpu",
  "Front_semantic_sha256": "e56bf2fef309f30d13f8d8208f3771d063f4ae9ad59886999b2e5fa5ddf38df0",
  "Front_sha256": "5e10e0b0314ffeb75b45082d0149f3c38ef29f295266c98673e0ee4259d11735",
  "HV_local": 1350048084.143395,
  "Initial_evaluations": 100,
  "Input_hash": "c0c85be1ea5c2f7ddefbd1b40df4aee0d8f0eb2ee32af880c1ee2fe8b3c3c480",
  "Learning_time": 0.026197184808552265,
  "Max_generations": 100,
  "NSol": 20,
  "Network_seed": 2743625714,
  "Offspring_evaluations": 10000,
  "Operator_counts": "[11,11,9,7,11,9,15,8,10,9]",
  "PPO_action_effective_updates": 1,
  "PPO_advantage_std_raw_mean": 0.23721832782030106,
  "PPO_approx_KL_mean": 0.002294001867994666,
  "PPO_clip_fraction_mean": 0.0,
  "PPO_discarded_singletons": 0,
  "PPO_effective_optimizer_steps": 4,
  "PPO_effective_samples": 16,
  "PPO_effective_update_time": 0.012190904468297958,
  "PPO_entropy_mean": 2.297039359807968,
  "PPO_explained_variance_pre_mean": -0.007296711206436157,
  "PPO_gradient_norm_mean": 0.8297682106494904,
  "PPO_optimizer_steps": 8,
  "PPO_phase_actions": 30,
  "PPO_policy_loss_mean": -0.004331198687265836,
  "PPO_return_std_mean": 0.23649416118860245,
  "PPO_rollout_sizes": "[16,14]",
  "PPO_samples": 30,
  "PPO_seed": 2625058009,
  "PPO_terminal_full_optimizer_steps": 0,
  "PPO_terminal_full_samples": 0,
  "PPO_terminal_full_update_time": 0.0,
  "PPO_terminal_full_updates": 0,
  "PPO_terminal_residual_optimizer_steps": 4,
  "PPO_terminal_residual_samples": 14,
  "PPO_terminal_residual_update_time": 0.014006280340254307,
  "PPO_terminal_residual_updates": 1,
  "PPO_update_count": 2,
  "PPO_value_loss_mean": 0.2616253849118948,
  "Population_size": 100,
  "Protocol": "saos_e4_replication_v8_20260722",
  "Reference_snapshot_sha256": "6286b6ac3ad977bc322da21c2a7ac4dd747710bb5cf5db898a89391366e900c6",
  "Replication_role": "outcome-informed_new-instance_replication",
  "Reward_HV_corr": 0.6243941004736705,
  "Spread": 0.797933130808236,
  "TEC_best": 36376.0341499088,
  "Time": 75.35575032234192,
  "Transition_gen": 70,
  "Transition_reason": "coverage_latest_guard",
  "WB_best": 72.99999999999977,
  "Worker_count": 40,
  "dataset": "Hurink_edata",
  "front_pickle": "results/resubmission/v8_e4_replication/fronts/Hurink_edata_la12_EnhancedNoBC_R16_g100_seed54.pkl",
  "instance": "la12.fjs",
  "rollout_size_planned": 16,
  "seed": 54,
  "state_dim": 78,
  "state_mode": "enhanced",
  "use_bc": false,
  "variant": "EnhancedNoBC_R16"
}