{
  "Action_seed": 3069305879,
  "BC_confusion_matrix": "[]",
  "BC_epoch_accuracy": "[]",
  "BC_epoch_loss": "[]",
  "BC_final_accuracy": 0.0,
  "BC_final_loss": 0.0,
  "BC_pre_accuracy": 0.0,
  "BC_pre_loss": 0.0,
  "BC_pre_post_KL": 0.0,
  "BC_seed": 117269218,
  "BC_time": 0.0,
  "Budget": 100,
  "CPU_time": 110.68555731500004,
  "Cmax_best": 155.92964283475212,
  "Code_hash": "557a8cdd80246d5b84433fd06619c5f4572fc6d1061cccffb6c59606560a1e14",
  "Config_hash": "316e38e4b56c803c83035f595d8dd9a9c89982fa5ff0ed20203d316fee9ea457",
  "Config_json": "{\"rollout\":16,\"state_mode\":\"enhanced\",\"use_bc\":false,\"variant\":\"EnhancedNoBC_R16\"}",
  "Demo_action_counts": "[7,7,7,7,7,7,8,6,7,7]",
  "Demo_forced_fraction": 0.2857142857142857,
  "Demo_label_entropy": 0.9991106451708882,
  "Demo_nn_disagreement": 0.8571428571428571,
  "Demo_samples": 70,
  "Demo_ucb_margin_median": 0.010185539722442627,
  "Design_hash": "4edc2f84691449d3c998d8b1c95abbc1bc9262603bbbe59f337e6dbe7707a226",
  "Enhanced_constant_feature_fraction": 0.4444444444444444,
  "Enhanced_feature_samples": 30,
  "Enhanced_near_one_fraction": 0.037037037037037035,
  "Enhanced_near_zero_fraction": 0.3888888888888889,
  "Entropy_all": 0.987722013522224,
  "Entropy_last20": 0.8568636235841013,
  "Execution_device": "cpu",
  "Front_semantic_sha256": "3accd4cd1073c445609378511793909e351bb21ccdfe8a1759b46018ab5dcf34",
  "Front_sha256": "36003fdd40f39129aa9da57b48f7b26e4fbcb669e879465c3fb1a31edc3da93d",
  "HV_local": 69993221.01963703,
  "Initial_evaluations": 100,
  "Input_hash": "c0c85be1ea5c2f7ddefbd1b40df4aee0d8f0eb2ee32af880c1ee2fe8b3c3c480",
  "Learning_time": 0.03286961652338505,
  "Max_generations": 100,
  "NSol": 51,
  "Network_seed": 2743625714,
  "Offspring_evaluations": 10000,
  "Operator_counts": "[11,11,9,7,11,9,16,7,10,9]",
  "PPO_action_effective_updates": 1,
  "PPO_advantage_std_raw_mean": 0.2704632133245468,
  "PPO_approx_KL_mean": 0.00166695324878674,
  "PPO_clip_fraction_mean": 0.0,
  "PPO_discarded_singletons": 0,
  "PPO_effective_optimizer_steps": 4,
  "PPO_effective_samples": 16,
  "PPO_effective_update_time": 0.01396592054516077,
  "PPO_entropy_mean": 2.297181934118271,
  "PPO_explained_variance_pre_mean": -0.007867038249969482,
  "PPO_gradient_norm_mean": 0.8854581341147423,
  "PPO_optimizer_steps": 8,
  "PPO_phase_actions": 30,
  "PPO_policy_loss_mean": -0.0043534666391291665,
  "PPO_return_std_mean": 0.2694849669933319,
  "PPO_rollout_sizes": "[16,14]",
  "PPO_samples": 30,
  "PPO_seed": 2625058009,
  "PPO_terminal_full_optimizer_steps": 0,
  "PPO_terminal_full_samples": 0,
  "PPO_terminal_full_update_time": 0.0,
  "PPO_terminal_full_updates": 0,
  "PPO_terminal_residual_optimizer_steps": 4,
  "PPO_terminal_residual_samples": 14,
  "PPO_terminal_residual_update_time": 0.018903695978224277,
  "PPO_terminal_residual_updates": 1,
  "PPO_update_count": 2,
  "PPO_value_loss_mean": 0.31533542834222317,
  "Population_size": 100,
  "Protocol": "saos_e4_replication_v8_20260722",
  "Reference_snapshot_sha256": "6286b6ac3ad977bc322da21c2a7ac4dd747710bb5cf5db898a89391366e900c6",
  "Replication_role": "outcome-informed_new-instance_replication",
  "Reward_HV_corr": 0.614626892895163,
  "Spread": 0.6717639878418049,
  "TEC_best": 4255.4708816518405,
  "Time": 111.30306625366211,
  "Transition_gen": 70,
  "Transition_reason": "coverage_latest_guard",
  "WB_best": 30.999999999999957,
  "Worker_count": 40,
  "dataset": "Brandimarte",
  "front_pickle": "results/resubmission/v8_e4_replication/fronts/Brandimarte_Mk06_EnhancedNoBC_R16_g100_seed54.pkl",
  "instance": "Mk06.fjs",
  "rollout_size_planned": 16,
  "seed": 54,
  "state_dim": 78,
  "state_mode": "enhanced",
  "use_bc": false,
  "variant": "EnhancedNoBC_R16"
}