{
  "Action_seed": 2121283841,
  "BC_confusion_matrix": "[]",
  "BC_epoch_accuracy": "[]",
  "BC_epoch_loss": "[]",
  "BC_final_accuracy": 0.0,
  "BC_final_loss": 0.0,
  "BC_pre_accuracy": 0.0,
  "BC_pre_loss": 0.0,
  "BC_pre_post_KL": 0.0,
  "BC_seed": 1958805704,
  "BC_time": 0.0,
  "Budget": 100,
  "CPU_time": 65.99178218899988,
  "Cmax_best": 1123.1267038763217,
  "Code_hash": "557a8cdd80246d5b84433fd06619c5f4572fc6d1061cccffb6c59606560a1e14",
  "Config_hash": "be7c2577b7d6bd7368c96844c11c8dd3066fdcb2bf4dbc68ce6d9fecd95bdb34",
  "Config_json": "{\"rollout\":16,\"state_mode\":\"base_padded\",\"use_bc\":false,\"variant\":\"BasePaddedNoBC_R16\"}",
  "Demo_action_counts": "[4,4,5,4,4,4,4,4,4,4]",
  "Demo_forced_fraction": 0.4878048780487805,
  "Demo_label_entropy": 0.998905571122498,
  "Demo_nn_disagreement": 1.0,
  "Demo_samples": 41,
  "Demo_ucb_margin_median": 0.005603909492492676,
  "Design_hash": "4edc2f84691449d3c998d8b1c95abbc1bc9262603bbbe59f337e6dbe7707a226",
  "Enhanced_constant_feature_fraction": 0.0,
  "Enhanced_feature_samples": 0,
  "Enhanced_near_one_fraction": 0.0,
  "Enhanced_near_zero_fraction": 0.0,
  "Entropy_all": 0.9898127772606554,
  "Entropy_last20": 0.8227770563586417,
  "Execution_device": "cpu",
  "Front_semantic_sha256": "6b476e5375d537f05b982080d7fa1b88aa0bd271677f411243e98f606dde7e9d",
  "Front_sha256": "2c97bfa2b75e90aa9c30ecf9b69a181ccfb8d5f488b776eb7450dbfad90bbf1f",
  "HV_local": 538773870.4059389,
  "Initial_evaluations": 100,
  "Input_hash": "c0c85be1ea5c2f7ddefbd1b40df4aee0d8f0eb2ee32af880c1ee2fe8b3c3c480",
  "Learning_time": 0.05156028177589178,
  "Max_generations": 100,
  "NSol": 7,
  "Network_seed": 1604999848,
  "Offspring_evaluations": 10000,
  "Operator_counts": "[9,8,8,13,10,10,12,9,7,14]",
  "PPO_action_effective_updates": 3,
  "PPO_advantage_std_raw_mean": 0.36809012293815613,
  "PPO_approx_KL_mean": -9.09631175582959e-06,
  "PPO_clip_fraction_mean": 0.0,
  "PPO_discarded_singletons": 0,
  "PPO_effective_optimizer_steps": 12,
  "PPO_effective_samples": 48,
  "PPO_effective_update_time": 0.03981626592576504,
  "PPO_entropy_mean": 2.301804482936859,
  "PPO_explained_variance_pre_mean": -0.003686055541038513,
  "PPO_gradient_norm_mean": 0.9500534124672413,
  "PPO_optimizer_steps": 16,
  "PPO_phase_actions": 59,
  "PPO_policy_loss_mean": -0.0009287358508034416,
  "PPO_return_std_mean": 0.3673584684729576,
  "PPO_rollout_sizes": "[16,16,16,11]",
  "PPO_samples": 59,
  "PPO_seed": 1500418225,
  "PPO_terminal_full_optimizer_steps": 0,
  "PPO_terminal_full_samples": 0,
  "PPO_terminal_full_update_time": 0.0,
  "PPO_terminal_full_updates": 0,
  "PPO_terminal_residual_optimizer_steps": 4,
  "PPO_terminal_residual_samples": 11,
  "PPO_terminal_residual_update_time": 0.011744015850126743,
  "PPO_terminal_residual_updates": 1,
  "PPO_update_count": 4,
  "PPO_value_loss_mean": 0.6998748239129782,
  "Population_size": 100,
  "Protocol": "saos_e4_replication_v8_20260722",
  "Reference_snapshot_sha256": "6286b6ac3ad977bc322da21c2a7ac4dd747710bb5cf5db898a89391366e900c6",
  "Replication_role": "outcome-informed_new-instance_replication",
  "Reward_HV_corr": 0.5156185674106389,
  "Spread": 1.3913413667598609,
  "TEC_best": 42825.070883195716,
  "Time": 66.3137903213501,
  "Transition_gen": 41,
  "Transition_reason": "coverage_stagnation",
  "WB_best": 48.99999999999966,
  "Worker_count": 40,
  "dataset": "Hurink_edata",
  "front_pickle": "results/resubmission/v8_e4_replication/fronts/Hurink_edata_la09_BasePaddedNoBC_R16_g100_seed53.pkl",
  "instance": "la09.fjs",
  "rollout_size_planned": 16,
  "seed": 53,
  "state_dim": 78,
  "state_mode": "base_padded",
  "use_bc": false,
  "variant": "BasePaddedNoBC_R16"
}