{
  "Action_seed": 2121283841,
  "BC_confusion_matrix": "[]",
  "BC_epoch_accuracy": "[]",
  "BC_epoch_loss": "[]",
  "BC_final_accuracy": 0.0,
  "BC_final_loss": 0.0,
  "BC_pre_accuracy": 0.0,
  "BC_pre_loss": 0.0,
  "BC_pre_post_KL": 0.0,
  "BC_seed": 1958805704,
  "BC_time": 0.0,
  "Budget": 100,
  "CPU_time": 108.903246045,
  "Cmax_best": 152.2003972772637,
  "Code_hash": "557a8cdd80246d5b84433fd06619c5f4572fc6d1061cccffb6c59606560a1e14",
  "Config_hash": "316e38e4b56c803c83035f595d8dd9a9c89982fa5ff0ed20203d316fee9ea457",
  "Config_json": "{\"rollout\":16,\"state_mode\":\"enhanced\",\"use_bc\":false,\"variant\":\"EnhancedNoBC_R16\"}",
  "Demo_action_counts": "[5,4,4,4,4,5,4,4,4,4]",
  "Demo_forced_fraction": 0.47619047619047616,
  "Demo_label_entropy": 0.9981154864489722,
  "Demo_nn_disagreement": 0.9523809523809523,
  "Demo_samples": 42,
  "Demo_ucb_margin_median": 0.004174292087554932,
  "Design_hash": "4edc2f84691449d3c998d8b1c95abbc1bc9262603bbbe59f337e6dbe7707a226",
  "Enhanced_constant_feature_fraction": 0.42592592592592593,
  "Enhanced_feature_samples": 58,
  "Enhanced_near_one_fraction": 0.037037037037037035,
  "Enhanced_near_zero_fraction": 0.3888888888888889,
  "Entropy_all": 0.9915532924802021,
  "Entropy_last20": 0.8513769308233321,
  "Execution_device": "cpu",
  "Front_semantic_sha256": "c1cb6292aeeebf48eb6ac099c4cf87d1f3f969be9d156eb3086bac0b5859e2c7",
  "Front_sha256": "e5985ff27053f16f90a7b660a15cd54de7ed49b92ef047865b0094be6d3e36cb",
  "HV_local": 105384706.38619022,
  "Initial_evaluations": 100,
  "Input_hash": "c0c85be1ea5c2f7ddefbd1b40df4aee0d8f0eb2ee32af880c1ee2fe8b3c3c480",
  "Learning_time": 0.06200370192527771,
  "Max_generations": 100,
  "NSol": 61,
  "Network_seed": 1604999848,
  "Offspring_evaluations": 10000,
  "Operator_counts": "[10,9,7,12,10,11,12,9,7,13]",
  "PPO_action_effective_updates": 3,
  "PPO_advantage_std_raw_mean": 0.2641066797077656,
  "PPO_approx_KL_mean": -0.00026604682352626696,
  "PPO_clip_fraction_mean": 0.0,
  "PPO_discarded_singletons": 0,
  "PPO_effective_optimizer_steps": 12,
  "PPO_effective_samples": 48,
  "PPO_effective_update_time": 0.04810617212206125,
  "PPO_entropy_mean": 2.301135018467903,
  "PPO_explained_variance_pre_mean": 0.0014052540063858032,
  "PPO_gradient_norm_mean": 0.865860927850008,
  "PPO_optimizer_steps": 16,
  "PPO_phase_actions": 58,
  "PPO_policy_loss_mean": -0.001828760019270348,
  "PPO_return_std_mean": 0.264158234000206,
  "PPO_rollout_sizes": "[16,16,16,10]",
  "PPO_samples": 58,
  "PPO_seed": 1500418225,
  "PPO_terminal_full_optimizer_steps": 0,
  "PPO_terminal_full_samples": 0,
  "PPO_terminal_full_update_time": 0.0,
  "PPO_terminal_full_updates": 0,
  "PPO_terminal_residual_optimizer_steps": 4,
  "PPO_terminal_residual_samples": 10,
  "PPO_terminal_residual_update_time": 0.013897529803216457,
  "PPO_terminal_residual_updates": 1,
  "PPO_update_count": 4,
  "PPO_value_loss_mean": 0.3809542660601437,
  "Population_size": 100,
  "Protocol": "saos_e4_replication_v8_20260722",
  "Reference_snapshot_sha256": "6286b6ac3ad977bc322da21c2a7ac4dd747710bb5cf5db898a89391366e900c6",
  "Replication_role": "outcome-informed_new-instance_replication",
  "Reward_HV_corr": 0.6404513657870176,
  "Spread": 0.7956664307893685,
  "TEC_best": 4052.3467694110914,
  "Time": 109.48964381217957,
  "Transition_gen": 42,
  "Transition_reason": "coverage_stagnation",
  "WB_best": 28.99999999999997,
  "Worker_count": 40,
  "dataset": "Brandimarte",
  "front_pickle": "results/resubmission/v8_e4_replication/fronts/Brandimarte_Mk06_EnhancedNoBC_R16_g100_seed53.pkl",
  "instance": "Mk06.fjs",
  "rollout_size_planned": 16,
  "seed": 53,
  "state_dim": 78,
  "state_mode": "enhanced",
  "use_bc": false,
  "variant": "EnhancedNoBC_R16"
}