{
  "Action_seed": 2121283841,
  "BC_confusion_matrix": "[]",
  "BC_epoch_accuracy": "[]",
  "BC_epoch_loss": "[]",
  "BC_final_accuracy": 0.0,
  "BC_final_loss": 0.0,
  "BC_pre_accuracy": 0.0,
  "BC_pre_loss": 0.0,
  "BC_pre_post_KL": 0.0,
  "BC_seed": 1958805704,
  "BC_time": 0.0,
  "Budget": 100,
  "CPU_time": 115.42718742600027,
  "Cmax_best": 3332.7319650026457,
  "Code_hash": "557a8cdd80246d5b84433fd06619c5f4572fc6d1061cccffb6c59606560a1e14",
  "Config_hash": "316e38e4b56c803c83035f595d8dd9a9c89982fa5ff0ed20203d316fee9ea457",
  "Config_json": "{\"rollout\":16,\"state_mode\":\"enhanced\",\"use_bc\":false,\"variant\":\"EnhancedNoBC_R16\"}",
  "Demo_action_counts": "[7,6,6,5,5,5,5,5,5,5]",
  "Demo_forced_fraction": 0.37037037037037035,
  "Demo_label_entropy": 0.9968853998884466,
  "Demo_nn_disagreement": 0.9629629629629629,
  "Demo_samples": 54,
  "Demo_ucb_margin_median": 0.006236016750335693,
  "Design_hash": "4edc2f84691449d3c998d8b1c95abbc1bc9262603bbbe59f337e6dbe7707a226",
  "Enhanced_constant_feature_fraction": 0.42592592592592593,
  "Enhanced_feature_samples": 46,
  "Enhanced_near_one_fraction": 0.037037037037037035,
  "Enhanced_near_zero_fraction": 0.3888888888888889,
  "Entropy_all": 0.9961882969573282,
  "Entropy_last20": 0.9057074336417442,
  "Execution_device": "cpu",
  "Front_semantic_sha256": "f6e7b2f75eccf1d7f25fc8cd7fff28b8cf92ef5f85bfa04e1f34bb8f54198334",
  "Front_sha256": "de64812976fd450c91ccb184de2f2942873cdb7299a354369410c677c1e7f4e9",
  "HV_local": 1784921911.8448677,
  "Initial_evaluations": 100,
  "Input_hash": "c0c85be1ea5c2f7ddefbd1b40df4aee0d8f0eb2ee32af880c1ee2fe8b3c3c480",
  "Learning_time": 0.034929887391626835,
  "Max_generations": 100,
  "NSol": 2,
  "Network_seed": 1604999848,
  "Offspring_evaluations": 10000,
  "Operator_counts": "[10,9,9,13,11,10,11,9,8,10]",
  "PPO_action_effective_updates": 2,
  "PPO_advantage_std_raw_mean": 0.4409536123275757,
  "PPO_approx_KL_mean": 0.00047134820973345387,
  "PPO_clip_fraction_mean": 0.0,
  "PPO_discarded_singletons": 0,
  "PPO_effective_optimizer_steps": 8,
  "PPO_effective_samples": 32,
  "PPO_effective_update_time": 0.023489811457693577,
  "PPO_entropy_mean": 2.30129337310791,
  "PPO_explained_variance_pre_mean": -0.0012906988461812337,
  "PPO_gradient_norm_mean": 1.3415754934151967,
  "PPO_optimizer_steps": 12,
  "PPO_phase_actions": 46,
  "PPO_policy_loss_mean": -0.002527204015114748,
  "PPO_return_std_mean": 0.44073525071144104,
  "PPO_rollout_sizes": "[16,16,14]",
  "PPO_samples": 46,
  "PPO_seed": 1500418225,
  "PPO_terminal_full_optimizer_steps": 0,
  "PPO_terminal_full_samples": 0,
  "PPO_terminal_full_update_time": 0.0,
  "PPO_terminal_full_updates": 0,
  "PPO_terminal_residual_optimizer_steps": 4,
  "PPO_terminal_residual_samples": 14,
  "PPO_terminal_residual_update_time": 0.011440075933933258,
  "PPO_terminal_residual_updates": 1,
  "PPO_update_count": 3,
  "PPO_value_loss_mean": 0.9618209799130758,
  "Population_size": 100,
  "Protocol": "saos_e4_replication_v8_20260722",
  "Reference_snapshot_sha256": "6286b6ac3ad977bc322da21c2a7ac4dd747710bb5cf5db898a89391366e900c6",
  "Replication_role": "outcome-informed_new-instance_replication",
  "Reward_HV_corr": 0.24960170342177562,
  "Spread": 1.0242797034037812,
  "TEC_best": 165781.19296101655,
  "Time": 115.74086785316467,
  "Transition_gen": 54,
  "Transition_reason": "coverage_stagnation",
  "WB_best": 213.99999999999955,
  "Worker_count": 40,
  "dataset": "Hurink_edata",
  "front_pickle": "results/resubmission/v8_e4_replication/fronts/Hurink_edata_la37_EnhancedNoBC_R16_g100_seed53.pkl",
  "instance": "la37.fjs",
  "rollout_size_planned": 16,
  "seed": 53,
  "state_dim": 78,
  "state_mode": "enhanced",
  "use_bc": false,
  "variant": "EnhancedNoBC_R16"
}