{
  "Action_seed": 2121283841,
  "BC_confusion_matrix": "[]",
  "BC_epoch_accuracy": "[]",
  "BC_epoch_loss": "[]",
  "BC_final_accuracy": 0.0,
  "BC_final_loss": 0.0,
  "BC_pre_accuracy": 0.0,
  "BC_pre_loss": 0.0,
  "BC_pre_post_KL": 0.0,
  "BC_seed": 1958805704,
  "BC_time": 0.0,
  "Budget": 100,
  "CPU_time": 81.19162395000001,
  "Cmax_best": 111.85701699837607,
  "Code_hash": "557a8cdd80246d5b84433fd06619c5f4572fc6d1061cccffb6c59606560a1e14",
  "Config_hash": "be7c2577b7d6bd7368c96844c11c8dd3066fdcb2bf4dbc68ce6d9fecd95bdb34",
  "Config_json": "{\"rollout\":16,\"state_mode\":\"base_padded\",\"use_bc\":false,\"variant\":\"BasePaddedNoBC_R16\"}",
  "Demo_action_counts": "[7,7,7,7,6,7,8,7,7,7]",
  "Demo_forced_fraction": 0.2857142857142857,
  "Demo_label_entropy": 0.9991106451708882,
  "Demo_nn_disagreement": 0.9285714285714286,
  "Demo_samples": 70,
  "Demo_ucb_margin_median": 0.011774957180023193,
  "Design_hash": "4edc2f84691449d3c998d8b1c95abbc1bc9262603bbbe59f337e6dbe7707a226",
  "Enhanced_constant_feature_fraction": 0.0,
  "Enhanced_feature_samples": 0,
  "Enhanced_near_one_fraction": 0.0,
  "Enhanced_near_zero_fraction": 0.0,
  "Entropy_all": 0.996550629073192,
  "Entropy_last20": 0.8869666231504995,
  "Execution_device": "cpu",
  "Front_semantic_sha256": "0e567bfd8f2d5101d9405156a46e8b3fd7c4e862cad83912e86876227445210f",
  "Front_sha256": "0501cab3fb1acfc78d736cfeab4edbe7a9ffa0181285606b18538e4b4437e7cb",
  "HV_local": 7284331.835005991,
  "Initial_evaluations": 100,
  "Input_hash": "c0c85be1ea5c2f7ddefbd1b40df4aee0d8f0eb2ee32af880c1ee2fe8b3c3c480",
  "Learning_time": 0.0286939674988389,
  "Max_generations": 100,
  "NSol": 47,
  "Network_seed": 1604999848,
  "Offspring_evaluations": 10000,
  "Operator_counts": "[8,10,10,12,10,9,12,11,9,9]",
  "PPO_action_effective_updates": 1,
  "PPO_advantage_std_raw_mean": 0.20409395545721054,
  "PPO_approx_KL_mean": -6.639479397563264e-05,
  "PPO_clip_fraction_mean": 0.0,
  "PPO_discarded_singletons": 0,
  "PPO_effective_optimizer_steps": 4,
  "PPO_effective_samples": 16,
  "PPO_effective_update_time": 0.015374415554106236,
  "PPO_entropy_mean": 2.3017238676548004,
  "PPO_explained_variance_pre_mean": 0.0018527805805206299,
  "PPO_gradient_norm_mean": 0.7114105746150017,
  "PPO_optimizer_steps": 8,
  "PPO_phase_actions": 30,
  "PPO_policy_loss_mean": -0.001418632518054963,
  "PPO_return_std_mean": 0.2042737677693367,
  "PPO_rollout_sizes": "[16,14]",
  "PPO_samples": 30,
  "PPO_seed": 1500418225,
  "PPO_terminal_full_optimizer_steps": 0,
  "PPO_terminal_full_samples": 0,
  "PPO_terminal_full_update_time": 0.0,
  "PPO_terminal_full_updates": 0,
  "PPO_terminal_residual_optimizer_steps": 4,
  "PPO_terminal_residual_samples": 14,
  "PPO_terminal_residual_update_time": 0.013319551944732666,
  "PPO_terminal_residual_updates": 1,
  "PPO_update_count": 2,
  "PPO_value_loss_mean": 0.3191966824233532,
  "Population_size": 100,
  "Protocol": "saos_e4_replication_v8_20260722",
  "Reference_snapshot_sha256": "6286b6ac3ad977bc322da21c2a7ac4dd747710bb5cf5db898a89391366e900c6",
  "Replication_role": "outcome-informed_new-instance_replication",
  "Reward_HV_corr": 0.6497127134179731,
  "Spread": 0.6972892640028506,
  "TEC_best": 3608.321089535367,
  "Time": 81.92738604545593,
  "Transition_gen": 70,
  "Transition_reason": "coverage_latest_guard",
  "WB_best": 35.99999999999998,
  "Worker_count": 40,
  "dataset": "Brandimarte",
  "front_pickle": "results/resubmission/v8_e4_replication/fronts/Brandimarte_Mk04_BasePaddedNoBC_R16_g100_seed53.pkl",
  "instance": "Mk04.fjs",
  "rollout_size_planned": 16,
  "seed": 53,
  "state_dim": 78,
  "state_mode": "base_padded",
  "use_bc": false,
  "variant": "BasePaddedNoBC_R16"
}