{
  "Action_seed": 2121283841,
  "BC_confusion_matrix": "[]",
  "BC_epoch_accuracy": "[]",
  "BC_epoch_loss": "[]",
  "BC_final_accuracy": 0.0,
  "BC_final_loss": 0.0,
  "BC_pre_accuracy": 0.0,
  "BC_pre_loss": 0.0,
  "BC_pre_post_KL": 0.0,
  "BC_seed": 1958805704,
  "BC_time": 0.0,
  "Budget": 100,
  "CPU_time": 104.51986504500019,
  "Cmax_best": 2516.5429086908252,
  "Code_hash": "557a8cdd80246d5b84433fd06619c5f4572fc6d1061cccffb6c59606560a1e14",
  "Config_hash": "316e38e4b56c803c83035f595d8dd9a9c89982fa5ff0ed20203d316fee9ea457",
  "Config_json": "{\"rollout\":16,\"state_mode\":\"enhanced\",\"use_bc\":false,\"variant\":\"EnhancedNoBC_R16\"}",
  "Demo_action_counts": "[4,3,3,3,3,3,3,3,3,3]",
  "Demo_forced_fraction": 0.6451612903225806,
  "Demo_label_entropy": 0.9981193118103135,
  "Demo_nn_disagreement": 0.9032258064516129,
  "Demo_samples": 31,
  "Demo_ucb_margin_median": 0.0,
  "Design_hash": "4edc2f84691449d3c998d8b1c95abbc1bc9262603bbbe59f337e6dbe7707a226",
  "Enhanced_constant_feature_fraction": 0.42592592592592593,
  "Enhanced_feature_samples": 69,
  "Enhanced_near_one_fraction": 0.037037037037037035,
  "Enhanced_near_zero_fraction": 0.3888888888888889,
  "Entropy_all": 0.9879128720898543,
  "Entropy_last20": 0.8983288122256523,
  "Execution_device": "cpu",
  "Front_semantic_sha256": "8ea98e697bc1f46a2005fc349e92417d0bebf76c38eb0973da022cfcea3a7908",
  "Front_sha256": "5d67cf74f2b1b8b38c9cb8317db3273e465511d3c16db14f25ff7f8d98e2733b",
  "HV_local": 4346466723.027914,
  "Initial_evaluations": 100,
  "Input_hash": "c0c85be1ea5c2f7ddefbd1b40df4aee0d8f0eb2ee32af880c1ee2fe8b3c3c480",
  "Learning_time": 0.05852259881794453,
  "Max_generations": 100,
  "NSol": 10,
  "Network_seed": 1604999848,
  "Offspring_evaluations": 10000,
  "Operator_counts": "[10,8,6,15,10,9,11,11,8,12]",
  "PPO_action_effective_updates": 4,
  "PPO_advantage_std_raw_mean": 0.3712372541427612,
  "PPO_approx_KL_mean": 0.0005528898478951661,
  "PPO_clip_fraction_mean": 0.0,
  "PPO_discarded_singletons": 0,
  "PPO_effective_optimizer_steps": 16,
  "PPO_effective_samples": 64,
  "PPO_effective_update_time": 0.04732702113687992,
  "PPO_entropy_mean": 2.3011968970298766,
  "PPO_explained_variance_pre_mean": -0.004237508773803711,
  "PPO_gradient_norm_mean": 1.185680228471756,
  "PPO_optimizer_steps": 20,
  "PPO_phase_actions": 69,
  "PPO_policy_loss_mean": -0.002279439129633687,
  "PPO_return_std_mean": 0.37045290768146516,
  "PPO_rollout_sizes": "[16,16,16,16,5]",
  "PPO_samples": 69,
  "PPO_seed": 1500418225,
  "PPO_terminal_full_optimizer_steps": 0,
  "PPO_terminal_full_samples": 0,
  "PPO_terminal_full_update_time": 0.0,
  "PPO_terminal_full_updates": 0,
  "PPO_terminal_residual_optimizer_steps": 4,
  "PPO_terminal_residual_samples": 5,
  "PPO_terminal_residual_update_time": 0.011195577681064606,
  "PPO_terminal_residual_updates": 1,
  "PPO_update_count": 5,
  "PPO_value_loss_mean": 0.7760329939424991,
  "Population_size": 100,
  "Protocol": "saos_e4_replication_v8_20260722",
  "Reference_snapshot_sha256": "6286b6ac3ad977bc322da21c2a7ac4dd747710bb5cf5db898a89391366e900c6",
  "Replication_role": "outcome-informed_new-instance_replication",
  "Reward_HV_corr": 0.49075645392686873,
  "Spread": 0.8026771010669714,
  "TEC_best": 106421.34993432305,
  "Time": 105.17953991889954,
  "Transition_gen": 31,
  "Transition_reason": "coverage_stagnation",
  "WB_best": 79.99999999999932,
  "Worker_count": 40,
  "dataset": "Hurink_edata",
  "front_pickle": "results/resubmission/v8_e4_replication/fronts/Hurink_edata_la28_EnhancedNoBC_R16_g100_seed53.pkl",
  "instance": "la28.fjs",
  "rollout_size_planned": 16,
  "seed": 53,
  "state_dim": 78,
  "state_mode": "enhanced",
  "use_bc": false,
  "variant": "EnhancedNoBC_R16"
}