{
  "Action_seed": 2121283841,
  "BC_confusion_matrix": "[]",
  "BC_epoch_accuracy": "[]",
  "BC_epoch_loss": "[]",
  "BC_final_accuracy": 0.0,
  "BC_final_loss": 0.0,
  "BC_pre_accuracy": 0.0,
  "BC_pre_loss": 0.0,
  "BC_pre_post_KL": 0.0,
  "BC_seed": 1958805704,
  "BC_time": 0.0,
  "Budget": 100,
  "CPU_time": 52.11067892400001,
  "Cmax_best": 700.6874711882296,
  "Code_hash": "557a8cdd80246d5b84433fd06619c5f4572fc6d1061cccffb6c59606560a1e14",
  "Config_hash": "be7c2577b7d6bd7368c96844c11c8dd3066fdcb2bf4dbc68ce6d9fecd95bdb34",
  "Config_json": "{\"rollout\":16,\"state_mode\":\"base_padded\",\"use_bc\":false,\"variant\":\"BasePaddedNoBC_R16\"}",
  "Demo_action_counts": "[7,7,8,7,6,6,5,6,5,6]",
  "Demo_forced_fraction": 0.31746031746031744,
  "Demo_label_entropy": 0.9955769178852866,
  "Demo_nn_disagreement": 0.9841269841269841,
  "Demo_samples": 63,
  "Demo_ucb_margin_median": 0.011146187782287598,
  "Design_hash": "4edc2f84691449d3c998d8b1c95abbc1bc9262603bbbe59f337e6dbe7707a226",
  "Enhanced_constant_feature_fraction": 0.0,
  "Enhanced_feature_samples": 0,
  "Enhanced_near_one_fraction": 0.0,
  "Enhanced_near_zero_fraction": 0.0,
  "Entropy_all": 0.9955227910810887,
  "Entropy_last20": 0.9343073081064346,
  "Execution_device": "cpu",
  "Front_semantic_sha256": "8e273af2ff4f8ddf474a3004c5d7c17b2350088c39461c13a94f622a1aef7ead",
  "Front_sha256": "ef550deaad28806dd1cc9d74780da50636b7982ddb43fabf2421f44685d17a20",
  "HV_local": 1396000231.9053674,
  "Initial_evaluations": 100,
  "Input_hash": "c0c85be1ea5c2f7ddefbd1b40df4aee0d8f0eb2ee32af880c1ee2fe8b3c3c480",
  "Learning_time": 0.037539721466600895,
  "Max_generations": 100,
  "NSol": 21,
  "Network_seed": 1604999848,
  "Offspring_evaluations": 10000,
  "Operator_counts": "[9,10,11,12,12,9,10,10,7,10]",
  "PPO_action_effective_updates": 2,
  "PPO_advantage_std_raw_mean": 0.29909927149613696,
  "PPO_approx_KL_mean": 0.00035660712940928835,
  "PPO_clip_fraction_mean": 0.0,
  "PPO_discarded_singletons": 0,
  "PPO_effective_optimizer_steps": 8,
  "PPO_effective_samples": 32,
  "PPO_effective_update_time": 0.02460653893649578,
  "PPO_entropy_mean": 2.3017934362093606,
  "PPO_explained_variance_pre_mean": -0.0017072359720865886,
  "PPO_gradient_norm_mean": 0.8444132705529531,
  "PPO_optimizer_steps": 12,
  "PPO_phase_actions": 37,
  "PPO_policy_loss_mean": -0.00125881727629699,
  "PPO_return_std_mean": 0.29884400467077893,
  "PPO_rollout_sizes": "[16,16,5]",
  "PPO_samples": 37,
  "PPO_seed": 1500418225,
  "PPO_terminal_full_optimizer_steps": 0,
  "PPO_terminal_full_samples": 0,
  "PPO_terminal_full_update_time": 0.0,
  "PPO_terminal_full_updates": 0,
  "PPO_terminal_residual_optimizer_steps": 4,
  "PPO_terminal_residual_samples": 5,
  "PPO_terminal_residual_update_time": 0.012933182530105114,
  "PPO_terminal_residual_updates": 1,
  "PPO_update_count": 3,
  "PPO_value_loss_mean": 0.5003248018523058,
  "Population_size": 100,
  "Protocol": "saos_e4_replication_v8_20260722",
  "Reference_snapshot_sha256": "6286b6ac3ad977bc322da21c2a7ac4dd747710bb5cf5db898a89391366e900c6",
  "Replication_role": "outcome-informed_new-instance_replication",
  "Reward_HV_corr": 0.525553658229251,
  "Spread": 1.1171456231909522,
  "TEC_best": 23249.868769324865,
  "Time": 52.284390449523926,
  "Transition_gen": 63,
  "Transition_reason": "coverage_stagnation",
  "WB_best": 125.99999999999966,
  "Worker_count": 40,
  "dataset": "Hurink_edata",
  "front_pickle": "results/resubmission/v8_e4_replication/fronts/Hurink_edata_la05_BasePaddedNoBC_R16_g100_seed53.pkl",
  "instance": "la05.fjs",
  "rollout_size_planned": 16,
  "seed": 53,
  "state_dim": 78,
  "state_mode": "base_padded",
  "use_bc": false,
  "variant": "BasePaddedNoBC_R16"
}