{
  "Action_seed": 3835360792,
  "BC_confusion_matrix": "[]",
  "BC_epoch_accuracy": "[]",
  "BC_epoch_loss": "[]",
  "BC_final_accuracy": 0.0,
  "BC_final_loss": 0.0,
  "BC_pre_accuracy": 0.0,
  "BC_pre_loss": 0.0,
  "BC_pre_post_KL": 0.0,
  "BC_seed": 4057508279,
  "BC_time": 0.0,
  "Budget": 100,
  "CPU_time": 52.808783929000015,
  "Cmax_best": 650.786448488837,
  "Code_hash": "557a8cdd80246d5b84433fd06619c5f4572fc6d1061cccffb6c59606560a1e14",
  "Config_hash": "316e38e4b56c803c83035f595d8dd9a9c89982fa5ff0ed20203d316fee9ea457",
  "Config_json": "{\"rollout\":16,\"state_mode\":\"enhanced\",\"use_bc\":false,\"variant\":\"EnhancedNoBC_R16\"}",
  "Demo_action_counts": "[7,5,6,5,5,4,5,6,5,5]",
  "Demo_forced_fraction": 0.37735849056603776,
  "Demo_label_entropy": 0.9953920699763373,
  "Demo_nn_disagreement": 0.9622641509433962,
  "Demo_samples": 53,
  "Demo_ucb_margin_median": 0.005398750305175781,
  "Design_hash": "4edc2f84691449d3c998d8b1c95abbc1bc9262603bbbe59f337e6dbe7707a226",
  "Enhanced_constant_feature_fraction": 0.42592592592592593,
  "Enhanced_feature_samples": 47,
  "Enhanced_near_one_fraction": 0.037037037037037035,
  "Enhanced_near_zero_fraction": 0.3888888888888889,
  "Entropy_all": 0.9941776346524477,
  "Entropy_last20": 0.9284318117920506,
  "Execution_device": "cpu",
  "Front_semantic_sha256": "b22bc6e8a88dba312aabb96ce08b7cb0c0306902489388936b0edee198c80099",
  "Front_sha256": "dd673c09269595a2282b68f952f3899261c5d87d26d34fa4feaf315f7dcc7fbf",
  "HV_local": 549664746.5972223,
  "Initial_evaluations": 100,
  "Input_hash": "c0c85be1ea5c2f7ddefbd1b40df4aee0d8f0eb2ee32af880c1ee2fe8b3c3c480",
  "Learning_time": 0.04102292284369469,
  "Max_generations": 100,
  "NSol": 16,
  "Network_seed": 1790271553,
  "Offspring_evaluations": 10000,
  "Operator_counts": "[14,10,8,9,11,11,9,10,10,8]",
  "PPO_action_effective_updates": 2,
  "PPO_advantage_std_raw_mean": 0.331562340259552,
  "PPO_approx_KL_mean": -0.00126168081834388,
  "PPO_clip_fraction_mean": 0.0,
  "PPO_discarded_singletons": 0,
  "PPO_effective_optimizer_steps": 8,
  "PPO_effective_samples": 32,
  "PPO_effective_update_time": 0.025291589088737965,
  "PPO_entropy_mean": 2.2987165649731955,
  "PPO_explained_variance_pre_mean": 0.0026258031527201333,
  "PPO_gradient_norm_mean": 0.8893774449825287,
  "PPO_optimizer_steps": 12,
  "PPO_phase_actions": 47,
  "PPO_policy_loss_mean": -0.0023955640457442584,
  "PPO_return_std_mean": 0.33203137914339703,
  "PPO_rollout_sizes": "[16,16,15]",
  "PPO_samples": 47,
  "PPO_seed": 13725029,
  "PPO_terminal_full_optimizer_steps": 0,
  "PPO_terminal_full_samples": 0,
  "PPO_terminal_full_update_time": 0.0,
  "PPO_terminal_full_updates": 0,
  "PPO_terminal_residual_optimizer_steps": 4,
  "PPO_terminal_residual_samples": 15,
  "PPO_terminal_residual_update_time": 0.015731333754956722,
  "PPO_terminal_residual_updates": 1,
  "PPO_update_count": 3,
  "PPO_value_loss_mean": 0.5062321821848551,
  "Population_size": 100,
  "Protocol": "saos_e4_replication_v8_20260722",
  "Reference_snapshot_sha256": "6286b6ac3ad977bc322da21c2a7ac4dd747710bb5cf5db898a89391366e900c6",
  "Replication_role": "outcome-informed_new-instance_replication",
  "Reward_HV_corr": 0.6345516674600603,
  "Spread": 0.8360331980428841,
  "TEC_best": 23199.679628884103,
  "Time": 53.05226254463196,
  "Transition_gen": 53,
  "Transition_reason": "coverage_stagnation",
  "WB_best": 125.99999999999977,
  "Worker_count": 40,
  "dataset": "Hurink_edata",
  "front_pickle": "results/resubmission/v8_e4_replication/fronts/Hurink_edata_la05_EnhancedNoBC_R16_g100_seed52.pkl",
  "instance": "la05.fjs",
  "rollout_size_planned": 16,
  "seed": 52,
  "state_dim": 78,
  "state_mode": "enhanced",
  "use_bc": false,
  "variant": "EnhancedNoBC_R16"
}