{
  "Action_seed": 3069305879,
  "BC_confusion_matrix": "[]",
  "BC_epoch_accuracy": "[]",
  "BC_epoch_loss": "[]",
  "BC_final_accuracy": 0.0,
  "BC_final_loss": 0.0,
  "BC_pre_accuracy": 0.0,
  "BC_pre_loss": 0.0,
  "BC_pre_post_KL": 0.0,
  "BC_seed": 117269218,
  "BC_time": 0.0,
  "Budget": 100,
  "CPU_time": 117.53704025600018,
  "Cmax_best": 3373.323580792237,
  "Code_hash": "557a8cdd80246d5b84433fd06619c5f4572fc6d1061cccffb6c59606560a1e14",
  "Config_hash": "316e38e4b56c803c83035f595d8dd9a9c89982fa5ff0ed20203d316fee9ea457",
  "Config_json": "{\"rollout\":16,\"state_mode\":\"enhanced\",\"use_bc\":false,\"variant\":\"EnhancedNoBC_R16\"}",
  "Demo_action_counts": "[7,7,8,7,7,7,7,7,5,5]",
  "Demo_forced_fraction": 0.29850746268656714,
  "Demo_label_entropy": 0.9958625056859858,
  "Demo_nn_disagreement": 0.8656716417910447,
  "Demo_samples": 67,
  "Demo_ucb_margin_median": 0.011371135711669922,
  "Design_hash": "4edc2f84691449d3c998d8b1c95abbc1bc9262603bbbe59f337e6dbe7707a226",
  "Enhanced_constant_feature_fraction": 0.42592592592592593,
  "Enhanced_feature_samples": 33,
  "Enhanced_near_one_fraction": 0.037037037037037035,
  "Enhanced_near_zero_fraction": 0.3888888888888889,
  "Entropy_all": 0.9895632584623358,
  "Entropy_last20": 0.8983288122256525,
  "Execution_device": "cpu",
  "Front_semantic_sha256": "5354da6b623e7b97a18177de456e33121869499f04be37b2a10e16d5e3caf947",
  "Front_sha256": "7541b30694382f6e64e9aa9583677be142dec1449bb5fce3542097f56db7ce3d",
  "HV_local": 4586317987.873567,
  "Initial_evaluations": 100,
  "Input_hash": "c0c85be1ea5c2f7ddefbd1b40df4aee0d8f0eb2ee32af880c1ee2fe8b3c3c480",
  "Learning_time": 0.02394593134522438,
  "Max_generations": 100,
  "NSol": 2,
  "Network_seed": 2743625714,
  "Offspring_evaluations": 10000,
  "Operator_counts": "[11,11,10,8,12,9,15,8,9,7]",
  "PPO_action_effective_updates": 2,
  "PPO_advantage_std_raw_mean": 0.2105952426791191,
  "PPO_approx_KL_mean": 0.0008119214326143265,
  "PPO_clip_fraction_mean": 0.0,
  "PPO_discarded_singletons": 1,
  "PPO_effective_optimizer_steps": 8,
  "PPO_effective_samples": 32,
  "PPO_effective_update_time": 0.02394593134522438,
  "PPO_entropy_mean": 2.2966900765895844,
  "PPO_explained_variance_pre_mean": -0.011175751686096191,
  "PPO_gradient_norm_mean": 0.8832724913954735,
  "PPO_optimizer_steps": 8,
  "PPO_phase_actions": 33,
  "PPO_policy_loss_mean": -0.00314350426197052,
  "PPO_return_std_mean": 0.20944621413946152,
  "PPO_rollout_sizes": "[16,16]",
  "PPO_samples": 32,
  "PPO_seed": 2625058009,
  "PPO_terminal_full_optimizer_steps": 0,
  "PPO_terminal_full_samples": 0,
  "PPO_terminal_full_update_time": 0.0,
  "PPO_terminal_full_updates": 0,
  "PPO_terminal_residual_optimizer_steps": 0,
  "PPO_terminal_residual_samples": 0,
  "PPO_terminal_residual_update_time": 0.0,
  "PPO_terminal_residual_updates": 0,
  "PPO_update_count": 2,
  "PPO_value_loss_mean": 0.2958877757191658,
  "Population_size": 100,
  "Protocol": "saos_e4_replication_v8_20260722",
  "Reference_snapshot_sha256": "6286b6ac3ad977bc322da21c2a7ac4dd747710bb5cf5db898a89391366e900c6",
  "Replication_role": "outcome-informed_new-instance_replication",
  "Reward_HV_corr": 0.38096705646308127,
  "Spread": 0.8121794726873601,
  "TEC_best": 166729.60647617545,
  "Time": 117.99832367897034,
  "Transition_gen": 67,
  "Transition_reason": "coverage_stagnation",
  "WB_best": 213.99999999999898,
  "Worker_count": 40,
  "dataset": "Hurink_edata",
  "front_pickle": "results/resubmission/v8_e4_replication/fronts/Hurink_edata_la37_EnhancedNoBC_R16_g100_seed54.pkl",
  "instance": "la37.fjs",
  "rollout_size_planned": 16,
  "seed": 54,
  "state_dim": 78,
  "state_mode": "enhanced",
  "use_bc": false,
  "variant": "EnhancedNoBC_R16"
}