{
  "Action_seed": 934272733,
  "BC_confusion_matrix": "[]",
  "BC_epoch_accuracy": "[]",
  "BC_epoch_loss": "[]",
  "BC_final_accuracy": 0.0,
  "BC_final_loss": 0.0,
  "BC_pre_accuracy": 0.0,
  "BC_pre_loss": 0.0,
  "BC_pre_post_KL": 0.0,
  "BC_seed": 1720968262,
  "BC_time": 0.0,
  "Budget": 100,
  "CPU_time": 143.61590987099999,
  "Cmax_best": 3651.7667667038677,
  "Code_hash": "557a8cdd80246d5b84433fd06619c5f4572fc6d1061cccffb6c59606560a1e14",
  "Config_hash": "be7c2577b7d6bd7368c96844c11c8dd3066fdcb2bf4dbc68ce6d9fecd95bdb34",
  "Config_json": "{\"rollout\":16,\"state_mode\":\"base_padded\",\"use_bc\":false,\"variant\":\"BasePaddedNoBC_R16\"}",
  "Demo_action_counts": "[7,7,8,7,7,7,7,6,5,5]",
  "Demo_forced_fraction": 0.30303030303030304,
  "Demo_label_entropy": 0.9956432518722261,
  "Demo_nn_disagreement": 0.8787878787878788,
  "Demo_samples": 66,
  "Demo_ucb_margin_median": 0.014538288116455078,
  "Design_hash": "4edc2f84691449d3c998d8b1c95abbc1bc9262603bbbe59f337e6dbe7707a226",
  "Enhanced_constant_feature_fraction": 0.0,
  "Enhanced_feature_samples": 0,
  "Enhanced_near_one_fraction": 0.0,
  "Enhanced_near_zero_fraction": 0.0,
  "Entropy_all": 0.992319416652495,
  "Entropy_last20": 0.8756044340753463,
  "Execution_device": "cpu",
  "Front_semantic_sha256": "473bf35e9883a2908049f811c21b68320d27be9f47e84eab5a60f8ca74a0e026",
  "Front_sha256": "f1d6bd2b418cab66e7d3a9e4e3fa2b7feaad8200df14391b7397de6cbbd93fe6",
  "HV_local": 5007408963.994443,
  "Initial_evaluations": 100,
  "Input_hash": "c0c85be1ea5c2f7ddefbd1b40df4aee0d8f0eb2ee32af880c1ee2fe8b3c3c480",
  "Learning_time": 0.03540808707475662,
  "Max_generations": 100,
  "NSol": 1,
  "Network_seed": 147388563,
  "Offspring_evaluations": 10000,
  "Operator_counts": "[10,12,11,10,8,14,10,9,7,9]",
  "PPO_action_effective_updates": 2,
  "PPO_advantage_std_raw_mean": 0.2009643390774727,
  "PPO_approx_KL_mean": -0.0008118860423564911,
  "PPO_clip_fraction_mean": 0.0,
  "PPO_discarded_singletons": 0,
  "PPO_effective_optimizer_steps": 8,
  "PPO_effective_samples": 32,
  "PPO_effective_update_time": 0.02376227080821991,
  "PPO_entropy_mean": 2.2987398902575173,
  "PPO_explained_variance_pre_mean": -0.0025968154271443686,
  "PPO_gradient_norm_mean": 0.7229204078515371,
  "PPO_optimizer_steps": 12,
  "PPO_phase_actions": 34,
  "PPO_policy_loss_mean": -0.0016083734420438607,
  "PPO_return_std_mean": 0.20119036982456842,
  "PPO_rollout_sizes": "[16,16,2]",
  "PPO_samples": 34,
  "PPO_seed": 1905161551,
  "PPO_terminal_full_optimizer_steps": 0,
  "PPO_terminal_full_samples": 0,
  "PPO_terminal_full_update_time": 0.0,
  "PPO_terminal_full_updates": 0,
  "PPO_terminal_residual_optimizer_steps": 4,
  "PPO_terminal_residual_samples": 2,
  "PPO_terminal_residual_update_time": 0.011645816266536713,
  "PPO_terminal_residual_updates": 1,
  "PPO_update_count": 3,
  "PPO_value_loss_mean": 0.3072869526222348,
  "Population_size": 100,
  "Protocol": "saos_e4_replication_v8_20260722",
  "Reference_snapshot_sha256": "6286b6ac3ad977bc322da21c2a7ac4dd747710bb5cf5db898a89391366e900c6",
  "Replication_role": "outcome-informed_new-instance_replication",
  "Reward_HV_corr": 0.44654091624816383,
  "Spread": 1.0661891128182397,
  "TEC_best": 165430.22210648097,
  "Time": 144.05897164344788,
  "Transition_gen": 66,
  "Transition_reason": "coverage_stagnation",
  "WB_best": 430.9999999999991,
  "Worker_count": 40,
  "dataset": "Hurink_edata",
  "front_pickle": "results/resubmission/v8_e4_replication/fronts/Hurink_edata_la35_BasePaddedNoBC_R16_g100_seed56.pkl",
  "instance": "la35.fjs",
  "rollout_size_planned": 16,
  "seed": 56,
  "state_dim": 78,
  "state_mode": "base_padded",
  "use_bc": false,
  "variant": "BasePaddedNoBC_R16"
}