{
  "Action_seed": 3356307559,
  "BC_confusion_matrix": "[]",
  "BC_epoch_accuracy": "[]",
  "BC_epoch_loss": "[]",
  "BC_final_accuracy": 0.0,
  "BC_final_loss": 0.0,
  "BC_pre_accuracy": 0.0,
  "BC_pre_loss": 0.0,
  "BC_pre_post_KL": 0.0,
  "BC_seed": 4095219117,
  "BC_time": 0.0,
  "Budget": 100,
  "CPU_time": 51.58134751299997,
  "Cmax_best": 679.8743342761394,
  "Code_hash": "557a8cdd80246d5b84433fd06619c5f4572fc6d1061cccffb6c59606560a1e14",
  "Config_hash": "be7c2577b7d6bd7368c96844c11c8dd3066fdcb2bf4dbc68ce6d9fecd95bdb34",
  "Config_json": "{\"rollout\":16,\"state_mode\":\"base_padded\",\"use_bc\":false,\"variant\":\"BasePaddedNoBC_R16\"}",
  "Demo_action_counts": "[7,7,7,5,5,4,5,6,4,6]",
  "Demo_forced_fraction": 0.35714285714285715,
  "Demo_label_entropy": 0.9912968869960734,
  "Demo_nn_disagreement": 1.0,
  "Demo_samples": 56,
  "Demo_ucb_margin_median": 0.005216062068939209,
  "Design_hash": "4edc2f84691449d3c998d8b1c95abbc1bc9262603bbbe59f337e6dbe7707a226",
  "Enhanced_constant_feature_fraction": 0.0,
  "Enhanced_feature_samples": 0,
  "Enhanced_near_one_fraction": 0.0,
  "Enhanced_near_zero_fraction": 0.0,
  "Entropy_all": 0.9930023622747193,
  "Entropy_last20": 0.9397940008672038,
  "Execution_device": "cpu",
  "Front_semantic_sha256": "3229bae303cb67f121426c3257da1d1cac0935c2a2582fde5f3692aff572bd7e",
  "Front_sha256": "281b4ae558cdcb0f92241d6ee17d31edeb73bd3e490df01f86fc4360867b44ce",
  "HV_local": 215868712.6152321,
  "Initial_evaluations": 100,
  "Input_hash": "c0c85be1ea5c2f7ddefbd1b40df4aee0d8f0eb2ee32af880c1ee2fe8b3c3c480",
  "Learning_time": 0.03914549760520458,
  "Max_generations": 100,
  "NSol": 14,
  "Network_seed": 1262220414,
  "Offspring_evaluations": 10000,
  "Operator_counts": "[9,10,11,9,12,9,11,11,6,12]",
  "PPO_action_effective_updates": 2,
  "PPO_advantage_std_raw_mean": 0.34083377321561176,
  "PPO_approx_KL_mean": 0.00043866121147099574,
  "PPO_clip_fraction_mean": 0.0,
  "PPO_discarded_singletons": 0,
  "PPO_effective_optimizer_steps": 8,
  "PPO_effective_samples": 32,
  "PPO_effective_update_time": 0.027051212266087532,
  "PPO_entropy_mean": 2.2994138995806375,
  "PPO_explained_variance_pre_mean": -0.005732913812001546,
  "PPO_gradient_norm_mean": 0.8190016249815623,
  "PPO_optimizer_steps": 12,
  "PPO_phase_actions": 44,
  "PPO_policy_loss_mean": -0.0017942759328031244,
  "PPO_return_std_mean": 0.33991140127182007,
  "PPO_rollout_sizes": "[16,16,12]",
  "PPO_samples": 44,
  "PPO_seed": 3196798417,
  "PPO_terminal_full_optimizer_steps": 0,
  "PPO_terminal_full_samples": 0,
  "PPO_terminal_full_update_time": 0.0,
  "PPO_terminal_full_updates": 0,
  "PPO_terminal_residual_optimizer_steps": 4,
  "PPO_terminal_residual_samples": 12,
  "PPO_terminal_residual_update_time": 0.01209428533911705,
  "PPO_terminal_residual_updates": 1,
  "PPO_update_count": 3,
  "PPO_value_loss_mean": 0.49665190527836484,
  "Population_size": 100,
  "Protocol": "saos_e4_replication_v8_20260722",
  "Reference_snapshot_sha256": "6286b6ac3ad977bc322da21c2a7ac4dd747710bb5cf5db898a89391366e900c6",
  "Replication_role": "outcome-informed_new-instance_replication",
  "Reward_HV_corr": 0.5515674331729085,
  "Spread": 0.9725751301878038,
  "TEC_best": 23161.994923540573,
  "Time": 51.780555963516235,
  "Transition_gen": 56,
  "Transition_reason": "coverage_stagnation",
  "WB_best": 125.99999999999972,
  "Worker_count": 40,
  "dataset": "Hurink_edata",
  "front_pickle": "results/resubmission/v8_e4_replication/fronts/Hurink_edata_la05_BasePaddedNoBC_R16_g100_seed55.pkl",
  "instance": "la05.fjs",
  "rollout_size_planned": 16,
  "seed": 55,
  "state_dim": 78,
  "state_mode": "base_padded",
  "use_bc": false,
  "variant": "BasePaddedNoBC_R16"
}