{
  "Action_seed": 3069305879,
  "BC_confusion_matrix": "[]",
  "BC_epoch_accuracy": "[]",
  "BC_epoch_loss": "[]",
  "BC_final_accuracy": 0.0,
  "BC_final_loss": 0.0,
  "BC_pre_accuracy": 0.0,
  "BC_pre_loss": 0.0,
  "BC_pre_post_KL": 0.0,
  "BC_seed": 117269218,
  "BC_time": 0.0,
  "Budget": 100,
  "CPU_time": 75.87957569199989,
  "Cmax_best": 1098.569151235822,
  "Code_hash": "557a8cdd80246d5b84433fd06619c5f4572fc6d1061cccffb6c59606560a1e14",
  "Config_hash": "be7c2577b7d6bd7368c96844c11c8dd3066fdcb2bf4dbc68ce6d9fecd95bdb34",
  "Config_json": "{\"rollout\":16,\"state_mode\":\"base_padded\",\"use_bc\":false,\"variant\":\"BasePaddedNoBC_R16\"}",
  "Demo_action_counts": "[5,4,4,4,4,4,4,5,4,4]",
  "Demo_forced_fraction": 0.47619047619047616,
  "Demo_label_entropy": 0.9981154864489722,
  "Demo_nn_disagreement": 1.0,
  "Demo_samples": 42,
  "Demo_ucb_margin_median": 0.003277122974395752,
  "Design_hash": "4edc2f84691449d3c998d8b1c95abbc1bc9262603bbbe59f337e6dbe7707a226",
  "Enhanced_constant_feature_fraction": 0.0,
  "Enhanced_feature_samples": 0,
  "Enhanced_near_one_fraction": 0.0,
  "Enhanced_near_zero_fraction": 0.0,
  "Entropy_all": 0.9854895177768765,
  "Entropy_last20": 0.9057074336417442,
  "Execution_device": "cpu",
  "Front_semantic_sha256": "1c88f5021b27e8bd3c2d65e7ca916644229c4f66bf18467441f10e378062e0bd",
  "Front_sha256": "3b3f958c6c84d227d075fdb01bee5fb6588d67c1b3797d453e56f2dc4eddfbb7",
  "HV_local": 1166968083.9463186,
  "Initial_evaluations": 100,
  "Input_hash": "c0c85be1ea5c2f7ddefbd1b40df4aee0d8f0eb2ee32af880c1ee2fe8b3c3c480",
  "Learning_time": 0.06041292753070593,
  "Max_generations": 100,
  "NSol": 17,
  "Network_seed": 2743625714,
  "Offspring_evaluations": 10000,
  "Operator_counts": "[11,11,7,9,11,7,16,8,12,8]",
  "PPO_action_effective_updates": 3,
  "PPO_advantage_std_raw_mean": 0.3137710243463516,
  "PPO_approx_KL_mean": 0.0006250943970371736,
  "PPO_clip_fraction_mean": 0.0,
  "PPO_discarded_singletons": 0,
  "PPO_effective_optimizer_steps": 12,
  "PPO_effective_samples": 48,
  "PPO_effective_update_time": 0.04560234025120735,
  "PPO_entropy_mean": 2.2994053214788437,
  "PPO_explained_variance_pre_mean": -0.004664018750190735,
  "PPO_gradient_norm_mean": 0.7894625663757324,
  "PPO_optimizer_steps": 16,
  "PPO_phase_actions": 58,
  "PPO_policy_loss_mean": -0.0014175057192915563,
  "PPO_return_std_mean": 0.31305867433547974,
  "PPO_rollout_sizes": "[16,16,16,10]",
  "PPO_samples": 58,
  "PPO_seed": 2625058009,
  "PPO_terminal_full_optimizer_steps": 0,
  "PPO_terminal_full_samples": 0,
  "PPO_terminal_full_update_time": 0.0,
  "PPO_terminal_full_updates": 0,
  "PPO_terminal_residual_optimizer_steps": 4,
  "PPO_terminal_residual_samples": 10,
  "PPO_terminal_residual_update_time": 0.014810587279498577,
  "PPO_terminal_residual_updates": 1,
  "PPO_update_count": 4,
  "PPO_value_loss_mean": 0.4465693747624755,
  "Population_size": 100,
  "Protocol": "saos_e4_replication_v8_20260722",
  "Reference_snapshot_sha256": "6286b6ac3ad977bc322da21c2a7ac4dd747710bb5cf5db898a89391366e900c6",
  "Replication_role": "outcome-informed_new-instance_replication",
  "Reward_HV_corr": 0.5479224719862495,
  "Spread": 0.7664538881718804,
  "TEC_best": 35919.99857251,
  "Time": 76.614666223526,
  "Transition_gen": 42,
  "Transition_reason": "coverage_stagnation",
  "WB_best": 176.99999999999966,
  "Worker_count": 40,
  "dataset": "Hurink_edata",
  "front_pickle": "results/resubmission/v8_e4_replication/fronts/Hurink_edata_la08_BasePaddedNoBC_R16_g100_seed54.pkl",
  "instance": "la08.fjs",
  "rollout_size_planned": 16,
  "seed": 54,
  "state_dim": 78,
  "state_mode": "base_padded",
  "use_bc": false,
  "variant": "BasePaddedNoBC_R16"
}