{
  "Action_seed": 2121283841,
  "BC_confusion_matrix": "[]",
  "BC_epoch_accuracy": "[]",
  "BC_epoch_loss": "[]",
  "BC_final_accuracy": 0.0,
  "BC_final_loss": 0.0,
  "BC_pre_accuracy": 0.0,
  "BC_pre_loss": 0.0,
  "BC_pre_post_KL": 0.0,
  "BC_seed": 1958805704,
  "BC_time": 0.0,
  "Budget": 100,
  "CPU_time": 96.04790424500015,
  "Cmax_best": 1804.6311633613138,
  "Code_hash": "557a8cdd80246d5b84433fd06619c5f4572fc6d1061cccffb6c59606560a1e14",
  "Config_hash": "be7c2577b7d6bd7368c96844c11c8dd3066fdcb2bf4dbc68ce6d9fecd95bdb34",
  "Config_json": "{\"rollout\":16,\"state_mode\":\"base_padded\",\"use_bc\":false,\"variant\":\"BasePaddedNoBC_R16\"}",
  "Demo_action_counts": "[7,7,7,7,6,5,5,6,4,6]",
  "Demo_forced_fraction": 0.3333333333333333,
  "Demo_label_entropy": 0.9936944564506965,
  "Demo_nn_disagreement": 0.9833333333333333,
  "Demo_samples": 60,
  "Demo_ucb_margin_median": 0.004805505275726318,
  "Design_hash": "4edc2f84691449d3c998d8b1c95abbc1bc9262603bbbe59f337e6dbe7707a226",
  "Enhanced_constant_feature_fraction": 0.0,
  "Enhanced_feature_samples": 0,
  "Enhanced_near_one_fraction": 0.0,
  "Enhanced_near_zero_fraction": 0.0,
  "Entropy_all": 0.9931147138018384,
  "Entropy_last20": 0.9170696227168975,
  "Execution_device": "cpu",
  "Front_semantic_sha256": "ea50db3a55156a0fd7fdf0f79a1103651b54a730a124f4e60ed5d5f59e61bdc1",
  "Front_sha256": "3e2fa1ff93d046cda5ee472862998e02ade5eaf3a882c4c6a2c7427e8c70094a",
  "HV_local": 335301233.7283363,
  "Initial_evaluations": 100,
  "Input_hash": "c0c85be1ea5c2f7ddefbd1b40df4aee0d8f0eb2ee32af880c1ee2fe8b3c3c480",
  "Learning_time": 0.03864427097141743,
  "Max_generations": 100,
  "NSol": 2,
  "Network_seed": 1604999848,
  "Offspring_evaluations": 10000,
  "Operator_counts": "[10,10,10,13,12,9,10,10,6,10]",
  "PPO_action_effective_updates": 2,
  "PPO_advantage_std_raw_mean": 0.4267669419447581,
  "PPO_approx_KL_mean": 0.00020679086446762085,
  "PPO_clip_fraction_mean": 0.0,
  "PPO_discarded_singletons": 0,
  "PPO_effective_optimizer_steps": 8,
  "PPO_effective_samples": 32,
  "PPO_effective_update_time": 0.025718397460877895,
  "PPO_entropy_mean": 2.301815410455068,
  "PPO_explained_variance_pre_mean": 0.001296540101369222,
  "PPO_gradient_norm_mean": 1.1314864804347355,
  "PPO_optimizer_steps": 12,
  "PPO_phase_actions": 40,
  "PPO_policy_loss_mean": -0.0010165506973862648,
  "PPO_return_std_mean": 0.4270431001981099,
  "PPO_rollout_sizes": "[16,16,8]",
  "PPO_samples": 40,
  "PPO_seed": 1500418225,
  "PPO_terminal_full_optimizer_steps": 0,
  "PPO_terminal_full_samples": 0,
  "PPO_terminal_full_update_time": 0.0,
  "PPO_terminal_full_updates": 0,
  "PPO_terminal_residual_optimizer_steps": 4,
  "PPO_terminal_residual_samples": 8,
  "PPO_terminal_residual_update_time": 0.012925873510539532,
  "PPO_terminal_residual_updates": 1,
  "PPO_update_count": 3,
  "PPO_value_loss_mean": 0.9788526942332586,
  "Population_size": 100,
  "Protocol": "saos_e4_replication_v8_20260722",
  "Reference_snapshot_sha256": "6286b6ac3ad977bc322da21c2a7ac4dd747710bb5cf5db898a89391366e900c6",
  "Replication_role": "outcome-informed_new-instance_replication",
  "Reward_HV_corr": 0.3865427525094051,
  "Spread": 0.769654255634157,
  "TEC_best": 83427.1611202893,
  "Time": 96.52121424674988,
  "Transition_gen": 60,
  "Transition_reason": "coverage_stagnation",
  "WB_best": 205.99999999999955,
  "Worker_count": 40,
  "dataset": "Hurink_edata",
  "front_pickle": "results/resubmission/v8_e4_replication/fronts/Hurink_edata_la22_BasePaddedNoBC_R16_g100_seed53.pkl",
  "instance": "la22.fjs",
  "rollout_size_planned": 16,
  "seed": 53,
  "state_dim": 78,
  "state_mode": "base_padded",
  "use_bc": false,
  "variant": "BasePaddedNoBC_R16"
}