{
  "Action_seed": 3069305879,
  "BC_confusion_matrix": "[]",
  "BC_epoch_accuracy": "[]",
  "BC_epoch_loss": "[]",
  "BC_final_accuracy": 0.0,
  "BC_final_loss": 0.0,
  "BC_pre_accuracy": 0.0,
  "BC_pre_loss": 0.0,
  "BC_pre_post_KL": 0.0,
  "BC_seed": 117269218,
  "BC_time": 0.0,
  "Budget": 100,
  "CPU_time": 144.44578602,
  "Cmax_best": 3263.458540655969,
  "Code_hash": "557a8cdd80246d5b84433fd06619c5f4572fc6d1061cccffb6c59606560a1e14",
  "Config_hash": "316e38e4b56c803c83035f595d8dd9a9c89982fa5ff0ed20203d316fee9ea457",
  "Config_json": "{\"rollout\":16,\"state_mode\":\"enhanced\",\"use_bc\":false,\"variant\":\"EnhancedNoBC_R16\"}",
  "Demo_action_counts": "[7,7,8,8,7,7,6,5,4,5]",
  "Demo_forced_fraction": 0.3125,
  "Demo_label_entropy": 0.9908825923706965,
  "Demo_nn_disagreement": 0.8125,
  "Demo_samples": 64,
  "Demo_ucb_margin_median": 0.009477198123931885,
  "Design_hash": "4edc2f84691449d3c998d8b1c95abbc1bc9262603bbbe59f337e6dbe7707a226",
  "Enhanced_constant_feature_fraction": 0.42592592592592593,
  "Enhanced_feature_samples": 36,
  "Enhanced_near_one_fraction": 0.037037037037037035,
  "Enhanced_near_zero_fraction": 0.3888888888888889,
  "Entropy_all": 0.9885354204702325,
  "Entropy_last20": 0.9170696227168973,
  "Execution_device": "cpu",
  "Front_semantic_sha256": "c2180481cc63d29984c06e057047429365ce11a7b15da83bc2e8f66aa016cf0a",
  "Front_sha256": "d29d4840e948765e06c786db24c3a1fa2f5da9d9dd3d55126d6c044ce0a308b4",
  "HV_local": 11546833929.596619,
  "Initial_evaluations": 100,
  "Input_hash": "c0c85be1ea5c2f7ddefbd1b40df4aee0d8f0eb2ee32af880c1ee2fe8b3c3c480",
  "Learning_time": 0.03564274590462446,
  "Max_generations": 100,
  "NSol": 6,
  "Network_seed": 2743625714,
  "Offspring_evaluations": 10000,
  "Operator_counts": "[11,11,10,10,12,9,15,7,8,7]",
  "PPO_action_effective_updates": 2,
  "PPO_advantage_std_raw_mean": 0.30442920327186584,
  "PPO_approx_KL_mean": 0.0008746547003587087,
  "PPO_clip_fraction_mean": 0.0,
  "PPO_discarded_singletons": 0,
  "PPO_effective_optimizer_steps": 8,
  "PPO_effective_samples": 32,
  "PPO_effective_update_time": 0.02425559889525175,
  "PPO_entropy_mean": 2.296817183494568,
  "PPO_explained_variance_pre_mean": -0.00867617130279541,
  "PPO_gradient_norm_mean": 1.2378190408150356,
  "PPO_optimizer_steps": 12,
  "PPO_phase_actions": 36,
  "PPO_policy_loss_mean": -0.0041840216144919395,
  "PPO_return_std_mean": 0.3027416467666626,
  "PPO_rollout_sizes": "[16,16,4]",
  "PPO_samples": 36,
  "PPO_seed": 2625058009,
  "PPO_terminal_full_optimizer_steps": 0,
  "PPO_terminal_full_samples": 0,
  "PPO_terminal_full_update_time": 0.0,
  "PPO_terminal_full_updates": 0,
  "PPO_terminal_residual_optimizer_steps": 4,
  "PPO_terminal_residual_samples": 4,
  "PPO_terminal_residual_update_time": 0.011387147009372711,
  "PPO_terminal_residual_updates": 1,
  "PPO_update_count": 3,
  "PPO_value_loss_mean": 0.6073494513208667,
  "Population_size": 100,
  "Protocol": "saos_e4_replication_v8_20260722",
  "Reference_snapshot_sha256": "6286b6ac3ad977bc322da21c2a7ac4dd747710bb5cf5db898a89391366e900c6",
  "Replication_role": "outcome-informed_new-instance_replication",
  "Reward_HV_corr": 0.44809792775247426,
  "Spread": 0.9362183419078053,
  "TEC_best": 151685.30617897387,
  "Time": 145.04853010177612,
  "Transition_gen": 64,
  "Transition_reason": "coverage_stagnation",
  "WB_best": 90.99999999999932,
  "Worker_count": 40,
  "dataset": "Hurink_edata",
  "front_pickle": "results/resubmission/v8_e4_replication/fronts/Hurink_edata_la33_EnhancedNoBC_R16_g100_seed54.pkl",
  "instance": "la33.fjs",
  "rollout_size_planned": 16,
  "seed": 54,
  "state_dim": 78,
  "state_mode": "enhanced",
  "use_bc": false,
  "variant": "EnhancedNoBC_R16"
}