{
  "Action_seed": 3356307559,
  "BC_confusion_matrix": "[]",
  "BC_epoch_accuracy": "[]",
  "BC_epoch_loss": "[]",
  "BC_final_accuracy": 0.0,
  "BC_final_loss": 0.0,
  "BC_pre_accuracy": 0.0,
  "BC_pre_loss": 0.0,
  "BC_pre_post_KL": 0.0,
  "BC_seed": 4095219117,
  "BC_time": 0.0,
  "Budget": 100,
  "CPU_time": 74.56194542699996,
  "Cmax_best": 1256.7636109733303,
  "Code_hash": "557a8cdd80246d5b84433fd06619c5f4572fc6d1061cccffb6c59606560a1e14",
  "Config_hash": "316e38e4b56c803c83035f595d8dd9a9c89982fa5ff0ed20203d316fee9ea457",
  "Config_json": "{\"rollout\":16,\"state_mode\":\"enhanced\",\"use_bc\":false,\"variant\":\"EnhancedNoBC_R16\"}",
  "Demo_action_counts": "[5,5,5,5,4,5,5,5,5,5]",
  "Demo_forced_fraction": 0.40816326530612246,
  "Demo_label_entropy": 0.9991370971625402,
  "Demo_nn_disagreement": 0.9387755102040817,
  "Demo_samples": 49,
  "Demo_ucb_margin_median": 0.007493734359741211,
  "Design_hash": "4edc2f84691449d3c998d8b1c95abbc1bc9262603bbbe59f337e6dbe7707a226",
  "Enhanced_constant_feature_fraction": 0.42592592592592593,
  "Enhanced_feature_samples": 51,
  "Enhanced_near_one_fraction": 0.037037037037037035,
  "Enhanced_near_zero_fraction": 0.3888888888888889,
  "Entropy_all": 0.9951970393790269,
  "Entropy_last20": 0.9229451190312814,
  "Execution_device": "cpu",
  "Front_semantic_sha256": "6de4bc28fc4f67977f16fdd3cc263dad505ced746059f7a29432962321173f69",
  "Front_sha256": "ffc857f2389d34b448f6a70ec03c5a74454027a62abff6ebc81a112fc211e128",
  "HV_local": 1350214189.386548,
  "Initial_evaluations": 100,
  "Input_hash": "c0c85be1ea5c2f7ddefbd1b40df4aee0d8f0eb2ee32af880c1ee2fe8b3c3c480",
  "Learning_time": 0.054664251394569874,
  "Max_generations": 100,
  "NSol": 13,
  "Network_seed": 1262220414,
  "Offspring_evaluations": 10000,
  "Operator_counts": "[9,8,9,9,11,12,11,12,8,11]",
  "PPO_action_effective_updates": 3,
  "PPO_advantage_std_raw_mean": 0.29257162287831306,
  "PPO_approx_KL_mean": 0.0011905878709512763,
  "PPO_clip_fraction_mean": 0.0,
  "PPO_discarded_singletons": 0,
  "PPO_effective_optimizer_steps": 12,
  "PPO_effective_samples": 48,
  "PPO_effective_update_time": 0.04275064542889595,
  "PPO_entropy_mean": 2.299847826361656,
  "PPO_explained_variance_pre_mean": -0.0018821358680725098,
  "PPO_gradient_norm_mean": 0.9410680066794157,
  "PPO_optimizer_steps": 16,
  "PPO_phase_actions": 51,
  "PPO_policy_loss_mean": -0.003024166873122569,
  "PPO_return_std_mean": 0.2925749532878399,
  "PPO_rollout_sizes": "[16,16,16,3]",
  "PPO_samples": 51,
  "PPO_seed": 3196798417,
  "PPO_terminal_full_optimizer_steps": 0,
  "PPO_terminal_full_samples": 0,
  "PPO_terminal_full_update_time": 0.0,
  "PPO_terminal_full_updates": 0,
  "PPO_terminal_residual_optimizer_steps": 4,
  "PPO_terminal_residual_samples": 3,
  "PPO_terminal_residual_update_time": 0.011913605965673923,
  "PPO_terminal_residual_updates": 1,
  "PPO_update_count": 4,
  "PPO_value_loss_mean": 0.4490372403524816,
  "Population_size": 100,
  "Protocol": "saos_e4_replication_v8_20260722",
  "Reference_snapshot_sha256": "6286b6ac3ad977bc322da21c2a7ac4dd747710bb5cf5db898a89391366e900c6",
  "Replication_role": "outcome-informed_new-instance_replication",
  "Reward_HV_corr": 0.4887400036840191,
  "Spread": 0.6379738449343016,
  "TEC_best": 36557.553653899085,
  "Time": 74.92502093315125,
  "Transition_gen": 49,
  "Transition_reason": "coverage_stagnation",
  "WB_best": 72.99999999999966,
  "Worker_count": 40,
  "dataset": "Hurink_edata",
  "front_pickle": "results/resubmission/v8_e4_replication/fronts/Hurink_edata_la12_EnhancedNoBC_R16_g100_seed55.pkl",
  "instance": "la12.fjs",
  "rollout_size_planned": 16,
  "seed": 55,
  "state_dim": 78,
  "state_mode": "enhanced",
  "use_bc": false,
  "variant": "EnhancedNoBC_R16"
}