{
  "Action_seed": 3356307559,
  "BC_confusion_matrix": "[]",
  "BC_epoch_accuracy": "[]",
  "BC_epoch_loss": "[]",
  "BC_final_accuracy": 0.0,
  "BC_final_loss": 0.0,
  "BC_pre_accuracy": 0.0,
  "BC_pre_loss": 0.0,
  "BC_pre_post_KL": 0.0,
  "BC_seed": 4095219117,
  "BC_time": 0.0,
  "Budget": 100,
  "CPU_time": 63.819629714999905,
  "Cmax_best": 1066.771339092577,
  "Code_hash": "557a8cdd80246d5b84433fd06619c5f4572fc6d1061cccffb6c59606560a1e14",
  "Config_hash": "be7c2577b7d6bd7368c96844c11c8dd3066fdcb2bf4dbc68ce6d9fecd95bdb34",
  "Config_json": "{\"rollout\":16,\"state_mode\":\"base_padded\",\"use_bc\":false,\"variant\":\"BasePaddedNoBC_R16\"}",
  "Demo_action_counts": "[4,4,4,4,4,4,4,5,4,4]",
  "Demo_forced_fraction": 0.4878048780487805,
  "Demo_label_entropy": 0.998905571122498,
  "Demo_nn_disagreement": 0.975609756097561,
  "Demo_samples": 41,
  "Demo_ucb_margin_median": 0.004880309104919434,
  "Design_hash": "4edc2f84691449d3c998d8b1c95abbc1bc9262603bbbe59f337e6dbe7707a226",
  "Enhanced_constant_feature_fraction": 0.0,
  "Enhanced_feature_samples": 0,
  "Enhanced_near_one_fraction": 0.0,
  "Enhanced_near_zero_fraction": 0.0,
  "Entropy_all": 0.9842592043063079,
  "Entropy_last20": 0.845501434508948,
  "Execution_device": "cpu",
  "Front_semantic_sha256": "78150f1b3d8be4e20347130ee764fc5e71bb308db4eb88974dafa30ea5f03029",
  "Front_sha256": "29905d67e59ac505866f1257ba865fa0e75252109366472c28281a02c12a19d2",
  "HV_local": 671299214.7298845,
  "Initial_evaluations": 100,
  "Input_hash": "c0c85be1ea5c2f7ddefbd1b40df4aee0d8f0eb2ee32af880c1ee2fe8b3c3c480",
  "Learning_time": 0.04986789729446173,
  "Max_generations": 100,
  "NSol": 18,
  "Network_seed": 1262220414,
  "Offspring_evaluations": 10000,
  "Operator_counts": "[7,7,8,8,13,12,12,14,7,12]",
  "PPO_action_effective_updates": 3,
  "PPO_advantage_std_raw_mean": 0.37397947162389755,
  "PPO_approx_KL_mean": 0.00012845588472298886,
  "PPO_clip_fraction_mean": 0.0,
  "PPO_discarded_singletons": 0,
  "PPO_effective_optimizer_steps": 12,
  "PPO_effective_samples": 48,
  "PPO_effective_update_time": 0.03825716022402048,
  "PPO_entropy_mean": 2.299440398812294,
  "PPO_explained_variance_pre_mean": 0.004007086157798767,
  "PPO_gradient_norm_mean": 0.8638428077101707,
  "PPO_optimizer_steps": 16,
  "PPO_phase_actions": 59,
  "PPO_policy_loss_mean": -0.0015685072483557772,
  "PPO_return_std_mean": 0.3746897950768471,
  "PPO_rollout_sizes": "[16,16,16,11]",
  "PPO_samples": 59,
  "PPO_seed": 3196798417,
  "PPO_terminal_full_optimizer_steps": 0,
  "PPO_terminal_full_samples": 0,
  "PPO_terminal_full_update_time": 0.0,
  "PPO_terminal_full_updates": 0,
  "PPO_terminal_residual_optimizer_steps": 4,
  "PPO_terminal_residual_samples": 11,
  "PPO_terminal_residual_update_time": 0.011610737070441246,
  "PPO_terminal_residual_updates": 1,
  "PPO_update_count": 4,
  "PPO_value_loss_mean": 0.6017944198101759,
  "Population_size": 100,
  "Protocol": "saos_e4_replication_v8_20260722",
  "Reference_snapshot_sha256": "6286b6ac3ad977bc322da21c2a7ac4dd747710bb5cf5db898a89391366e900c6",
  "Replication_role": "outcome-informed_new-instance_replication",
  "Reward_HV_corr": 0.4506834163866788,
  "Spread": 0.7716279709332395,
  "TEC_best": 37244.014544929465,
  "Time": 64.08841109275818,
  "Transition_gen": 41,
  "Transition_reason": "coverage_stagnation",
  "WB_best": 36.99999999999977,
  "Worker_count": 40,
  "dataset": "Hurink_edata",
  "front_pickle": "results/resubmission/v8_e4_replication/fronts/Hurink_edata_la07_BasePaddedNoBC_R16_g100_seed55.pkl",
  "instance": "la07.fjs",
  "rollout_size_planned": 16,
  "seed": 55,
  "state_dim": 78,
  "state_mode": "base_padded",
  "use_bc": false,
  "variant": "BasePaddedNoBC_R16"
}