{
  "Action_seed": 3835360792,
  "BC_confusion_matrix": "[]",
  "BC_epoch_accuracy": "[]",
  "BC_epoch_loss": "[]",
  "BC_final_accuracy": 0.0,
  "BC_final_loss": 0.0,
  "BC_pre_accuracy": 0.0,
  "BC_pre_loss": 0.0,
  "BC_pre_post_KL": 0.0,
  "BC_seed": 4057508279,
  "BC_time": 0.0,
  "Budget": 100,
  "CPU_time": 74.14260658499984,
  "Cmax_best": 1544.4716555759642,
  "Code_hash": "557a8cdd80246d5b84433fd06619c5f4572fc6d1061cccffb6c59606560a1e14",
  "Config_hash": "be7c2577b7d6bd7368c96844c11c8dd3066fdcb2bf4dbc68ce6d9fecd95bdb34",
  "Config_json": "{\"rollout\":16,\"state_mode\":\"base_padded\",\"use_bc\":false,\"variant\":\"BasePaddedNoBC_R16\"}",
  "Demo_action_counts": "[7,7,8,7,7,5,5,6,4,5]",
  "Demo_forced_fraction": 0.32786885245901637,
  "Demo_label_entropy": 0.9910812686339024,
  "Demo_nn_disagreement": 0.9344262295081968,
  "Demo_samples": 61,
  "Demo_ucb_margin_median": 0.011490345001220703,
  "Design_hash": "4edc2f84691449d3c998d8b1c95abbc1bc9262603bbbe59f337e6dbe7707a226",
  "Enhanced_constant_feature_fraction": 0.0,
  "Enhanced_feature_samples": 0,
  "Enhanced_near_one_fraction": 0.0,
  "Enhanced_near_zero_fraction": 0.0,
  "Entropy_all": 0.9911909603643384,
  "Entropy_last20": 0.8756044340753463,
  "Execution_device": "cpu",
  "Front_semantic_sha256": "f67d5b7e7672a3c0c6132af571dc112b1f8a9b791fa1b784afbfe95579961afc",
  "Front_sha256": "fc5404de12b81ba3f54896d5fc4a27f42939ff9b35d7cc143bfc055c1425bd39",
  "HV_local": 4018167267.882288,
  "Initial_evaluations": 100,
  "Input_hash": "c0c85be1ea5c2f7ddefbd1b40df4aee0d8f0eb2ee32af880c1ee2fe8b3c3c480",
  "Learning_time": 0.043907892890274525,
  "Max_generations": 100,
  "NSol": 16,
  "Network_seed": 1790271553,
  "Offspring_evaluations": 10000,
  "Operator_counts": "[13,11,10,11,13,10,9,9,7,7]",
  "PPO_action_effective_updates": 2,
  "PPO_advantage_std_raw_mean": 0.3036523312330246,
  "PPO_approx_KL_mean": -0.0003171062896963524,
  "PPO_clip_fraction_mean": 0.0,
  "PPO_discarded_singletons": 0,
  "PPO_effective_optimizer_steps": 8,
  "PPO_effective_samples": 32,
  "PPO_effective_update_time": 0.03201162628829479,
  "PPO_entropy_mean": 2.2994837363560996,
  "PPO_explained_variance_pre_mean": 0.006062249342600505,
  "PPO_gradient_norm_mean": 0.7662541717290878,
  "PPO_optimizer_steps": 12,
  "PPO_phase_actions": 39,
  "PPO_policy_loss_mean": -0.001115247984714814,
  "PPO_return_std_mean": 0.3044847548007965,
  "PPO_rollout_sizes": "[16,16,7]",
  "PPO_samples": 39,
  "PPO_seed": 13725029,
  "PPO_terminal_full_optimizer_steps": 0,
  "PPO_terminal_full_samples": 0,
  "PPO_terminal_full_update_time": 0.0,
  "PPO_terminal_full_updates": 0,
  "PPO_terminal_residual_optimizer_steps": 4,
  "PPO_terminal_residual_samples": 7,
  "PPO_terminal_residual_update_time": 0.011896266601979733,
  "PPO_terminal_residual_updates": 1,
  "PPO_update_count": 3,
  "PPO_value_loss_mean": 0.5065537684907516,
  "Population_size": 100,
  "Protocol": "saos_e4_replication_v8_20260722",
  "Reference_snapshot_sha256": "6286b6ac3ad977bc322da21c2a7ac4dd747710bb5cf5db898a89391366e900c6",
  "Replication_role": "outcome-informed_new-instance_replication",
  "Reward_HV_corr": 0.36227115450396946,
  "Spread": 0.7295566764768464,
  "TEC_best": 57205.330731697395,
  "Time": 74.5473837852478,
  "Transition_gen": 61,
  "Transition_reason": "coverage_stagnation",
  "WB_best": 173.99999999999943,
  "Worker_count": 40,
  "dataset": "Hurink_edata",
  "front_pickle": "results/resubmission/v8_e4_replication/fronts/Hurink_edata_la19_BasePaddedNoBC_R16_g100_seed52.pkl",
  "instance": "la19.fjs",
  "rollout_size_planned": 16,
  "seed": 52,
  "state_dim": 78,
  "state_mode": "base_padded",
  "use_bc": false,
  "variant": "BasePaddedNoBC_R16"
}