{
  "Action_seed": 934272733,
  "BC_confusion_matrix": "[]",
  "BC_epoch_accuracy": "[]",
  "BC_epoch_loss": "[]",
  "BC_final_accuracy": 0.0,
  "BC_final_loss": 0.0,
  "BC_pre_accuracy": 0.0,
  "BC_pre_loss": 0.0,
  "BC_pre_post_KL": 0.0,
  "BC_seed": 1720968262,
  "BC_time": 0.0,
  "Budget": 100,
  "CPU_time": 110.58333745699974,
  "Cmax_best": 2597.917293981171,
  "Code_hash": "557a8cdd80246d5b84433fd06619c5f4572fc6d1061cccffb6c59606560a1e14",
  "Config_hash": "be7c2577b7d6bd7368c96844c11c8dd3066fdcb2bf4dbc68ce6d9fecd95bdb34",
  "Config_json": "{\"rollout\":16,\"state_mode\":\"base_padded\",\"use_bc\":false,\"variant\":\"BasePaddedNoBC_R16\"}",
  "Demo_action_counts": "[7,7,8,7,7,6,5,6,4,5]",
  "Demo_forced_fraction": 0.3225806451612903,
  "Demo_label_entropy": 0.9920171728916326,
  "Demo_nn_disagreement": 0.8709677419354839,
  "Demo_samples": 62,
  "Demo_ucb_margin_median": 0.010715305805206299,
  "Design_hash": "4edc2f84691449d3c998d8b1c95abbc1bc9262603bbbe59f337e6dbe7707a226",
  "Enhanced_constant_feature_fraction": 0.0,
  "Enhanced_feature_samples": 0,
  "Enhanced_near_one_fraction": 0.0,
  "Enhanced_near_zero_fraction": 0.0,
  "Entropy_all": 0.9893154405858485,
  "Entropy_last20": 0.8741013089736384,
  "Execution_device": "cpu",
  "Front_semantic_sha256": "e347643b2b7b4cc498e11259ce1c55f2f45675ff9203434f74153fbfb51a03c1",
  "Front_sha256": "73d7d0f4520360dda3100dc946232b8761c9bf59a06c1983be248a6d67e7fd7f",
  "HV_local": 4077385419.4467287,
  "Initial_evaluations": 100,
  "Input_hash": "c0c85be1ea5c2f7ddefbd1b40df4aee0d8f0eb2ee32af880c1ee2fe8b3c3c480",
  "Learning_time": 0.03543511684983969,
  "Max_generations": 100,
  "NSol": 6,
  "Network_seed": 147388563,
  "Offspring_evaluations": 10000,
  "Operator_counts": "[11,12,11,10,8,14,8,11,6,9]",
  "PPO_action_effective_updates": 2,
  "PPO_advantage_std_raw_mean": 0.21644025792678198,
  "PPO_approx_KL_mean": -0.000575970858335495,
  "PPO_clip_fraction_mean": 0.0,
  "PPO_discarded_singletons": 0,
  "PPO_effective_optimizer_steps": 8,
  "PPO_effective_samples": 32,
  "PPO_effective_update_time": 0.022890303283929825,
  "PPO_entropy_mean": 2.298732876777649,
  "PPO_explained_variance_pre_mean": 0.007553120454152425,
  "PPO_gradient_norm_mean": 0.708382544418176,
  "PPO_optimizer_steps": 12,
  "PPO_phase_actions": 38,
  "PPO_policy_loss_mean": -0.001337836089078337,
  "PPO_return_std_mean": 0.2171733851234118,
  "PPO_rollout_sizes": "[16,16,6]",
  "PPO_samples": 38,
  "PPO_seed": 1905161551,
  "PPO_terminal_full_optimizer_steps": 0,
  "PPO_terminal_full_samples": 0,
  "PPO_terminal_full_update_time": 0.0,
  "PPO_terminal_full_updates": 0,
  "PPO_terminal_residual_optimizer_steps": 4,
  "PPO_terminal_residual_samples": 6,
  "PPO_terminal_residual_update_time": 0.012544813565909863,
  "PPO_terminal_residual_updates": 1,
  "PPO_update_count": 3,
  "PPO_value_loss_mean": 0.3854402247816324,
  "Population_size": 100,
  "Protocol": "saos_e4_replication_v8_20260722",
  "Reference_snapshot_sha256": "6286b6ac3ad977bc322da21c2a7ac4dd747710bb5cf5db898a89391366e900c6",
  "Replication_role": "outcome-informed_new-instance_replication",
  "Reward_HV_corr": 0.4586748007623819,
  "Spread": 0.8191003588536641,
  "TEC_best": 107209.65541322189,
  "Time": 110.9115035533905,
  "Transition_gen": 62,
  "Transition_reason": "coverage_stagnation",
  "WB_best": 70.99999999999932,
  "Worker_count": 40,
  "dataset": "Hurink_edata",
  "front_pickle": "results/resubmission/v8_e4_replication/fronts/Hurink_edata_la28_BasePaddedNoBC_R16_g100_seed56.pkl",
  "instance": "la28.fjs",
  "rollout_size_planned": 16,
  "seed": 56,
  "state_dim": 78,
  "state_mode": "base_padded",
  "use_bc": false,
  "variant": "BasePaddedNoBC_R16"
}