{
  "Action_seed": 934272733,
  "BC_confusion_matrix": "[]",
  "BC_epoch_accuracy": "[]",
  "BC_epoch_loss": "[]",
  "BC_final_accuracy": 0.0,
  "BC_final_loss": 0.0,
  "BC_pre_accuracy": 0.0,
  "BC_pre_loss": 0.0,
  "BC_pre_post_KL": 0.0,
  "BC_seed": 1720968262,
  "BC_time": 0.0,
  "Budget": 100,
  "CPU_time": 81.70732392700006,
  "Cmax_best": 1200.8317244182847,
  "Code_hash": "557a8cdd80246d5b84433fd06619c5f4572fc6d1061cccffb6c59606560a1e14",
  "Config_hash": "be7c2577b7d6bd7368c96844c11c8dd3066fdcb2bf4dbc68ce6d9fecd95bdb34",
  "Config_json": "{\"rollout\":16,\"state_mode\":\"base_padded\",\"use_bc\":false,\"variant\":\"BasePaddedNoBC_R16\"}",
  "Demo_action_counts": "[6,5,6,5,5,5,5,5,5,5]",
  "Demo_forced_fraction": 0.38461538461538464,
  "Demo_label_entropy": 0.9987607440570208,
  "Demo_nn_disagreement": 0.9615384615384616,
  "Demo_samples": 52,
  "Demo_ucb_margin_median": 0.006041467189788818,
  "Design_hash": "4edc2f84691449d3c998d8b1c95abbc1bc9262603bbbe59f337e6dbe7707a226",
  "Enhanced_constant_feature_fraction": 0.0,
  "Enhanced_feature_samples": 0,
  "Enhanced_near_one_fraction": 0.0,
  "Enhanced_near_zero_fraction": 0.0,
  "Entropy_all": 0.9942418904880042,
  "Entropy_last20": 0.9244482441329892,
  "Execution_device": "cpu",
  "Front_semantic_sha256": "38a30666be115abf87074bc98cecf4f22d051a23e4cc550ca716e28e1809fc3b",
  "Front_sha256": "882066fb7109fcd1e1d74366d33216d6e6c78bee4dc3693679e3b192d8225a27",
  "HV_local": 474766223.6588987,
  "Initial_evaluations": 100,
  "Input_hash": "c0c85be1ea5c2f7ddefbd1b40df4aee0d8f0eb2ee32af880c1ee2fe8b3c3c480",
  "Learning_time": 0.044693431816995144,
  "Max_generations": 100,
  "NSol": 13,
  "Network_seed": 147388563,
  "Offspring_evaluations": 10000,
  "Operator_counts": "[11,10,11,10,8,13,9,11,7,10]",
  "PPO_action_effective_updates": 2,
  "PPO_advantage_std_raw_mean": 0.3766643504301707,
  "PPO_approx_KL_mean": -0.00041836872696876526,
  "PPO_clip_fraction_mean": 0.0,
  "PPO_discarded_singletons": 0,
  "PPO_effective_optimizer_steps": 8,
  "PPO_effective_samples": 32,
  "PPO_effective_update_time": 0.032902004197239876,
  "PPO_entropy_mean": 2.2987568775812783,
  "PPO_explained_variance_pre_mean": 0.0036113659540812173,
  "PPO_gradient_norm_mean": 1.027870073914528,
  "PPO_optimizer_steps": 12,
  "PPO_phase_actions": 48,
  "PPO_policy_loss_mean": -0.001659189040462176,
  "PPO_return_std_mean": 0.37729401389757794,
  "PPO_rollout_sizes": "[16,16,16]",
  "PPO_samples": 48,
  "PPO_seed": 1905161551,
  "PPO_terminal_full_optimizer_steps": 4,
  "PPO_terminal_full_samples": 16,
  "PPO_terminal_full_update_time": 0.011791427619755268,
  "PPO_terminal_full_updates": 1,
  "PPO_terminal_residual_optimizer_steps": 0,
  "PPO_terminal_residual_samples": 0,
  "PPO_terminal_residual_update_time": 0.0,
  "PPO_terminal_residual_updates": 0,
  "PPO_update_count": 3,
  "PPO_value_loss_mean": 0.8225219895442327,
  "Population_size": 100,
  "Protocol": "saos_e4_replication_v8_20260722",
  "Reference_snapshot_sha256": "6286b6ac3ad977bc322da21c2a7ac4dd747710bb5cf5db898a89391366e900c6",
  "Replication_role": "outcome-informed_new-instance_replication",
  "Reward_HV_corr": 0.6127893589193125,
  "Spread": 0.8770599614158162,
  "TEC_best": 36330.75905290086,
  "Time": 82.16825747489929,
  "Transition_gen": 52,
  "Transition_reason": "coverage_stagnation",
  "WB_best": 72.99999999999966,
  "Worker_count": 40,
  "dataset": "Hurink_edata",
  "front_pickle": "results/resubmission/v8_e4_replication/fronts/Hurink_edata_la12_BasePaddedNoBC_R16_g100_seed56.pkl",
  "instance": "la12.fjs",
  "rollout_size_planned": 16,
  "seed": 56,
  "state_dim": 78,
  "state_mode": "base_padded",
  "use_bc": false,
  "variant": "BasePaddedNoBC_R16"
}