{
  "Action_seed": 3835360792,
  "BC_confusion_matrix": "[]",
  "BC_epoch_accuracy": "[]",
  "BC_epoch_loss": "[]",
  "BC_final_accuracy": 0.0,
  "BC_final_loss": 0.0,
  "BC_pre_accuracy": 0.0,
  "BC_pre_loss": 0.0,
  "BC_pre_post_KL": 0.0,
  "BC_seed": 4057508279,
  "BC_time": 0.0,
  "Budget": 100,
  "CPU_time": 75.07757382299997,
  "Cmax_best": 1558.3924458909141,
  "Code_hash": "557a8cdd80246d5b84433fd06619c5f4572fc6d1061cccffb6c59606560a1e14",
  "Config_hash": "316e38e4b56c803c83035f595d8dd9a9c89982fa5ff0ed20203d316fee9ea457",
  "Config_json": "{\"rollout\":16,\"state_mode\":\"enhanced\",\"use_bc\":false,\"variant\":\"EnhancedNoBC_R16\"}",
  "Demo_action_counts": "[7,7,8,6,5,5,5,5,5,5]",
  "Demo_forced_fraction": 0.3448275862068966,
  "Demo_label_entropy": 0.9928400610022895,
  "Demo_nn_disagreement": 0.8448275862068966,
  "Demo_samples": 58,
  "Demo_ucb_margin_median": 0.010047495365142822,
  "Design_hash": "4edc2f84691449d3c998d8b1c95abbc1bc9262603bbbe59f337e6dbe7707a226",
  "Enhanced_constant_feature_fraction": 0.42592592592592593,
  "Enhanced_feature_samples": 42,
  "Enhanced_near_one_fraction": 0.037037037037037035,
  "Enhanced_near_zero_fraction": 0.3888888888888889,
  "Entropy_all": 0.9952697284801075,
  "Entropy_last20": 0.8642422450001931,
  "Execution_device": "cpu",
  "Front_semantic_sha256": "634e627dbcaab06ecac142c3a29acae00eacd4270d053712b12b747b889d016f",
  "Front_sha256": "97ecaa8c7731aa763b2c42bad124c1678f9b81e2336aecd3772b26e6e9603c50",
  "HV_local": 1980730533.821436,
  "Initial_evaluations": 100,
  "Input_hash": "c0c85be1ea5c2f7ddefbd1b40df4aee0d8f0eb2ee32af880c1ee2fe8b3c3c480",
  "Learning_time": 0.03752208407968283,
  "Max_generations": 100,
  "NSol": 27,
  "Network_seed": 1790271553,
  "Offspring_evaluations": 10000,
  "Operator_counts": "[13,11,10,10,11,11,9,8,9,8]",
  "PPO_action_effective_updates": 2,
  "PPO_advantage_std_raw_mean": 0.3111534168322881,
  "PPO_approx_KL_mean": -0.001113238931444993,
  "PPO_clip_fraction_mean": 0.0,
  "PPO_discarded_singletons": 0,
  "PPO_effective_optimizer_steps": 8,
  "PPO_effective_samples": 32,
  "PPO_effective_update_time": 0.025023309513926506,
  "PPO_entropy_mean": 2.2988068262736,
  "PPO_explained_variance_pre_mean": 0.01020576556523641,
  "PPO_gradient_norm_mean": 0.8262420470515887,
  "PPO_optimizer_steps": 12,
  "PPO_phase_actions": 42,
  "PPO_policy_loss_mean": -0.0023153520664587943,
  "PPO_return_std_mean": 0.31277257204055786,
  "PPO_rollout_sizes": "[16,16,10]",
  "PPO_samples": 42,
  "PPO_seed": 13725029,
  "PPO_terminal_full_optimizer_steps": 0,
  "PPO_terminal_full_samples": 0,
  "PPO_terminal_full_update_time": 0.0,
  "PPO_terminal_full_updates": 0,
  "PPO_terminal_residual_optimizer_steps": 4,
  "PPO_terminal_residual_samples": 10,
  "PPO_terminal_residual_update_time": 0.012498774565756321,
  "PPO_terminal_residual_updates": 1,
  "PPO_update_count": 3,
  "PPO_value_loss_mean": 0.4670432172715664,
  "Population_size": 100,
  "Protocol": "saos_e4_replication_v8_20260722",
  "Reference_snapshot_sha256": "6286b6ac3ad977bc322da21c2a7ac4dd747710bb5cf5db898a89391366e900c6",
  "Replication_role": "outcome-informed_new-instance_replication",
  "Reward_HV_corr": 0.5392372602278684,
  "Spread": 0.8435748404984734,
  "TEC_best": 48900.41165531393,
  "Time": 75.56662511825562,
  "Transition_gen": 58,
  "Transition_reason": "coverage_stagnation",
  "WB_best": 34.999999999999545,
  "Worker_count": 40,
  "dataset": "Hurink_edata",
  "front_pickle": "results/resubmission/v8_e4_replication/fronts/Hurink_edata_la15_EnhancedNoBC_R16_g100_seed52.pkl",
  "instance": "la15.fjs",
  "rollout_size_planned": 16,
  "seed": 52,
  "state_dim": 78,
  "state_mode": "enhanced",
  "use_bc": false,
  "variant": "EnhancedNoBC_R16"
}