{
  "Action_seed": 934272733,
  "BC_confusion_matrix": "[]",
  "BC_epoch_accuracy": "[]",
  "BC_epoch_loss": "[]",
  "BC_final_accuracy": 0.0,
  "BC_final_loss": 0.0,
  "BC_pre_accuracy": 0.0,
  "BC_pre_loss": 0.0,
  "BC_pre_post_KL": 0.0,
  "BC_seed": 1720968262,
  "BC_time": 0.0,
  "Budget": 100,
  "CPU_time": 85.34821971599996,
  "Cmax_best": 215.94089853548462,
  "Code_hash": "557a8cdd80246d5b84433fd06619c5f4572fc6d1061cccffb6c59606560a1e14",
  "Config_hash": "be7c2577b7d6bd7368c96844c11c8dd3066fdcb2bf4dbc68ce6d9fecd95bdb34",
  "Config_json": "{\"rollout\":16,\"state_mode\":\"base_padded\",\"use_bc\":false,\"variant\":\"BasePaddedNoBC_R16\"}",
  "Demo_action_counts": "[6,5,5,5,5,5,5,5,5,6]",
  "Demo_forced_fraction": 0.38461538461538464,
  "Demo_label_entropy": 0.9987607440570208,
  "Demo_nn_disagreement": 1.0,
  "Demo_samples": 52,
  "Demo_ucb_margin_median": 0.006106555461883545,
  "Design_hash": "4edc2f84691449d3c998d8b1c95abbc1bc9262603bbbe59f337e6dbe7707a226",
  "Enhanced_constant_feature_fraction": 0.0,
  "Enhanced_feature_samples": 0,
  "Enhanced_near_one_fraction": 0.0,
  "Enhanced_near_zero_fraction": 0.0,
  "Entropy_all": 0.9942418904880042,
  "Entropy_last20": 0.9244482441329892,
  "Execution_device": "cpu",
  "Front_semantic_sha256": "187b3fa9b8b5680ff7ddfe7708cc8c79fd59a2e2e749781c5a82af58e4f41274",
  "Front_sha256": "36ffc65582e048dcff1d9e1d5e7413fc18eab376480a6f96e8c96e1bdf86860e",
  "HV_local": 49778326.71531214,
  "Initial_evaluations": 100,
  "Input_hash": "c0c85be1ea5c2f7ddefbd1b40df4aee0d8f0eb2ee32af880c1ee2fe8b3c3c480",
  "Learning_time": 0.04285346530377865,
  "Max_generations": 100,
  "NSol": 41,
  "Network_seed": 147388563,
  "Offspring_evaluations": 10000,
  "Operator_counts": "[11,10,10,10,8,13,9,11,7,11]",
  "PPO_action_effective_updates": 2,
  "PPO_advantage_std_raw_mean": 0.2870037456353505,
  "PPO_approx_KL_mean": -0.00030243148406346637,
  "PPO_clip_fraction_mean": 0.0,
  "PPO_discarded_singletons": 0,
  "PPO_effective_optimizer_steps": 8,
  "PPO_effective_samples": 32,
  "PPO_effective_update_time": 0.028367257677018642,
  "PPO_entropy_mean": 2.2987449169158936,
  "PPO_explained_variance_pre_mean": 0.00017887353897094727,
  "PPO_gradient_norm_mean": 0.8377367307742437,
  "PPO_optimizer_steps": 12,
  "PPO_phase_actions": 48,
  "PPO_policy_loss_mean": -0.001781046235313018,
  "PPO_return_std_mean": 0.28711531559626263,
  "PPO_rollout_sizes": "[16,16,16]",
  "PPO_samples": 48,
  "PPO_seed": 1905161551,
  "PPO_terminal_full_optimizer_steps": 4,
  "PPO_terminal_full_samples": 16,
  "PPO_terminal_full_update_time": 0.014486207626760006,
  "PPO_terminal_full_updates": 1,
  "PPO_terminal_residual_optimizer_steps": 0,
  "PPO_terminal_residual_samples": 0,
  "PPO_terminal_residual_update_time": 0.0,
  "PPO_terminal_residual_updates": 0,
  "PPO_update_count": 3,
  "PPO_value_loss_mean": 0.5288360118865967,
  "Population_size": 100,
  "Protocol": "saos_e4_replication_v8_20260722",
  "Reference_snapshot_sha256": "6286b6ac3ad977bc322da21c2a7ac4dd747710bb5cf5db898a89391366e900c6",
  "Replication_role": "outcome-informed_new-instance_replication",
  "Reward_HV_corr": 0.5870512416993228,
  "Spread": 1.0028160776196196,
  "TEC_best": 5909.468470227001,
  "Time": 85.76344013214111,
  "Transition_gen": 52,
  "Transition_reason": "coverage_stagnation",
  "WB_best": 5.999999999999943,
  "Worker_count": 40,
  "dataset": "Brandimarte",
  "front_pickle": "results/resubmission/v8_e4_replication/fronts/Brandimarte_Mk07_BasePaddedNoBC_R16_g100_seed56.pkl",
  "instance": "Mk07.fjs",
  "rollout_size_planned": 16,
  "seed": 56,
  "state_dim": 78,
  "state_mode": "base_padded",
  "use_bc": false,
  "variant": "BasePaddedNoBC_R16"
}