{
  "Action_seed": 3835360792,
  "BC_confusion_matrix": "[]",
  "BC_epoch_accuracy": "[]",
  "BC_epoch_loss": "[]",
  "BC_final_accuracy": 0.0,
  "BC_final_loss": 0.0,
  "BC_pre_accuracy": 0.0,
  "BC_pre_loss": 0.0,
  "BC_pre_post_KL": 0.0,
  "BC_seed": 4057508279,
  "BC_time": 0.0,
  "Budget": 100,
  "CPU_time": 93.16687883399982,
  "Cmax_best": 1818.5855652364094,
  "Code_hash": "557a8cdd80246d5b84433fd06619c5f4572fc6d1061cccffb6c59606560a1e14",
  "Config_hash": "316e38e4b56c803c83035f595d8dd9a9c89982fa5ff0ed20203d316fee9ea457",
  "Config_json": "{\"rollout\":16,\"state_mode\":\"enhanced\",\"use_bc\":false,\"variant\":\"EnhancedNoBC_R16\"}",
  "Demo_action_counts": "[7,6,6,5,5,5,5,5,5,5]",
  "Demo_forced_fraction": 0.37037037037037035,
  "Demo_label_entropy": 0.9968853998884466,
  "Demo_nn_disagreement": 0.9074074074074074,
  "Demo_samples": 54,
  "Demo_ucb_margin_median": 0.007630288600921631,
  "Design_hash": "4edc2f84691449d3c998d8b1c95abbc1bc9262603bbbe59f337e6dbe7707a226",
  "Enhanced_constant_feature_fraction": 0.42592592592592593,
  "Enhanced_feature_samples": 46,
  "Enhanced_near_one_fraction": 0.037037037037037035,
  "Enhanced_near_zero_fraction": 0.3888888888888889,
  "Entropy_all": 0.9933472546445982,
  "Entropy_last20": 0.9057074336417442,
  "Execution_device": "cpu",
  "Front_semantic_sha256": "c40dc14e93c1a5102ea604211aa2357a8400bbd9027d1dba1c93de075209464c",
  "Front_sha256": "3cef005b63f65c90fd12b11f643a246421577af6353f5ec79bcae6dc15fd091b",
  "HV_local": 4144916169.6281214,
  "Initial_evaluations": 100,
  "Input_hash": "c0c85be1ea5c2f7ddefbd1b40df4aee0d8f0eb2ee32af880c1ee2fe8b3c3c480",
  "Learning_time": 0.04491266142576933,
  "Max_generations": 100,
  "NSol": 3,
  "Network_seed": 1790271553,
  "Offspring_evaluations": 10000,
  "Operator_counts": "[14,10,8,9,11,12,10,9,9,8]",
  "PPO_action_effective_updates": 2,
  "PPO_advantage_std_raw_mean": 0.30598249038060504,
  "PPO_approx_KL_mean": -0.0010166072424908634,
  "PPO_clip_fraction_mean": 0.0,
  "PPO_discarded_singletons": 0,
  "PPO_effective_optimizer_steps": 8,
  "PPO_effective_samples": 32,
  "PPO_effective_update_time": 0.03277751710265875,
  "PPO_entropy_mean": 2.2988336284955344,
  "PPO_explained_variance_pre_mean": 0.004584252834320068,
  "PPO_gradient_norm_mean": 0.8451701700687408,
  "PPO_optimizer_steps": 12,
  "PPO_phase_actions": 46,
  "PPO_policy_loss_mean": -0.0024768510387123874,
  "PPO_return_std_mean": 0.30668813983599347,
  "PPO_rollout_sizes": "[16,16,14]",
  "PPO_samples": 46,
  "PPO_seed": 13725029,
  "PPO_terminal_full_optimizer_steps": 0,
  "PPO_terminal_full_samples": 0,
  "PPO_terminal_full_update_time": 0.0,
  "PPO_terminal_full_updates": 0,
  "PPO_terminal_residual_optimizer_steps": 4,
  "PPO_terminal_residual_samples": 14,
  "PPO_terminal_residual_update_time": 0.01213514432311058,
  "PPO_terminal_residual_updates": 1,
  "PPO_update_count": 3,
  "PPO_value_loss_mean": 0.43184468025962514,
  "Population_size": 100,
  "Protocol": "saos_e4_replication_v8_20260722",
  "Reference_snapshot_sha256": "6286b6ac3ad977bc322da21c2a7ac4dd747710bb5cf5db898a89391366e900c6",
  "Replication_role": "outcome-informed_new-instance_replication",
  "Reward_HV_corr": 0.46419340896948286,
  "Spread": 0.89678969849322,
  "TEC_best": 82405.58689218662,
  "Time": 93.37931060791016,
  "Transition_gen": 54,
  "Transition_reason": "coverage_stagnation",
  "WB_best": 45.99999999999932,
  "Worker_count": 40,
  "dataset": "Hurink_edata",
  "front_pickle": "results/resubmission/v8_e4_replication/fronts/Hurink_edata_la25_EnhancedNoBC_R16_g100_seed52.pkl",
  "instance": "la25.fjs",
  "rollout_size_planned": 16,
  "seed": 52,
  "state_dim": 78,
  "state_mode": "enhanced",
  "use_bc": false,
  "variant": "EnhancedNoBC_R16"
}