{
  "Action_seed": 3835360792,
  "BC_confusion_matrix": "[]",
  "BC_epoch_accuracy": "[]",
  "BC_epoch_loss": "[]",
  "BC_final_accuracy": 0.0,
  "BC_final_loss": 0.0,
  "BC_pre_accuracy": 0.0,
  "BC_pre_loss": 0.0,
  "BC_pre_post_KL": 0.0,
  "BC_seed": 4057508279,
  "BC_time": 0.0,
  "Budget": 100,
  "CPU_time": 52.75934340800006,
  "Cmax_best": 641.045037183564,
  "Code_hash": "557a8cdd80246d5b84433fd06619c5f4572fc6d1061cccffb6c59606560a1e14",
  "Config_hash": "be7c2577b7d6bd7368c96844c11c8dd3066fdcb2bf4dbc68ce6d9fecd95bdb34",
  "Config_json": "{\"rollout\":16,\"state_mode\":\"base_padded\",\"use_bc\":false,\"variant\":\"BasePaddedNoBC_R16\"}",
  "Demo_action_counts": "[7,5,6,5,5,4,5,6,5,5]",
  "Demo_forced_fraction": 0.37735849056603776,
  "Demo_label_entropy": 0.9953920699763373,
  "Demo_nn_disagreement": 0.9811320754716981,
  "Demo_samples": 53,
  "Demo_ucb_margin_median": 0.005398750305175781,
  "Design_hash": "4edc2f84691449d3c998d8b1c95abbc1bc9262603bbbe59f337e6dbe7707a226",
  "Enhanced_constant_feature_fraction": 0.0,
  "Enhanced_feature_samples": 0,
  "Enhanced_near_one_fraction": 0.0,
  "Enhanced_near_zero_fraction": 0.0,
  "Entropy_all": 0.9936940873921706,
  "Entropy_last20": 0.9284318117920506,
  "Execution_device": "cpu",
  "Front_semantic_sha256": "14a557ba125322c49aec36d6c186ee129387998912b1822e50578df6a8f4df2a",
  "Front_sha256": "e7971596cbca30e77773c1dfdc867f4876a7112a0a5bf97051ed134770028ade",
  "HV_local": 570654179.2030813,
  "Initial_evaluations": 100,
  "Input_hash": "c0c85be1ea5c2f7ddefbd1b40df4aee0d8f0eb2ee32af880c1ee2fe8b3c3c480",
  "Learning_time": 0.038030159659683704,
  "Max_generations": 100,
  "NSol": 22,
  "Network_seed": 1790271553,
  "Offspring_evaluations": 10000,
  "Operator_counts": "[14,10,8,10,11,11,8,10,10,8]",
  "PPO_action_effective_updates": 2,
  "PPO_advantage_std_raw_mean": 0.3497870961825053,
  "PPO_approx_KL_mean": -0.0005292406543352021,
  "PPO_clip_fraction_mean": 0.0,
  "PPO_discarded_singletons": 0,
  "PPO_effective_optimizer_steps": 8,
  "PPO_effective_samples": 32,
  "PPO_effective_update_time": 0.024698568508028984,
  "PPO_entropy_mean": 2.2994940280914307,
  "PPO_explained_variance_pre_mean": 0.004254400730133057,
  "PPO_gradient_norm_mean": 0.8423308432102203,
  "PPO_optimizer_steps": 12,
  "PPO_phase_actions": 47,
  "PPO_policy_loss_mean": -0.0011883142426893183,
  "PPO_return_std_mean": 0.35050254066785175,
  "PPO_rollout_sizes": "[16,16,15]",
  "PPO_samples": 47,
  "PPO_seed": 13725029,
  "PPO_terminal_full_optimizer_steps": 0,
  "PPO_terminal_full_samples": 0,
  "PPO_terminal_full_update_time": 0.0,
  "PPO_terminal_full_updates": 0,
  "PPO_terminal_residual_optimizer_steps": 4,
  "PPO_terminal_residual_samples": 15,
  "PPO_terminal_residual_update_time": 0.01333159115165472,
  "PPO_terminal_residual_updates": 1,
  "PPO_update_count": 3,
  "PPO_value_loss_mean": 0.6307625199357668,
  "Population_size": 100,
  "Protocol": "saos_e4_replication_v8_20260722",
  "Reference_snapshot_sha256": "6286b6ac3ad977bc322da21c2a7ac4dd747710bb5cf5db898a89391366e900c6",
  "Replication_role": "outcome-informed_new-instance_replication",
  "Reward_HV_corr": 0.6253729544496914,
  "Spread": 0.8378326206710112,
  "TEC_best": 23106.178551182995,
  "Time": 52.9002251625061,
  "Transition_gen": 53,
  "Transition_reason": "coverage_stagnation",
  "WB_best": 125.99999999999977,
  "Worker_count": 40,
  "dataset": "Hurink_edata",
  "front_pickle": "results/resubmission/v8_e4_replication/fronts/Hurink_edata_la05_BasePaddedNoBC_R16_g100_seed52.pkl",
  "instance": "la05.fjs",
  "rollout_size_planned": 16,
  "seed": 52,
  "state_dim": 78,
  "state_mode": "base_padded",
  "use_bc": false,
  "variant": "BasePaddedNoBC_R16"
}