{
  "Action_seed": 934272733,
  "BC_confusion_matrix": "[]",
  "BC_epoch_accuracy": "[]",
  "BC_epoch_loss": "[]",
  "BC_final_accuracy": 0.0,
  "BC_final_loss": 0.0,
  "BC_pre_accuracy": 0.0,
  "BC_pre_loss": 0.0,
  "BC_pre_post_KL": 0.0,
  "BC_seed": 1720968262,
  "BC_time": 0.0,
  "Budget": 100,
  "CPU_time": 76.44191825299981,
  "Cmax_best": 1451.9973912108517,
  "Code_hash": "557a8cdd80246d5b84433fd06619c5f4572fc6d1061cccffb6c59606560a1e14",
  "Config_hash": "316e38e4b56c803c83035f595d8dd9a9c89982fa5ff0ed20203d316fee9ea457",
  "Config_json": "{\"rollout\":16,\"state_mode\":\"enhanced\",\"use_bc\":false,\"variant\":\"EnhancedNoBC_R16\"}",
  "Demo_action_counts": "[7,7,7,7,7,7,7,8,6,7]",
  "Demo_forced_fraction": 0.2857142857142857,
  "Demo_label_entropy": 0.9991106451708882,
  "Demo_nn_disagreement": 0.8571428571428571,
  "Demo_samples": 70,
  "Demo_ucb_margin_median": 0.00933074951171875,
  "Design_hash": "4edc2f84691449d3c998d8b1c95abbc1bc9262603bbbe59f337e6dbe7707a226",
  "Enhanced_constant_feature_fraction": 0.4444444444444444,
  "Enhanced_feature_samples": 30,
  "Enhanced_near_one_fraction": 0.037037037037037035,
  "Enhanced_near_zero_fraction": 0.3888888888888889,
  "Entropy_all": 0.9934115104801546,
  "Entropy_last20": 0.894345244566591,
  "Execution_device": "cpu",
  "Front_semantic_sha256": "a69e87b982f5ddc571869b9af1bf1f2b6fe66d2fa450d116c16c92c8f11cb14f",
  "Front_sha256": "5a948710a7a4fd733f672876f181b708479045c5765e4318f4fabd293f0c4c6d",
  "HV_local": 2454025475.8689184,
  "Initial_evaluations": 100,
  "Input_hash": "c0c85be1ea5c2f7ddefbd1b40df4aee0d8f0eb2ee32af880c1ee2fe8b3c3c480",
  "Learning_time": 0.028537639416754246,
  "Max_generations": 100,
  "NSol": 21,
  "Network_seed": 147388563,
  "Offspring_evaluations": 10000,
  "Operator_counts": "[10,12,9,10,7,13,9,11,8,11]",
  "PPO_action_effective_updates": 1,
  "PPO_advantage_std_raw_mean": 0.2794293165206909,
  "PPO_approx_KL_mean": -0.0004752775935881193,
  "PPO_clip_fraction_mean": 0.0,
  "PPO_discarded_singletons": 0,
  "PPO_effective_optimizer_steps": 4,
  "PPO_effective_samples": 16,
  "PPO_effective_update_time": 0.013745521195232868,
  "PPO_entropy_mean": 2.2983489334583282,
  "PPO_explained_variance_pre_mean": -0.0006936192512512207,
  "PPO_gradient_norm_mean": 0.8586376383900642,
  "PPO_optimizer_steps": 8,
  "PPO_phase_actions": 30,
  "PPO_policy_loss_mean": -0.002785137739140353,
  "PPO_return_std_mean": 0.2793207913637161,
  "PPO_rollout_sizes": "[16,14]",
  "PPO_samples": 30,
  "PPO_seed": 1905161551,
  "PPO_terminal_full_optimizer_steps": 0,
  "PPO_terminal_full_samples": 0,
  "PPO_terminal_full_update_time": 0.0,
  "PPO_terminal_full_updates": 0,
  "PPO_terminal_residual_optimizer_steps": 4,
  "PPO_terminal_residual_samples": 14,
  "PPO_terminal_residual_update_time": 0.014792118221521378,
  "PPO_terminal_residual_updates": 1,
  "PPO_update_count": 2,
  "PPO_value_loss_mean": 0.43297234550118446,
  "Population_size": 100,
  "Protocol": "saos_e4_replication_v8_20260722",
  "Reference_snapshot_sha256": "6286b6ac3ad977bc322da21c2a7ac4dd747710bb5cf5db898a89391366e900c6",
  "Replication_role": "outcome-informed_new-instance_replication",
  "Reward_HV_corr": 0.5607771445578065,
  "Spread": 1.0632164131725657,
  "TEC_best": 51821.8794207451,
  "Time": 76.91653299331665,
  "Transition_gen": 70,
  "Transition_reason": "coverage_latest_guard",
  "WB_best": 199.99999999999932,
  "Worker_count": 40,
  "dataset": "Hurink_edata",
  "front_pickle": "results/resubmission/v8_e4_replication/fronts/Hurink_edata_la14_EnhancedNoBC_R16_g100_seed56.pkl",
  "instance": "la14.fjs",
  "rollout_size_planned": 16,
  "seed": 56,
  "state_dim": 78,
  "state_mode": "enhanced",
  "use_bc": false,
  "variant": "EnhancedNoBC_R16"
}