{
  "Action_seed": 3356307559,
  "BC_confusion_matrix": "[]",
  "BC_epoch_accuracy": "[]",
  "BC_epoch_loss": "[]",
  "BC_final_accuracy": 0.0,
  "BC_final_loss": 0.0,
  "BC_pre_accuracy": 0.0,
  "BC_pre_loss": 0.0,
  "BC_pre_post_KL": 0.0,
  "BC_seed": 4095219117,
  "BC_time": 0.0,
  "Budget": 100,
  "CPU_time": 63.22518428300009,
  "Cmax_best": 1118.7575729318335,
  "Code_hash": "557a8cdd80246d5b84433fd06619c5f4572fc6d1061cccffb6c59606560a1e14",
  "Config_hash": "316e38e4b56c803c83035f595d8dd9a9c89982fa5ff0ed20203d316fee9ea457",
  "Config_json": "{\"rollout\":16,\"state_mode\":\"enhanced\",\"use_bc\":false,\"variant\":\"EnhancedNoBC_R16\"}",
  "Demo_action_counts": "[4,4,4,4,4,4,4,5,4,4]",
  "Demo_forced_fraction": 0.4878048780487805,
  "Demo_label_entropy": 0.998905571122498,
  "Demo_nn_disagreement": 0.9512195121951219,
  "Demo_samples": 41,
  "Demo_ucb_margin_median": 0.004880309104919434,
  "Design_hash": "4edc2f84691449d3c998d8b1c95abbc1bc9262603bbbe59f337e6dbe7707a226",
  "Enhanced_constant_feature_fraction": 0.42592592592592593,
  "Enhanced_feature_samples": 59,
  "Enhanced_near_one_fraction": 0.037037037037037035,
  "Enhanced_near_zero_fraction": 0.3888888888888889,
  "Entropy_all": 0.9864797544221243,
  "Entropy_last20": 0.845501434508948,
  "Execution_device": "cpu",
  "Front_semantic_sha256": "d0273d841a346737d2f44eab78bcf5e75946f03fa270c9751822eace0987f83a",
  "Front_sha256": "dc525fbd661b92a59759019ca06910a3de56126db3b23f00ce25193db9e975f5",
  "HV_local": 998337385.7560242,
  "Initial_evaluations": 100,
  "Input_hash": "c0c85be1ea5c2f7ddefbd1b40df4aee0d8f0eb2ee32af880c1ee2fe8b3c3c480",
  "Learning_time": 0.05342425778508186,
  "Max_generations": 100,
  "NSol": 18,
  "Network_seed": 1262220414,
  "Offspring_evaluations": 10000,
  "Operator_counts": "[8,7,8,8,12,12,12,14,7,12]",
  "PPO_action_effective_updates": 3,
  "PPO_advantage_std_raw_mean": 0.389359675347805,
  "PPO_approx_KL_mean": 0.00018049175196210854,
  "PPO_clip_fraction_mean": 0.0,
  "PPO_discarded_singletons": 0,
  "PPO_effective_optimizer_steps": 12,
  "PPO_effective_samples": 48,
  "PPO_effective_update_time": 0.036812315694987774,
  "PPO_entropy_mean": 2.3000198155641556,
  "PPO_explained_variance_pre_mean": 0.00479714572429657,
  "PPO_gradient_norm_mean": 1.0764022879302502,
  "PPO_optimizer_steps": 16,
  "PPO_phase_actions": 59,
  "PPO_policy_loss_mean": -0.003480217770795102,
  "PPO_return_std_mean": 0.39043255895376205,
  "PPO_rollout_sizes": "[16,16,16,11]",
  "PPO_samples": 59,
  "PPO_seed": 3196798417,
  "PPO_terminal_full_optimizer_steps": 0,
  "PPO_terminal_full_samples": 0,
  "PPO_terminal_full_update_time": 0.0,
  "PPO_terminal_full_updates": 0,
  "PPO_terminal_residual_optimizer_steps": 4,
  "PPO_terminal_residual_samples": 11,
  "PPO_terminal_residual_update_time": 0.01661194209009409,
  "PPO_terminal_residual_updates": 1,
  "PPO_update_count": 4,
  "PPO_value_loss_mean": 0.5710531380027533,
  "Population_size": 100,
  "Protocol": "saos_e4_replication_v8_20260722",
  "Reference_snapshot_sha256": "6286b6ac3ad977bc322da21c2a7ac4dd747710bb5cf5db898a89391366e900c6",
  "Replication_role": "outcome-informed_new-instance_replication",
  "Reward_HV_corr": 0.4398937376789227,
  "Spread": 0.5926260069131681,
  "TEC_best": 37310.54582468767,
  "Time": 63.54701352119446,
  "Transition_gen": 41,
  "Transition_reason": "coverage_stagnation",
  "WB_best": 36.99999999999966,
  "Worker_count": 40,
  "dataset": "Hurink_edata",
  "front_pickle": "results/resubmission/v8_e4_replication/fronts/Hurink_edata_la07_EnhancedNoBC_R16_g100_seed55.pkl",
  "instance": "la07.fjs",
  "rollout_size_planned": 16,
  "seed": 55,
  "state_dim": 78,
  "state_mode": "enhanced",
  "use_bc": false,
  "variant": "EnhancedNoBC_R16"
}