{
  "Action_seed": 3835360792,
  "BC_confusion_matrix": "[]",
  "BC_epoch_accuracy": "[]",
  "BC_epoch_loss": "[]",
  "BC_final_accuracy": 0.0,
  "BC_final_loss": 0.0,
  "BC_pre_accuracy": 0.0,
  "BC_pre_loss": 0.0,
  "BC_pre_post_KL": 0.0,
  "BC_seed": 4057508279,
  "BC_time": 0.0,
  "Budget": 100,
  "CPU_time": 64.13349715899994,
  "Cmax_best": 1042.5113033130235,
  "Code_hash": "557a8cdd80246d5b84433fd06619c5f4572fc6d1061cccffb6c59606560a1e14",
  "Config_hash": "316e38e4b56c803c83035f595d8dd9a9c89982fa5ff0ed20203d316fee9ea457",
  "Config_json": "{\"rollout\":16,\"state_mode\":\"enhanced\",\"use_bc\":false,\"variant\":\"EnhancedNoBC_R16\"}",
  "Demo_action_counts": "[7,7,8,7,6,6,6,6,5,6]",
  "Demo_forced_fraction": 0.3125,
  "Demo_label_entropy": 0.9966305010241318,
  "Demo_nn_disagreement": 0.84375,
  "Demo_samples": 64,
  "Demo_ucb_margin_median": 0.007964372634887695,
  "Design_hash": "4edc2f84691449d3c998d8b1c95abbc1bc9262603bbbe59f337e6dbe7707a226",
  "Enhanced_constant_feature_fraction": 0.42592592592592593,
  "Enhanced_feature_samples": 36,
  "Enhanced_near_one_fraction": 0.037037037037037035,
  "Enhanced_near_zero_fraction": 0.3888888888888889,
  "Entropy_all": 0.9923836724880515,
  "Entropy_last20": 0.9170696227168975,
  "Execution_device": "cpu",
  "Front_semantic_sha256": "174f352139f0b543cded0e21d29c8861aa1db15b57b7c1e00060f9966e80f8ed",
  "Front_sha256": "9dccd521690026d7ac7d95c805f06e82531cc22a4d58d205838d0b94439520c6",
  "HV_local": 569084798.9070954,
  "Initial_evaluations": 100,
  "Input_hash": "c0c85be1ea5c2f7ddefbd1b40df4aee0d8f0eb2ee32af880c1ee2fe8b3c3c480",
  "Learning_time": 0.03747841250151396,
  "Max_generations": 100,
  "NSol": 26,
  "Network_seed": 1790271553,
  "Offspring_evaluations": 10000,
  "Operator_counts": "[13,11,10,10,12,11,10,9,7,7]",
  "PPO_action_effective_updates": 2,
  "PPO_advantage_std_raw_mean": 0.2782471105456352,
  "PPO_approx_KL_mean": -0.0003556882341702779,
  "PPO_clip_fraction_mean": 0.0,
  "PPO_discarded_singletons": 0,
  "PPO_effective_optimizer_steps": 8,
  "PPO_effective_samples": 32,
  "PPO_effective_update_time": 0.025542376562952995,
  "PPO_entropy_mean": 2.298781911532084,
  "PPO_explained_variance_pre_mean": 0.004410982131958008,
  "PPO_gradient_norm_mean": 0.8983137756586075,
  "PPO_optimizer_steps": 12,
  "PPO_phase_actions": 36,
  "PPO_policy_loss_mean": -0.002486805237519244,
  "PPO_return_std_mean": 0.2791937415798505,
  "PPO_rollout_sizes": "[16,16,4]",
  "PPO_samples": 36,
  "PPO_seed": 13725029,
  "PPO_terminal_full_optimizer_steps": 0,
  "PPO_terminal_full_samples": 0,
  "PPO_terminal_full_update_time": 0.0,
  "PPO_terminal_full_updates": 0,
  "PPO_terminal_residual_optimizer_steps": 4,
  "PPO_terminal_residual_samples": 4,
  "PPO_terminal_residual_update_time": 0.011936035938560963,
  "PPO_terminal_residual_updates": 1,
  "PPO_update_count": 3,
  "PPO_value_loss_mean": 0.5153505923614526,
  "Population_size": 100,
  "Protocol": "saos_e4_replication_v8_20260722",
  "Reference_snapshot_sha256": "6286b6ac3ad977bc322da21c2a7ac4dd747710bb5cf5db898a89391366e900c6",
  "Replication_role": "outcome-informed_new-instance_replication",
  "Reward_HV_corr": 0.4545686447714976,
  "Spread": 0.6031573931468018,
  "TEC_best": 36799.762266304686,
  "Time": 64.56752753257751,
  "Transition_gen": 64,
  "Transition_reason": "coverage_stagnation",
  "WB_best": 21.99999999999966,
  "Worker_count": 40,
  "dataset": "Hurink_edata",
  "front_pickle": "results/resubmission/v8_e4_replication/fronts/Hurink_edata_la07_EnhancedNoBC_R16_g100_seed52.pkl",
  "instance": "la07.fjs",
  "rollout_size_planned": 16,
  "seed": 52,
  "state_dim": 78,
  "state_mode": "enhanced",
  "use_bc": false,
  "variant": "EnhancedNoBC_R16"
}