{
  "Action_seed": 3835360792,
  "BC_confusion_matrix": "[]",
  "BC_epoch_accuracy": "[]",
  "BC_epoch_loss": "[]",
  "BC_final_accuracy": 0.0,
  "BC_final_loss": 0.0,
  "BC_pre_accuracy": 0.0,
  "BC_pre_loss": 0.0,
  "BC_pre_post_KL": 0.0,
  "BC_seed": 4057508279,
  "BC_time": 0.0,
  "Budget": 100,
  "CPU_time": 61.67916577099993,
  "Cmax_best": 733.5556352740667,
  "Code_hash": "557a8cdd80246d5b84433fd06619c5f4572fc6d1061cccffb6c59606560a1e14",
  "Config_hash": "be7c2577b7d6bd7368c96844c11c8dd3066fdcb2bf4dbc68ce6d9fecd95bdb34",
  "Config_json": "{\"rollout\":16,\"state_mode\":\"base_padded\",\"use_bc\":false,\"variant\":\"BasePaddedNoBC_R16\"}",
  "Demo_action_counts": "[7,6,7,6,5,5,5,6,5,6]",
  "Demo_forced_fraction": 0.3448275862068966,
  "Demo_label_entropy": 0.9964210512159125,
  "Demo_nn_disagreement": 0.9655172413793104,
  "Demo_samples": 58,
  "Demo_ucb_margin_median": 0.005600631237030029,
  "Design_hash": "4edc2f84691449d3c998d8b1c95abbc1bc9262603bbbe59f337e6dbe7707a226",
  "Enhanced_constant_feature_fraction": 0.0,
  "Enhanced_feature_samples": 0,
  "Enhanced_near_one_fraction": 0.0,
  "Enhanced_near_zero_fraction": 0.0,
  "Entropy_all": 0.9966718442176055,
  "Entropy_last20": 0.8642422450001931,
  "Execution_device": "cpu",
  "Front_semantic_sha256": "f1ea38cc5521cc7f9834ae017bf3fb372c317a8a24f99db52cab12e82219703c",
  "Front_sha256": "8bcdf7a4e249ee1e3557b97a43d96f0296879a7afbb53479e59fa26293d22160",
  "HV_local": 196588320.6004023,
  "Initial_evaluations": 100,
  "Input_hash": "c0c85be1ea5c2f7ddefbd1b40df4aee0d8f0eb2ee32af880c1ee2fe8b3c3c480",
  "Learning_time": 0.04530294984579086,
  "Max_generations": 100,
  "NSol": 9,
  "Network_seed": 1790271553,
  "Offspring_evaluations": 10000,
  "Operator_counts": "[13,10,9,10,11,11,9,9,9,9]",
  "PPO_action_effective_updates": 2,
  "PPO_advantage_std_raw_mean": 0.29512721796830493,
  "PPO_approx_KL_mean": -0.0002605137723246109,
  "PPO_clip_fraction_mean": 0.0,
  "PPO_discarded_singletons": 0,
  "PPO_effective_optimizer_steps": 8,
  "PPO_effective_samples": 32,
  "PPO_effective_update_time": 0.03175651840865612,
  "PPO_entropy_mean": 2.299364765485128,
  "PPO_explained_variance_pre_mean": 0.005948185920715332,
  "PPO_gradient_norm_mean": 0.7366202895840009,
  "PPO_optimizer_steps": 12,
  "PPO_phase_actions": 42,
  "PPO_policy_loss_mean": -0.0010075765860773818,
  "PPO_return_std_mean": 0.2959678868452708,
  "PPO_rollout_sizes": "[16,16,10]",
  "PPO_samples": 42,
  "PPO_seed": 13725029,
  "PPO_terminal_full_optimizer_steps": 0,
  "PPO_terminal_full_samples": 0,
  "PPO_terminal_full_update_time": 0.0,
  "PPO_terminal_full_updates": 0,
  "PPO_terminal_residual_optimizer_steps": 4,
  "PPO_terminal_residual_samples": 10,
  "PPO_terminal_residual_update_time": 0.013546431437134743,
  "PPO_terminal_residual_updates": 1,
  "PPO_update_count": 3,
  "PPO_value_loss_mean": 0.4928773728509744,
  "Population_size": 100,
  "Protocol": "saos_e4_replication_v8_20260722",
  "Reference_snapshot_sha256": "6286b6ac3ad977bc322da21c2a7ac4dd747710bb5cf5db898a89391366e900c6",
  "Replication_role": "outcome-informed_new-instance_replication",
  "Reward_HV_corr": 0.5492847214122266,
  "Spread": 0.9994781145913555,
  "TEC_best": 19755.085007190504,
  "Time": 62.006715059280396,
  "Transition_gen": 58,
  "Transition_reason": "coverage_stagnation",
  "WB_best": 86.99999999999972,
  "Worker_count": 40,
  "dataset": "Hurink_edata",
  "front_pickle": "results/resubmission/v8_e4_replication/fronts/Hurink_edata_la03_BasePaddedNoBC_R16_g100_seed52.pkl",
  "instance": "la03.fjs",
  "rollout_size_planned": 16,
  "seed": 52,
  "state_dim": 78,
  "state_mode": "base_padded",
  "use_bc": false,
  "variant": "BasePaddedNoBC_R16"
}