{
  "Action_seed": 3356307559,
  "BC_confusion_matrix": "[]",
  "BC_epoch_accuracy": "[]",
  "BC_epoch_loss": "[]",
  "BC_final_accuracy": 0.0,
  "BC_final_loss": 0.0,
  "BC_pre_accuracy": 0.0,
  "BC_pre_loss": 0.0,
  "BC_pre_post_KL": 0.0,
  "BC_seed": 4095219117,
  "BC_time": 0.0,
  "Budget": 100,
  "CPU_time": 75.51288827900001,
  "Cmax_best": 113.75107602566031,
  "Code_hash": "557a8cdd80246d5b84433fd06619c5f4572fc6d1061cccffb6c59606560a1e14",
  "Config_hash": "316e38e4b56c803c83035f595d8dd9a9c89982fa5ff0ed20203d316fee9ea457",
  "Config_json": "{\"rollout\":16,\"state_mode\":\"enhanced\",\"use_bc\":false,\"variant\":\"EnhancedNoBC_R16\"}",
  "Demo_action_counts": "[7,7,7,7,7,7,7,7,7,7]",
  "Demo_forced_fraction": 0.2857142857142857,
  "Demo_label_entropy": 0.9999999999999998,
  "Demo_nn_disagreement": 0.9285714285714286,
  "Demo_samples": 70,
  "Demo_ucb_margin_median": 0.010493099689483643,
  "Design_hash": "4edc2f84691449d3c998d8b1c95abbc1bc9262603bbbe59f337e6dbe7707a226",
  "Enhanced_constant_feature_fraction": 0.42592592592592593,
  "Enhanced_feature_samples": 30,
  "Enhanced_near_one_fraction": 0.037037037037037035,
  "Enhanced_near_zero_fraction": 0.3888888888888889,
  "Entropy_all": 0.9978645563413185,
  "Entropy_last20": 0.9057074336417442,
  "Execution_device": "cpu",
  "Front_semantic_sha256": "a82a1b55dee3c9e32d4d871916bbc211c21d99ec280e2a3510007a737cb42abf",
  "Front_sha256": "4d145ea76a0684285b4a44d08c2d48a0c6e33de2afaec2d9ad7847c4883fb45e",
  "HV_local": 17903826.33523023,
  "Initial_evaluations": 100,
  "Input_hash": "c0c85be1ea5c2f7ddefbd1b40df4aee0d8f0eb2ee32af880c1ee2fe8b3c3c480",
  "Learning_time": 0.026323694735765457,
  "Max_generations": 100,
  "NSol": 53,
  "Network_seed": 1262220414,
  "Offspring_evaluations": 10000,
  "Operator_counts": "[10,9,9,10,11,11,10,9,9,12]",
  "PPO_action_effective_updates": 1,
  "PPO_advantage_std_raw_mean": 0.28568384051322937,
  "PPO_approx_KL_mean": 0.0010197995507041924,
  "PPO_clip_fraction_mean": 0.0,
  "PPO_discarded_singletons": 0,
  "PPO_effective_optimizer_steps": 4,
  "PPO_effective_samples": 16,
  "PPO_effective_update_time": 0.01430743932723999,
  "PPO_entropy_mean": 2.3003638982772827,
  "PPO_explained_variance_pre_mean": 0.013045519590377808,
  "PPO_gradient_norm_mean": 0.8421394005417824,
  "PPO_optimizer_steps": 8,
  "PPO_phase_actions": 30,
  "PPO_policy_loss_mean": -0.004623073331978311,
  "PPO_return_std_mean": 0.2875012159347534,
  "PPO_rollout_sizes": "[16,14]",
  "PPO_samples": 30,
  "PPO_seed": 3196798417,
  "PPO_terminal_full_optimizer_steps": 0,
  "PPO_terminal_full_samples": 0,
  "PPO_terminal_full_update_time": 0.0,
  "PPO_terminal_full_updates": 0,
  "PPO_terminal_residual_optimizer_steps": 4,
  "PPO_terminal_residual_samples": 14,
  "PPO_terminal_residual_update_time": 0.012016255408525467,
  "PPO_terminal_residual_updates": 1,
  "PPO_update_count": 2,
  "PPO_value_loss_mean": 0.3137926384806633,
  "Population_size": 100,
  "Protocol": "saos_e4_replication_v8_20260722",
  "Reference_snapshot_sha256": "6286b6ac3ad977bc322da21c2a7ac4dd747710bb5cf5db898a89391366e900c6",
  "Replication_role": "outcome-informed_new-instance_replication",
  "Reward_HV_corr": 0.5811623289563391,
  "Spread": 0.8206113906090763,
  "TEC_best": 3679.8788782811403,
  "Time": 76.02108192443848,
  "Transition_gen": 70,
  "Transition_reason": "coverage_latest_guard",
  "WB_best": 35.999999999999986,
  "Worker_count": 40,
  "dataset": "Brandimarte",
  "front_pickle": "results/resubmission/v8_e4_replication/fronts/Brandimarte_Mk04_EnhancedNoBC_R16_g100_seed55.pkl",
  "instance": "Mk04.fjs",
  "rollout_size_planned": 16,
  "seed": 55,
  "state_dim": 78,
  "state_mode": "enhanced",
  "use_bc": false,
  "variant": "EnhancedNoBC_R16"
}