{
  "Action_seed": 934272733,
  "BC_confusion_matrix": "[]",
  "BC_epoch_accuracy": "[]",
  "BC_epoch_loss": "[]",
  "BC_final_accuracy": 0.0,
  "BC_final_loss": 0.0,
  "BC_pre_accuracy": 0.0,
  "BC_pre_loss": 0.0,
  "BC_pre_post_KL": 0.0,
  "BC_seed": 1720968262,
  "BC_time": 0.0,
  "Budget": 100,
  "CPU_time": 102.79754276699987,
  "Cmax_best": 2259.356760190601,
  "Code_hash": "557a8cdd80246d5b84433fd06619c5f4572fc6d1061cccffb6c59606560a1e14",
  "Config_hash": "be7c2577b7d6bd7368c96844c11c8dd3066fdcb2bf4dbc68ce6d9fecd95bdb34",
  "Config_json": "{\"rollout\":16,\"state_mode\":\"base_padded\",\"use_bc\":false,\"variant\":\"BasePaddedNoBC_R16\"}",
  "Demo_action_counts": "[7,7,8,7,7,7,7,8,6,6]",
  "Demo_forced_fraction": 0.2857142857142857,
  "Demo_label_entropy": 0.9982212903417764,
  "Demo_nn_disagreement": 0.9285714285714286,
  "Demo_samples": 70,
  "Demo_ucb_margin_median": 0.008851706981658936,
  "Design_hash": "4edc2f84691449d3c998d8b1c95abbc1bc9262603bbbe59f337e6dbe7707a226",
  "Enhanced_constant_feature_fraction": 0.0,
  "Enhanced_feature_samples": 0,
  "Enhanced_near_one_fraction": 0.0,
  "Enhanced_near_zero_fraction": 0.0,
  "Entropy_all": 0.9938465316970986,
  "Entropy_last20": 0.894345244566591,
  "Execution_device": "cpu",
  "Front_semantic_sha256": "89aa1ece15441ce4b24285f978ace25670c35be6922dc8cbcb3aa7c7b8c4de9a",
  "Front_sha256": "f3a693e4a296711b094f9826ea0a32e56218cb2d54bf7804df40818c4d4e469b",
  "HV_local": 1644180089.4262595,
  "Initial_evaluations": 100,
  "Input_hash": "c0c85be1ea5c2f7ddefbd1b40df4aee0d8f0eb2ee32af880c1ee2fe8b3c3c480",
  "Learning_time": 0.02230329718440771,
  "Max_generations": 100,
  "NSol": 6,
  "Network_seed": 147388563,
  "Offspring_evaluations": 10000,
  "Operator_counts": "[10,12,10,10,7,13,9,11,8,10]",
  "PPO_action_effective_updates": 1,
  "PPO_advantage_std_raw_mean": 0.3342975974082947,
  "PPO_approx_KL_mean": -0.00039176855352707207,
  "PPO_clip_fraction_mean": 0.0,
  "PPO_discarded_singletons": 0,
  "PPO_effective_optimizer_steps": 4,
  "PPO_effective_samples": 16,
  "PPO_effective_update_time": 0.011418127454817295,
  "PPO_entropy_mean": 2.2987759709358215,
  "PPO_explained_variance_pre_mean": 0.000947117805480957,
  "PPO_gradient_norm_mean": 0.9815722927451134,
  "PPO_optimizer_steps": 8,
  "PPO_phase_actions": 30,
  "PPO_policy_loss_mean": -0.0015277487369278475,
  "PPO_return_std_mean": 0.33441901206970215,
  "PPO_rollout_sizes": "[16,14]",
  "PPO_samples": 30,
  "PPO_seed": 1905161551,
  "PPO_terminal_full_optimizer_steps": 0,
  "PPO_terminal_full_samples": 0,
  "PPO_terminal_full_update_time": 0.0,
  "PPO_terminal_full_updates": 0,
  "PPO_terminal_residual_optimizer_steps": 4,
  "PPO_terminal_residual_samples": 14,
  "PPO_terminal_residual_update_time": 0.010885169729590416,
  "PPO_terminal_residual_updates": 1,
  "PPO_update_count": 2,
  "PPO_value_loss_mean": 0.7464365288615227,
  "Population_size": 100,
  "Protocol": "saos_e4_replication_v8_20260722",
  "Reference_snapshot_sha256": "6286b6ac3ad977bc322da21c2a7ac4dd747710bb5cf5db898a89391366e900c6",
  "Replication_role": "outcome-informed_new-instance_replication",
  "Reward_HV_corr": 0.4355564826501545,
  "Spread": 0.5418372850348804,
  "TEC_best": 105289.4092841097,
  "Time": 103.13988256454468,
  "Transition_gen": 70,
  "Transition_reason": "coverage_latest_guard",
  "WB_best": 97.99999999999955,
  "Worker_count": 40,
  "dataset": "Hurink_edata",
  "front_pickle": "results/resubmission/v8_e4_replication/fronts/Hurink_edata_la29_BasePaddedNoBC_R16_g100_seed56.pkl",
  "instance": "la29.fjs",
  "rollout_size_planned": 16,
  "seed": 56,
  "state_dim": 78,
  "state_mode": "base_padded",
  "use_bc": false,
  "variant": "BasePaddedNoBC_R16"
}