{
  "Action_seed": 3069305879,
  "BC_confusion_matrix": "[]",
  "BC_epoch_accuracy": "[]",
  "BC_epoch_loss": "[]",
  "BC_final_accuracy": 0.0,
  "BC_final_loss": 0.0,
  "BC_pre_accuracy": 0.0,
  "BC_pre_loss": 0.0,
  "BC_pre_post_KL": 0.0,
  "BC_seed": 117269218,
  "BC_time": 0.0,
  "Budget": 100,
  "CPU_time": 71.285417994,
  "Cmax_best": 1128.2235645619796,
  "Code_hash": "557a8cdd80246d5b84433fd06619c5f4572fc6d1061cccffb6c59606560a1e14",
  "Config_hash": "316e38e4b56c803c83035f595d8dd9a9c89982fa5ff0ed20203d316fee9ea457",
  "Config_json": "{\"rollout\":16,\"state_mode\":\"enhanced\",\"use_bc\":false,\"variant\":\"EnhancedNoBC_R16\"}",
  "Demo_action_counts": "[7,6,7,7,6,5,5,6,5,6]",
  "Demo_forced_fraction": 0.3333333333333333,
  "Demo_label_entropy": 0.9963639351411915,
  "Demo_nn_disagreement": 0.8666666666666667,
  "Demo_samples": 60,
  "Demo_ucb_margin_median": 0.0090370774269104,
  "Design_hash": "4edc2f84691449d3c998d8b1c95abbc1bc9262603bbbe59f337e6dbe7707a226",
  "Enhanced_constant_feature_fraction": 0.42592592592592593,
  "Enhanced_feature_samples": 40,
  "Enhanced_near_one_fraction": 0.037037037037037035,
  "Enhanced_near_zero_fraction": 0.3888888888888889,
  "Entropy_all": 0.9911267045287819,
  "Entropy_last20": 0.8741013089736384,
  "Execution_device": "cpu",
  "Front_semantic_sha256": "225d2530cd99f47e9d5be8c61ded9cee4ffa8a2872724e55f97fac87642c58ee",
  "Front_sha256": "d352397de2785f3c09ed306447fb1a31ecfbd3c799826ca993fd062782e0f69e",
  "HV_local": 603365956.0955675,
  "Initial_evaluations": 100,
  "Input_hash": "c0c85be1ea5c2f7ddefbd1b40df4aee0d8f0eb2ee32af880c1ee2fe8b3c3c480",
  "Learning_time": 0.05557492934167385,
  "Max_generations": 100,
  "NSol": 6,
  "Network_seed": 2743625714,
  "Offspring_evaluations": 10000,
  "Operator_counts": "[13,10,9,9,11,7,14,8,10,9]",
  "PPO_action_effective_updates": 2,
  "PPO_advantage_std_raw_mean": 0.28946012258529663,
  "PPO_approx_KL_mean": 0.0019020301600297291,
  "PPO_clip_fraction_mean": 0.0,
  "PPO_discarded_singletons": 0,
  "PPO_effective_optimizer_steps": 8,
  "PPO_effective_samples": 32,
  "PPO_effective_update_time": 0.04060692247003317,
  "PPO_entropy_mean": 2.2969573537508645,
  "PPO_explained_variance_pre_mean": -0.0049456556638081866,
  "PPO_gradient_norm_mean": 0.9640383571386337,
  "PPO_optimizer_steps": 12,
  "PPO_phase_actions": 40,
  "PPO_policy_loss_mean": -0.004374516972651084,
  "PPO_return_std_mean": 0.28872110942999524,
  "PPO_rollout_sizes": "[16,16,8]",
  "PPO_samples": 40,
  "PPO_seed": 2625058009,
  "PPO_terminal_full_optimizer_steps": 0,
  "PPO_terminal_full_samples": 0,
  "PPO_terminal_full_update_time": 0.0,
  "PPO_terminal_full_updates": 0,
  "PPO_terminal_residual_optimizer_steps": 4,
  "PPO_terminal_residual_samples": 8,
  "PPO_terminal_residual_update_time": 0.014968006871640682,
  "PPO_terminal_residual_updates": 1,
  "PPO_update_count": 3,
  "PPO_value_loss_mean": 0.3587566825250785,
  "Population_size": 100,
  "Protocol": "saos_e4_replication_v8_20260722",
  "Reference_snapshot_sha256": "6286b6ac3ad977bc322da21c2a7ac4dd747710bb5cf5db898a89391366e900c6",
  "Replication_role": "outcome-informed_new-instance_replication",
  "Reward_HV_corr": 0.5477005886303838,
  "Spread": 0.7984168362940907,
  "TEC_best": 42710.86668167042,
  "Time": 71.59092903137207,
  "Transition_gen": 60,
  "Transition_reason": "coverage_stagnation",
  "WB_best": 48.99999999999966,
  "Worker_count": 40,
  "dataset": "Hurink_edata",
  "front_pickle": "results/resubmission/v8_e4_replication/fronts/Hurink_edata_la09_EnhancedNoBC_R16_g100_seed54.pkl",
  "instance": "la09.fjs",
  "rollout_size_planned": 16,
  "seed": 54,
  "state_dim": 78,
  "state_mode": "enhanced",
  "use_bc": false,
  "variant": "EnhancedNoBC_R16"
}