{
  "Action_seed": 3069305879,
  "BC_confusion_matrix": "[]",
  "BC_epoch_accuracy": "[]",
  "BC_epoch_loss": "[]",
  "BC_final_accuracy": 0.0,
  "BC_final_loss": 0.0,
  "BC_pre_accuracy": 0.0,
  "BC_pre_loss": 0.0,
  "BC_pre_post_KL": 0.0,
  "BC_seed": 117269218,
  "BC_time": 0.0,
  "Budget": 100,
  "CPU_time": 113.08696280100003,
  "Cmax_best": 3373.323580792237,
  "Code_hash": "557a8cdd80246d5b84433fd06619c5f4572fc6d1061cccffb6c59606560a1e14",
  "Config_hash": "be7c2577b7d6bd7368c96844c11c8dd3066fdcb2bf4dbc68ce6d9fecd95bdb34",
  "Config_json": "{\"rollout\":16,\"state_mode\":\"base_padded\",\"use_bc\":false,\"variant\":\"BasePaddedNoBC_R16\"}",
  "Demo_action_counts": "[7,7,8,7,7,7,7,7,5,5]",
  "Demo_forced_fraction": 0.29850746268656714,
  "Demo_label_entropy": 0.9958625056859858,
  "Demo_nn_disagreement": 0.9104477611940298,
  "Demo_samples": 67,
  "Demo_ucb_margin_median": 0.011371135711669922,
  "Design_hash": "4edc2f84691449d3c998d8b1c95abbc1bc9262603bbbe59f337e6dbe7707a226",
  "Enhanced_constant_feature_fraction": 0.0,
  "Enhanced_feature_samples": 0,
  "Enhanced_near_one_fraction": 0.0,
  "Enhanced_near_zero_fraction": 0.0,
  "Entropy_all": 0.9895632584623358,
  "Entropy_last20": 0.8983288122256525,
  "Execution_device": "cpu",
  "Front_semantic_sha256": "5354da6b623e7b97a18177de456e33121869499f04be37b2a10e16d5e3caf947",
  "Front_sha256": "04570413bf071d30582ad693f45898cd9399d35e0076882aa8baad036efb0e5b",
  "HV_local": 4586317987.873567,
  "Initial_evaluations": 100,
  "Input_hash": "c0c85be1ea5c2f7ddefbd1b40df4aee0d8f0eb2ee32af880c1ee2fe8b3c3c480",
  "Learning_time": 0.02413094975054264,
  "Max_generations": 100,
  "NSol": 2,
  "Network_seed": 2743625714,
  "Offspring_evaluations": 10000,
  "Operator_counts": "[11,11,10,8,12,9,15,8,9,7]",
  "PPO_action_effective_updates": 2,
  "PPO_advantage_std_raw_mean": 0.21152621507644653,
  "PPO_approx_KL_mean": 0.0002771485596895218,
  "PPO_clip_fraction_mean": 0.0,
  "PPO_discarded_singletons": 1,
  "PPO_effective_optimizer_steps": 8,
  "PPO_effective_samples": 32,
  "PPO_effective_update_time": 0.02413094975054264,
  "PPO_entropy_mean": 2.2993968427181244,
  "PPO_explained_variance_pre_mean": -0.0049111247062683105,
  "PPO_gradient_norm_mean": 0.678607240319252,
  "PPO_optimizer_steps": 8,
  "PPO_phase_actions": 33,
  "PPO_policy_loss_mean": -0.001237429678440094,
  "PPO_return_std_mean": 0.21101143211126328,
  "PPO_rollout_sizes": "[16,16]",
  "PPO_samples": 32,
  "PPO_seed": 2625058009,
  "PPO_terminal_full_optimizer_steps": 0,
  "PPO_terminal_full_samples": 0,
  "PPO_terminal_full_update_time": 0.0,
  "PPO_terminal_full_updates": 0,
  "PPO_terminal_residual_optimizer_steps": 0,
  "PPO_terminal_residual_samples": 0,
  "PPO_terminal_residual_update_time": 0.0,
  "PPO_terminal_residual_updates": 0,
  "PPO_update_count": 2,
  "PPO_value_loss_mean": 0.3125280477106571,
  "Population_size": 100,
  "Protocol": "saos_e4_replication_v8_20260722",
  "Reference_snapshot_sha256": "6286b6ac3ad977bc322da21c2a7ac4dd747710bb5cf5db898a89391366e900c6",
  "Replication_role": "outcome-informed_new-instance_replication",
  "Reward_HV_corr": 0.38096705646308127,
  "Spread": 0.8121794726873601,
  "TEC_best": 166729.60647617545,
  "Time": 113.45011329650879,
  "Transition_gen": 67,
  "Transition_reason": "coverage_stagnation",
  "WB_best": 213.99999999999898,
  "Worker_count": 40,
  "dataset": "Hurink_edata",
  "front_pickle": "results/resubmission/v8_e4_replication/fronts/Hurink_edata_la37_BasePaddedNoBC_R16_g100_seed54.pkl",
  "instance": "la37.fjs",
  "rollout_size_planned": 16,
  "seed": 54,
  "state_dim": 78,
  "state_mode": "base_padded",
  "use_bc": false,
  "variant": "BasePaddedNoBC_R16"
}