{
  "Action_seed": 3835360792,
  "BC_confusion_matrix": "[]",
  "BC_epoch_accuracy": "[]",
  "BC_epoch_loss": "[]",
  "BC_final_accuracy": 0.0,
  "BC_final_loss": 0.0,
  "BC_pre_accuracy": 0.0,
  "BC_pre_loss": 0.0,
  "BC_pre_post_KL": 0.0,
  "BC_seed": 4057508279,
  "BC_time": 0.0,
  "Budget": 100,
  "CPU_time": 67.218161137,
  "Cmax_best": 51.53114040126436,
  "Code_hash": "557a8cdd80246d5b84433fd06619c5f4572fc6d1061cccffb6c59606560a1e14",
  "Config_hash": "316e38e4b56c803c83035f595d8dd9a9c89982fa5ff0ed20203d316fee9ea457",
  "Config_json": "{\"rollout\":16,\"state_mode\":\"enhanced\",\"use_bc\":false,\"variant\":\"EnhancedNoBC_R16\"}",
  "Demo_action_counts": "[7,7,7,7,7,5,5,5,5,6]",
  "Demo_forced_fraction": 0.32786885245901637,
  "Demo_label_entropy": 0.9947275564940256,
  "Demo_nn_disagreement": 0.8360655737704918,
  "Demo_samples": 61,
  "Demo_ucb_margin_median": 0.011645078659057617,
  "Design_hash": "4edc2f84691449d3c998d8b1c95abbc1bc9262603bbbe59f337e6dbe7707a226",
  "Enhanced_constant_feature_fraction": 0.42592592592592593,
  "Enhanced_feature_samples": 39,
  "Enhanced_near_one_fraction": 0.037037037037037035,
  "Enhanced_near_zero_fraction": 0.3888888888888889,
  "Entropy_all": 0.9914491618201414,
  "Entropy_last20": 0.882983055491438,
  "Execution_device": "cpu",
  "Front_semantic_sha256": "9d311a60e4ee0c2bc5c1a2bb2902682f2feabc0551a32256b38429b6ad6f2bea",
  "Front_sha256": "7aafdf1e59965f0c275762b706a97ab0a08d5add8ce0faad1364cee8fdd21447",
  "HV_local": 1939954.5945239337,
  "Initial_evaluations": 100,
  "Input_hash": "c0c85be1ea5c2f7ddefbd1b40df4aee0d8f0eb2ee32af880c1ee2fe8b3c3c480",
  "Learning_time": 0.04611541796475649,
  "Max_generations": 100,
  "NSol": 50,
  "Network_seed": 1790271553,
  "Offspring_evaluations": 10000,
  "Operator_counts": "[13,11,9,12,13,10,8,8,8,8]",
  "PPO_action_effective_updates": 2,
  "PPO_advantage_std_raw_mean": 0.2778862218062083,
  "PPO_approx_KL_mean": -0.0012638781682611604,
  "PPO_clip_fraction_mean": 0.0,
  "PPO_discarded_singletons": 0,
  "PPO_effective_optimizer_steps": 8,
  "PPO_effective_samples": 32,
  "PPO_effective_update_time": 0.0320729985833168,
  "PPO_entropy_mean": 2.298746347427368,
  "PPO_explained_variance_pre_mean": 0.005044400691986084,
  "PPO_gradient_norm_mean": 0.8262647539377213,
  "PPO_optimizer_steps": 12,
  "PPO_phase_actions": 39,
  "PPO_policy_loss_mean": -0.0025676555752784935,
  "PPO_return_std_mean": 0.2787242978811264,
  "PPO_rollout_sizes": "[16,16,7]",
  "PPO_samples": 39,
  "PPO_seed": 13725029,
  "PPO_terminal_full_optimizer_steps": 0,
  "PPO_terminal_full_samples": 0,
  "PPO_terminal_full_update_time": 0.0,
  "PPO_terminal_full_updates": 0,
  "PPO_terminal_residual_optimizer_steps": 4,
  "PPO_terminal_residual_samples": 7,
  "PPO_terminal_residual_update_time": 0.014042419381439686,
  "PPO_terminal_residual_updates": 1,
  "PPO_update_count": 3,
  "PPO_value_loss_mean": 0.38179504747192067,
  "Population_size": 100,
  "Protocol": "saos_e4_replication_v8_20260722",
  "Reference_snapshot_sha256": "6286b6ac3ad977bc322da21c2a7ac4dd747710bb5cf5db898a89391366e900c6",
  "Replication_role": "outcome-informed_new-instance_replication",
  "Reward_HV_corr": 0.6532636598328584,
  "Spread": 0.7775280730634913,
  "TEC_best": 1590.1052382642006,
  "Time": 67.75471830368042,
  "Transition_gen": 61,
  "Transition_reason": "coverage_stagnation",
  "WB_best": 2.9999999999999822,
  "Worker_count": 40,
  "dataset": "Brandimarte",
  "front_pickle": "results/resubmission/v8_e4_replication/fronts/Brandimarte_Mk02_EnhancedNoBC_R16_g100_seed52.pkl",
  "instance": "Mk02.fjs",
  "rollout_size_planned": 16,
  "seed": 52,
  "state_dim": 78,
  "state_mode": "enhanced",
  "use_bc": false,
  "variant": "EnhancedNoBC_R16"
}