{
  "Action_seed": 3835360792,
  "BC_confusion_matrix": "[]",
  "BC_epoch_accuracy": "[]",
  "BC_epoch_loss": "[]",
  "BC_final_accuracy": 0.0,
  "BC_final_loss": 0.0,
  "BC_pre_accuracy": 0.0,
  "BC_pre_loss": 0.0,
  "BC_pre_post_KL": 0.0,
  "BC_seed": 4057508279,
  "BC_time": 0.0,
  "Budget": 100,
  "CPU_time": 74.53700372399999,
  "Cmax_best": 1570.7405321899885,
  "Code_hash": "557a8cdd80246d5b84433fd06619c5f4572fc6d1061cccffb6c59606560a1e14",
  "Config_hash": "be7c2577b7d6bd7368c96844c11c8dd3066fdcb2bf4dbc68ce6d9fecd95bdb34",
  "Config_json": "{\"rollout\":16,\"state_mode\":\"base_padded\",\"use_bc\":false,\"variant\":\"BasePaddedNoBC_R16\"}",
  "Demo_action_counts": "[7,7,8,6,5,5,5,5,5,5]",
  "Demo_forced_fraction": 0.3448275862068966,
  "Demo_label_entropy": 0.9928400610022895,
  "Demo_nn_disagreement": 0.9655172413793104,
  "Demo_samples": 58,
  "Demo_ucb_margin_median": 0.010047495365142822,
  "Design_hash": "4edc2f84691449d3c998d8b1c95abbc1bc9262603bbbe59f337e6dbe7707a226",
  "Enhanced_constant_feature_fraction": 0.0,
  "Enhanced_feature_samples": 0,
  "Enhanced_near_one_fraction": 0.0,
  "Enhanced_near_zero_fraction": 0.0,
  "Entropy_all": 0.9947861812198303,
  "Entropy_last20": 0.8568636235841012,
  "Execution_device": "cpu",
  "Front_semantic_sha256": "851ba151f46905b5b559b23a021b15b13e579c4c2e889461da7c94d5436208e3",
  "Front_sha256": "b8980526e91b12c8e6786460918041c32d28a253336dc271f8fedd7977c0e4c0",
  "HV_local": 1907624531.3422034,
  "Initial_evaluations": 100,
  "Input_hash": "c0c85be1ea5c2f7ddefbd1b40df4aee0d8f0eb2ee32af880c1ee2fe8b3c3c480",
  "Learning_time": 0.0376874003559351,
  "Max_generations": 100,
  "NSol": 29,
  "Network_seed": 1790271553,
  "Offspring_evaluations": 10000,
  "Operator_counts": "[13,11,10,10,11,11,10,8,8,8]",
  "PPO_action_effective_updates": 2,
  "PPO_advantage_std_raw_mean": 0.3173147936662038,
  "PPO_approx_KL_mean": -0.0003174486240216841,
  "PPO_clip_fraction_mean": 0.0,
  "PPO_discarded_singletons": 0,
  "PPO_effective_optimizer_steps": 8,
  "PPO_effective_samples": 32,
  "PPO_effective_update_time": 0.02551477588713169,
  "PPO_entropy_mean": 2.29940927028656,
  "PPO_explained_variance_pre_mean": 0.0053931474685668945,
  "PPO_gradient_norm_mean": 0.7364592601855596,
  "PPO_optimizer_steps": 12,
  "PPO_phase_actions": 42,
  "PPO_policy_loss_mean": -0.0011638399165046682,
  "PPO_return_std_mean": 0.3181264301141103,
  "PPO_rollout_sizes": "[16,16,10]",
  "PPO_samples": 42,
  "PPO_seed": 13725029,
  "PPO_terminal_full_optimizer_steps": 0,
  "PPO_terminal_full_samples": 0,
  "PPO_terminal_full_update_time": 0.0,
  "PPO_terminal_full_updates": 0,
  "PPO_terminal_residual_optimizer_steps": 4,
  "PPO_terminal_residual_samples": 10,
  "PPO_terminal_residual_update_time": 0.012172624468803406,
  "PPO_terminal_residual_updates": 1,
  "PPO_update_count": 3,
  "PPO_value_loss_mean": 0.4921614130338033,
  "Population_size": 100,
  "Protocol": "saos_e4_replication_v8_20260722",
  "Reference_snapshot_sha256": "6286b6ac3ad977bc322da21c2a7ac4dd747710bb5cf5db898a89391366e900c6",
  "Replication_role": "outcome-informed_new-instance_replication",
  "Reward_HV_corr": 0.5399086949728831,
  "Spread": 0.9140832287381659,
  "TEC_best": 48875.29075189578,
  "Time": 74.99405765533447,
  "Transition_gen": 58,
  "Transition_reason": "coverage_stagnation",
  "WB_best": 34.999999999999545,
  "Worker_count": 40,
  "dataset": "Hurink_edata",
  "front_pickle": "results/resubmission/v8_e4_replication/fronts/Hurink_edata_la15_BasePaddedNoBC_R16_g100_seed52.pkl",
  "instance": "la15.fjs",
  "rollout_size_planned": 16,
  "seed": 52,
  "state_dim": 78,
  "state_mode": "base_padded",
  "use_bc": false,
  "variant": "BasePaddedNoBC_R16"
}