{
  "Action_seed": 3069305879,
  "BC_confusion_matrix": "[]",
  "BC_epoch_accuracy": "[]",
  "BC_epoch_loss": "[]",
  "BC_final_accuracy": 0.0,
  "BC_final_loss": 0.0,
  "BC_pre_accuracy": 0.0,
  "BC_pre_loss": 0.0,
  "BC_pre_post_KL": 0.0,
  "BC_seed": 117269218,
  "BC_time": 0.0,
  "Budget": 100,
  "CPU_time": 134.57083757700002,
  "Cmax_best": 2988.587573920865,
  "Code_hash": "557a8cdd80246d5b84433fd06619c5f4572fc6d1061cccffb6c59606560a1e14",
  "Config_hash": "316e38e4b56c803c83035f595d8dd9a9c89982fa5ff0ed20203d316fee9ea457",
  "Config_json": "{\"rollout\":16,\"state_mode\":\"enhanced\",\"use_bc\":false,\"variant\":\"EnhancedNoBC_R16\"}",
  "Demo_action_counts": "[4,4,4,3,3,4,4,4,3,3]",
  "Demo_forced_fraction": 0.5555555555555556,
  "Demo_label_entropy": 0.995888754975425,
  "Demo_nn_disagreement": 0.9444444444444444,
  "Demo_samples": 36,
  "Demo_ucb_margin_median": 0.0022562146186828613,
  "Design_hash": "4edc2f84691449d3c998d8b1c95abbc1bc9262603bbbe59f337e6dbe7707a226",
  "Enhanced_constant_feature_fraction": 0.42592592592592593,
  "Enhanced_feature_samples": 64,
  "Enhanced_near_one_fraction": 0.037037037037037035,
  "Enhanced_near_zero_fraction": 0.3888888888888889,
  "Entropy_all": 0.9773624292286608,
  "Entropy_last20": 0.8568636235841013,
  "Execution_device": "cpu",
  "Front_semantic_sha256": "fc42196191ec696cd4d066ab25e27b055605848ebdc86f54492957bbfeabd1e2",
  "Front_sha256": "3969a89256e719ecb55235d7aeb5471afa0b5fbd8ecfe306f78774718be02fd9",
  "HV_local": 13033584438.087557,
  "Initial_evaluations": 100,
  "Input_hash": "c0c85be1ea5c2f7ddefbd1b40df4aee0d8f0eb2ee32af880c1ee2fe8b3c3c480",
  "Learning_time": 0.05504985246807337,
  "Max_generations": 100,
  "NSol": 1,
  "Network_seed": 2743625714,
  "Offspring_evaluations": 10000,
  "Operator_counts": "[10,12,6,8,11,7,18,9,12,7]",
  "PPO_action_effective_updates": 3,
  "PPO_advantage_std_raw_mean": 0.2892722152173519,
  "PPO_approx_KL_mean": 0.0014946581795811653,
  "PPO_clip_fraction_mean": 0.0,
  "PPO_discarded_singletons": 0,
  "PPO_effective_optimizer_steps": 12,
  "PPO_effective_samples": 48,
  "PPO_effective_update_time": 0.040466864593327045,
  "PPO_entropy_mean": 2.296286031603813,
  "PPO_explained_variance_pre_mean": -0.011071041226387024,
  "PPO_gradient_norm_mean": 0.9454688057303429,
  "PPO_optimizer_steps": 16,
  "PPO_phase_actions": 64,
  "PPO_policy_loss_mean": -0.002829175384249538,
  "PPO_return_std_mean": 0.2875412330031395,
  "PPO_rollout_sizes": "[16,16,16,16]",
  "PPO_samples": 64,
  "PPO_seed": 2625058009,
  "PPO_terminal_full_optimizer_steps": 4,
  "PPO_terminal_full_samples": 16,
  "PPO_terminal_full_update_time": 0.014582987874746323,
  "PPO_terminal_full_updates": 1,
  "PPO_terminal_residual_optimizer_steps": 0,
  "PPO_terminal_residual_samples": 0,
  "PPO_terminal_residual_update_time": 0.0,
  "PPO_terminal_residual_updates": 0,
  "PPO_update_count": 4,
  "PPO_value_loss_mean": 0.36468384973704815,
  "Population_size": 100,
  "Protocol": "saos_e4_replication_v8_20260722",
  "Reference_snapshot_sha256": "6286b6ac3ad977bc322da21c2a7ac4dd747710bb5cf5db898a89391366e900c6",
  "Replication_role": "outcome-informed_new-instance_replication",
  "Reward_HV_corr": 0.4268401064536672,
  "Spread": 1.3319105970622014,
  "TEC_best": 150226.36498286054,
  "Time": 134.90300488471985,
  "Transition_gen": 36,
  "Transition_reason": "coverage_stagnation",
  "WB_best": 459.99999999999915,
  "Worker_count": 40,
  "dataset": "Hurink_edata",
  "front_pickle": "results/resubmission/v8_e4_replication/fronts/Hurink_edata_la39_EnhancedNoBC_R16_g100_seed54.pkl",
  "instance": "la39.fjs",
  "rollout_size_planned": 16,
  "seed": 54,
  "state_dim": 78,
  "state_mode": "enhanced",
  "use_bc": false,
  "variant": "EnhancedNoBC_R16"
}