{
  "Action_seed": 3835360792,
  "BC_confusion_matrix": "[]",
  "BC_epoch_accuracy": "[]",
  "BC_epoch_loss": "[]",
  "BC_final_accuracy": 0.0,
  "BC_final_loss": 0.0,
  "BC_pre_accuracy": 0.0,
  "BC_pre_loss": 0.0,
  "BC_pre_post_KL": 0.0,
  "BC_seed": 4057508279,
  "BC_time": 0.0,
  "Budget": 100,
  "CPU_time": 113.5217280679999,
  "Cmax_best": 2943.1988029516124,
  "Code_hash": "557a8cdd80246d5b84433fd06619c5f4572fc6d1061cccffb6c59606560a1e14",
  "Config_hash": "316e38e4b56c803c83035f595d8dd9a9c89982fa5ff0ed20203d316fee9ea457",
  "Config_json": "{\"rollout\":16,\"state_mode\":\"enhanced\",\"use_bc\":false,\"variant\":\"EnhancedNoBC_R16\"}",
  "Demo_action_counts": "[7,7,8,7,7,7,7,8,6,6]",
  "Demo_forced_fraction": 0.2857142857142857,
  "Demo_label_entropy": 0.9982212903417764,
  "Demo_nn_disagreement": 0.8428571428571429,
  "Demo_samples": 70,
  "Demo_ucb_margin_median": 0.013866245746612549,
  "Design_hash": "4edc2f84691449d3c998d8b1c95abbc1bc9262603bbbe59f337e6dbe7707a226",
  "Enhanced_constant_feature_fraction": 0.42592592592592593,
  "Enhanced_feature_samples": 30,
  "Enhanced_near_one_fraction": 0.037037037037037035,
  "Enhanced_near_zero_fraction": 0.3888888888888889,
  "Entropy_all": 0.992779031278957,
  "Entropy_last20": 0.9284318117920506,
  "Execution_device": "cpu",
  "Front_semantic_sha256": "1d7f148ba2d88584f8cbb4b6397f2dd7c6f37bb8eaeba0fec477357e7314555c",
  "Front_sha256": "539d0c6c8172bd5c3d1a06b53e8aadf3493ff90eb9e5b63b6895a7ffc0745ce9",
  "HV_local": 6693850539.581856,
  "Initial_evaluations": 100,
  "Input_hash": "c0c85be1ea5c2f7ddefbd1b40df4aee0d8f0eb2ee32af880c1ee2fe8b3c3c480",
  "Learning_time": 0.023616451770067215,
  "Max_generations": 100,
  "NSol": 5,
  "Network_seed": 1790271553,
  "Offspring_evaluations": 10000,
  "Operator_counts": "[13,11,9,10,11,10,11,11,7,7]",
  "PPO_action_effective_updates": 1,
  "PPO_advantage_std_raw_mean": 0.38461385667324066,
  "PPO_approx_KL_mean": -0.0012603229115484282,
  "PPO_clip_fraction_mean": 0.0,
  "PPO_discarded_singletons": 0,
  "PPO_effective_optimizer_steps": 4,
  "PPO_effective_samples": 16,
  "PPO_effective_update_time": 0.011802245862782001,
  "PPO_entropy_mean": 2.2987091541290283,
  "PPO_explained_variance_pre_mean": 0.0036754310131073,
  "PPO_gradient_norm_mean": 1.042081356048584,
  "PPO_optimizer_steps": 8,
  "PPO_phase_actions": 30,
  "PPO_policy_loss_mean": -0.0027842617387899837,
  "PPO_return_std_mean": 0.385362908244133,
  "PPO_rollout_sizes": "[16,14]",
  "PPO_samples": 30,
  "PPO_seed": 13725029,
  "PPO_terminal_full_optimizer_steps": 0,
  "PPO_terminal_full_samples": 0,
  "PPO_terminal_full_update_time": 0.0,
  "PPO_terminal_full_updates": 0,
  "PPO_terminal_residual_optimizer_steps": 4,
  "PPO_terminal_residual_samples": 14,
  "PPO_terminal_residual_update_time": 0.011814205907285213,
  "PPO_terminal_residual_updates": 1,
  "PPO_update_count": 2,
  "PPO_value_loss_mean": 0.6961117759346962,
  "Population_size": 100,
  "Protocol": "saos_e4_replication_v8_20260722",
  "Reference_snapshot_sha256": "6286b6ac3ad977bc322da21c2a7ac4dd747710bb5cf5db898a89391366e900c6",
  "Replication_role": "outcome-informed_new-instance_replication",
  "Reward_HV_corr": 0.26509685373580766,
  "Spread": 1.1076044327766656,
  "TEC_best": 160454.54853119206,
  "Time": 113.94816994667053,
  "Transition_gen": 70,
  "Transition_reason": "coverage_latest_guard",
  "WB_best": 170.99999999999955,
  "Worker_count": 40,
  "dataset": "Hurink_edata",
  "front_pickle": "results/resubmission/v8_e4_replication/fronts/Hurink_edata_la36_EnhancedNoBC_R16_g100_seed52.pkl",
  "instance": "la36.fjs",
  "rollout_size_planned": 16,
  "seed": 52,
  "state_dim": 78,
  "state_mode": "enhanced",
  "use_bc": false,
  "variant": "EnhancedNoBC_R16"
}