{
  "Action_seed": 934272733,
  "BC_confusion_matrix": "[]",
  "BC_epoch_accuracy": "[]",
  "BC_epoch_loss": "[]",
  "BC_final_accuracy": 0.0,
  "BC_final_loss": 0.0,
  "BC_pre_accuracy": 0.0,
  "BC_pre_loss": 0.0,
  "BC_pre_post_KL": 0.0,
  "BC_seed": 1720968262,
  "BC_time": 0.0,
  "Budget": 100,
  "CPU_time": 77.16674709099999,
  "Cmax_best": 110.10223042772459,
  "Code_hash": "557a8cdd80246d5b84433fd06619c5f4572fc6d1061cccffb6c59606560a1e14",
  "Config_hash": "316e38e4b56c803c83035f595d8dd9a9c89982fa5ff0ed20203d316fee9ea457",
  "Config_json": "{\"rollout\":16,\"state_mode\":\"enhanced\",\"use_bc\":false,\"variant\":\"EnhancedNoBC_R16\"}",
  "Demo_action_counts": "[7,7,7,7,7,7,7,7,7,7]",
  "Demo_forced_fraction": 0.2857142857142857,
  "Demo_label_entropy": 0.9999999999999998,
  "Demo_nn_disagreement": 0.8428571428571429,
  "Demo_samples": 70,
  "Demo_ucb_margin_median": 0.011840522289276123,
  "Design_hash": "4edc2f84691449d3c998d8b1c95abbc1bc9262603bbbe59f337e6dbe7707a226",
  "Enhanced_constant_feature_fraction": 0.4444444444444444,
  "Enhanced_feature_samples": 30,
  "Enhanced_near_one_fraction": 0.037037037037037035,
  "Enhanced_near_zero_fraction": 0.3888888888888889,
  "Entropy_all": 0.9943300789573756,
  "Entropy_last20": 0.894345244566591,
  "Execution_device": "cpu",
  "Front_semantic_sha256": "6511a22455afb570413ea10e0cb0fca828eff7f3510aa12cad8c4ac90f89f91e",
  "Front_sha256": "1c46f048b336524e90ed9798d70003ccaddec5d1d84204e83b1e0dbfcbee3d64",
  "HV_local": 6165840.002914854,
  "Initial_evaluations": 100,
  "Input_hash": "c0c85be1ea5c2f7ddefbd1b40df4aee0d8f0eb2ee32af880c1ee2fe8b3c3c480",
  "Learning_time": 0.034767637960612774,
  "Max_generations": 100,
  "NSol": 79,
  "Network_seed": 147388563,
  "Offspring_evaluations": 10000,
  "Operator_counts": "[10,12,9,10,7,13,9,10,9,11]",
  "PPO_action_effective_updates": 1,
  "PPO_advantage_std_raw_mean": 0.2601591572165489,
  "PPO_approx_KL_mean": -0.0005673848632536949,
  "PPO_clip_fraction_mean": 0.0,
  "PPO_discarded_singletons": 0,
  "PPO_effective_optimizer_steps": 4,
  "PPO_effective_samples": 16,
  "PPO_effective_update_time": 0.016351042315363884,
  "PPO_entropy_mean": 2.298314154148102,
  "PPO_explained_variance_pre_mean": -0.0008980631828308105,
  "PPO_gradient_norm_mean": 0.7283212244510651,
  "PPO_optimizer_steps": 8,
  "PPO_phase_actions": 30,
  "PPO_policy_loss_mean": -0.0030059966375119984,
  "PPO_return_std_mean": 0.2600211873650551,
  "PPO_rollout_sizes": "[16,14]",
  "PPO_samples": 30,
  "PPO_seed": 1905161551,
  "PPO_terminal_full_optimizer_steps": 0,
  "PPO_terminal_full_samples": 0,
  "PPO_terminal_full_update_time": 0.0,
  "PPO_terminal_full_updates": 0,
  "PPO_terminal_residual_optimizer_steps": 4,
  "PPO_terminal_residual_samples": 14,
  "PPO_terminal_residual_update_time": 0.01841659564524889,
  "PPO_terminal_residual_updates": 1,
  "PPO_update_count": 2,
  "PPO_value_loss_mean": 0.32657655142247677,
  "Population_size": 100,
  "Protocol": "saos_e4_replication_v8_20260722",
  "Reference_snapshot_sha256": "6286b6ac3ad977bc322da21c2a7ac4dd747710bb5cf5db898a89391366e900c6",
  "Replication_role": "outcome-informed_new-instance_replication",
  "Reward_HV_corr": 0.6111643362838677,
  "Spread": 0.67496206262645,
  "TEC_best": 3716.827807594477,
  "Time": 77.63824081420898,
  "Transition_gen": 70,
  "Transition_reason": "coverage_latest_guard",
  "WB_best": 35.99999999999998,
  "Worker_count": 40,
  "dataset": "Brandimarte",
  "front_pickle": "results/resubmission/v8_e4_replication/fronts/Brandimarte_Mk04_EnhancedNoBC_R16_g100_seed56.pkl",
  "instance": "Mk04.fjs",
  "rollout_size_planned": 16,
  "seed": 56,
  "state_dim": 78,
  "state_mode": "enhanced",
  "use_bc": false,
  "variant": "EnhancedNoBC_R16"
}