{
  "Action_seed": 3069305879,
  "BC_confusion_matrix": "[]",
  "BC_epoch_accuracy": "[]",
  "BC_epoch_loss": "[]",
  "BC_final_accuracy": 0.0,
  "BC_final_loss": 0.0,
  "BC_pre_accuracy": 0.0,
  "BC_pre_loss": 0.0,
  "BC_pre_post_KL": 0.0,
  "BC_seed": 117269218,
  "BC_time": 0.0,
  "Budget": 100,
  "CPU_time": 144.46308316400018,
  "Cmax_best": 3615.6020609068364,
  "Code_hash": "557a8cdd80246d5b84433fd06619c5f4572fc6d1061cccffb6c59606560a1e14",
  "Config_hash": "be7c2577b7d6bd7368c96844c11c8dd3066fdcb2bf4dbc68ce6d9fecd95bdb34",
  "Config_json": "{\"rollout\":16,\"state_mode\":\"base_padded\",\"use_bc\":false,\"variant\":\"BasePaddedNoBC_R16\"}",
  "Demo_action_counts": "[5,5,5,5,4,5,5,5,4,4]",
  "Demo_forced_fraction": 0.425531914893617,
  "Demo_label_entropy": 0.9978708356443087,
  "Demo_nn_disagreement": 0.9787234042553191,
  "Demo_samples": 47,
  "Demo_ucb_margin_median": 0.0053577423095703125,
  "Design_hash": "4edc2f84691449d3c998d8b1c95abbc1bc9262603bbbe59f337e6dbe7707a226",
  "Enhanced_constant_feature_fraction": 0.0,
  "Enhanced_feature_samples": 0,
  "Enhanced_near_one_fraction": 0.0,
  "Enhanced_near_zero_fraction": 0.0,
  "Entropy_all": 0.9860162909360731,
  "Entropy_last20": 0.8983288122256525,
  "Execution_device": "cpu",
  "Front_semantic_sha256": "f7521bdc3c780af34ed96cc22e7c71a698ccf35827b1375698efccb18e0dbcf6",
  "Front_sha256": "701bc9f56f04db7aec92cd0ee0f03b6c9fc57d07c32f61b79d27d67c8ebb21f1",
  "HV_local": 21409887403.471153,
  "Initial_evaluations": 100,
  "Input_hash": "c0c85be1ea5c2f7ddefbd1b40df4aee0d8f0eb2ee32af880c1ee2fe8b3c3c480",
  "Learning_time": 0.050807222723960876,
  "Max_generations": 100,
  "NSol": 8,
  "Network_seed": 2743625714,
  "Offspring_evaluations": 10000,
  "Operator_counts": "[11,10,8,9,9,8,17,8,12,8]",
  "PPO_action_effective_updates": 3,
  "PPO_advantage_std_raw_mean": 0.2588774412870407,
  "PPO_approx_KL_mean": 0.0005197215825774038,
  "PPO_clip_fraction_mean": 0.0,
  "PPO_discarded_singletons": 0,
  "PPO_effective_optimizer_steps": 12,
  "PPO_effective_samples": 48,
  "PPO_effective_update_time": 0.03459384012967348,
  "PPO_entropy_mean": 2.2993737161159515,
  "PPO_explained_variance_pre_mean": -0.004806771874427795,
  "PPO_gradient_norm_mean": 0.735359713435173,
  "PPO_optimizer_steps": 16,
  "PPO_phase_actions": 53,
  "PPO_policy_loss_mean": -0.001350636158895191,
  "PPO_return_std_mean": 0.25836437940597534,
  "PPO_rollout_sizes": "[16,16,16,5]",
  "PPO_samples": 53,
  "PPO_seed": 2625058009,
  "PPO_terminal_full_optimizer_steps": 0,
  "PPO_terminal_full_samples": 0,
  "PPO_terminal_full_update_time": 0.0,
  "PPO_terminal_full_updates": 0,
  "PPO_terminal_residual_optimizer_steps": 4,
  "PPO_terminal_residual_samples": 5,
  "PPO_terminal_residual_update_time": 0.016213382594287395,
  "PPO_terminal_residual_updates": 1,
  "PPO_update_count": 4,
  "PPO_value_loss_mean": 0.35087034991011024,
  "Population_size": 100,
  "Protocol": "saos_e4_replication_v8_20260722",
  "Reference_snapshot_sha256": "6286b6ac3ad977bc322da21c2a7ac4dd747710bb5cf5db898a89391366e900c6",
  "Replication_role": "outcome-informed_new-instance_replication",
  "Reward_HV_corr": 0.549320501332858,
  "Spread": 0.35975859745210853,
  "TEC_best": 168769.48470333766,
  "Time": 144.88577556610107,
  "Transition_gen": 47,
  "Transition_reason": "coverage_stagnation",
  "WB_best": 430.99999999999886,
  "Worker_count": 40,
  "dataset": "Hurink_edata",
  "front_pickle": "results/resubmission/v8_e4_replication/fronts/Hurink_edata_la35_BasePaddedNoBC_R16_g100_seed54.pkl",
  "instance": "la35.fjs",
  "rollout_size_planned": 16,
  "seed": 54,
  "state_dim": 78,
  "state_mode": "base_padded",
  "use_bc": false,
  "variant": "BasePaddedNoBC_R16"
}