{
  "Action_seed": 3835360792,
  "BC_confusion_matrix": "[]",
  "BC_epoch_accuracy": "[]",
  "BC_epoch_loss": "[]",
  "BC_final_accuracy": 0.0,
  "BC_final_loss": 0.0,
  "BC_pre_accuracy": 0.0,
  "BC_pre_loss": 0.0,
  "BC_pre_post_KL": 0.0,
  "BC_seed": 4057508279,
  "BC_time": 0.0,
  "Budget": 100,
  "CPU_time": 112.74456684999996,
  "Cmax_best": 2554.631402053164,
  "Code_hash": "557a8cdd80246d5b84433fd06619c5f4572fc6d1061cccffb6c59606560a1e14",
  "Config_hash": "be7c2577b7d6bd7368c96844c11c8dd3066fdcb2bf4dbc68ce6d9fecd95bdb34",
  "Config_json": "{\"rollout\":16,\"state_mode\":\"base_padded\",\"use_bc\":false,\"variant\":\"BasePaddedNoBC_R16\"}",
  "Demo_action_counts": "[7,7,8,7,7,7,7,8,5,5]",
  "Demo_forced_fraction": 0.29411764705882354,
  "Demo_label_entropy": 0.995255125708735,
  "Demo_nn_disagreement": 0.8823529411764706,
  "Demo_samples": 68,
  "Demo_ucb_margin_median": 0.010765254497528076,
  "Design_hash": "4edc2f84691449d3c998d8b1c95abbc1bc9262603bbbe59f337e6dbe7707a226",
  "Enhanced_constant_feature_fraction": 0.0,
  "Enhanced_feature_samples": 0,
  "Enhanced_near_one_fraction": 0.0,
  "Enhanced_near_zero_fraction": 0.0,
  "Entropy_all": 0.9890432373170501,
  "Entropy_last20": 0.9545512436993874,
  "Execution_device": "cpu",
  "Front_semantic_sha256": "8c0f9caf520fd15c73a78a638146b067a6fc3109c04494311cd64cd6f2b8d70f",
  "Front_sha256": "58a3027323ec51b17600bb9a5dce74572c8bc9f9e3cb78f0b4921c441f8ba28b",
  "HV_local": 2022521566.0553427,
  "Initial_evaluations": 100,
  "Input_hash": "c0c85be1ea5c2f7ddefbd1b40df4aee0d8f0eb2ee32af880c1ee2fe8b3c3c480",
  "Learning_time": 0.023021544329822063,
  "Max_generations": 100,
  "NSol": 6,
  "Network_seed": 1790271553,
  "Offspring_evaluations": 10000,
  "Operator_counts": "[13,11,10,11,11,11,10,11,6,6]",
  "PPO_action_effective_updates": 1,
  "PPO_advantage_std_raw_mean": 0.35293568670749664,
  "PPO_approx_KL_mean": -0.0006105322390794754,
  "PPO_clip_fraction_mean": 0.0,
  "PPO_discarded_singletons": 0,
  "PPO_effective_optimizer_steps": 4,
  "PPO_effective_samples": 16,
  "PPO_effective_update_time": 0.01177945639938116,
  "PPO_entropy_mean": 2.299440026283264,
  "PPO_explained_variance_pre_mean": 0.004002660512924194,
  "PPO_gradient_norm_mean": 0.9316158443689346,
  "PPO_optimizer_steps": 8,
  "PPO_phase_actions": 32,
  "PPO_policy_loss_mean": -0.0014397212071344256,
  "PPO_return_std_mean": 0.3537307381629944,
  "PPO_rollout_sizes": "[16,16]",
  "PPO_samples": 32,
  "PPO_seed": 13725029,
  "PPO_terminal_full_optimizer_steps": 4,
  "PPO_terminal_full_samples": 16,
  "PPO_terminal_full_update_time": 0.011242087930440903,
  "PPO_terminal_full_updates": 1,
  "PPO_terminal_residual_optimizer_steps": 0,
  "PPO_terminal_residual_samples": 0,
  "PPO_terminal_residual_update_time": 0.0,
  "PPO_terminal_residual_updates": 0,
  "PPO_update_count": 2,
  "PPO_value_loss_mean": 0.7257858514785767,
  "Population_size": 100,
  "Protocol": "saos_e4_replication_v8_20260722",
  "Reference_snapshot_sha256": "6286b6ac3ad977bc322da21c2a7ac4dd747710bb5cf5db898a89391366e900c6",
  "Replication_role": "outcome-informed_new-instance_replication",
  "Reward_HV_corr": 0.46489798390020876,
  "Spread": 0.8731952959217201,
  "TEC_best": 106558.26061776513,
  "Time": 112.97980666160583,
  "Transition_gen": 68,
  "Transition_reason": "coverage_stagnation",
  "WB_best": 104.99999999999932,
  "Worker_count": 40,
  "dataset": "Hurink_edata",
  "front_pickle": "results/resubmission/v8_e4_replication/fronts/Hurink_edata_la28_BasePaddedNoBC_R16_g100_seed52.pkl",
  "instance": "la28.fjs",
  "rollout_size_planned": 16,
  "seed": 52,
  "state_dim": 78,
  "state_mode": "base_padded",
  "use_bc": false,
  "variant": "BasePaddedNoBC_R16"
}