{
  "Action_seed": 3356307559,
  "BC_confusion_matrix": "[]",
  "BC_epoch_accuracy": "[]",
  "BC_epoch_loss": "[]",
  "BC_final_accuracy": 0.0,
  "BC_final_loss": 0.0,
  "BC_pre_accuracy": 0.0,
  "BC_pre_loss": 0.0,
  "BC_pre_post_KL": 0.0,
  "BC_seed": 4095219117,
  "BC_time": 0.0,
  "Budget": 100,
  "CPU_time": 101.18406535899976,
  "Cmax_best": 1725.9194212245393,
  "Code_hash": "557a8cdd80246d5b84433fd06619c5f4572fc6d1061cccffb6c59606560a1e14",
  "Config_hash": "be7c2577b7d6bd7368c96844c11c8dd3066fdcb2bf4dbc68ce6d9fecd95bdb34",
  "Config_json": "{\"rollout\":16,\"state_mode\":\"base_padded\",\"use_bc\":false,\"variant\":\"BasePaddedNoBC_R16\"}",
  "Demo_action_counts": "[7,7,8,7,7,6,7,8,5,5]",
  "Demo_forced_fraction": 0.29850746268656714,
  "Demo_label_entropy": 0.9949333289988542,
  "Demo_nn_disagreement": 0.9104477611940298,
  "Demo_samples": 67,
  "Demo_ucb_margin_median": 0.009506702423095703,
  "Design_hash": "4edc2f84691449d3c998d8b1c95abbc1bc9262603bbbe59f337e6dbe7707a226",
  "Enhanced_constant_feature_fraction": 0.0,
  "Enhanced_feature_samples": 0,
  "Enhanced_near_one_fraction": 0.0,
  "Enhanced_near_zero_fraction": 0.0,
  "Entropy_all": 0.9931497966603444,
  "Entropy_last20": 0.8983288122256525,
  "Execution_device": "cpu",
  "Front_semantic_sha256": "fe998582b9374bd083c8b919b3e1273c2ed67fe3ff6bcdb2d80569eebcf66620",
  "Front_sha256": "22e4ccfaac0830cc0cd81bbb9dd05a29959cea2b6e0cc87d85dc6704dd2b550d",
  "HV_local": 2787852112.384383,
  "Initial_evaluations": 100,
  "Input_hash": "c0c85be1ea5c2f7ddefbd1b40df4aee0d8f0eb2ee32af880c1ee2fe8b3c3c480",
  "Learning_time": 0.026163093745708466,
  "Max_generations": 100,
  "NSol": 5,
  "Network_seed": 1262220414,
  "Offspring_evaluations": 10000,
  "Operator_counts": "[8,9,10,10,14,10,11,10,7,11]",
  "PPO_action_effective_updates": 2,
  "PPO_advantage_std_raw_mean": 0.44337138533592224,
  "PPO_approx_KL_mean": 0.0009479429572820663,
  "PPO_clip_fraction_mean": 0.0,
  "PPO_discarded_singletons": 1,
  "PPO_effective_optimizer_steps": 8,
  "PPO_effective_samples": 32,
  "PPO_effective_update_time": 0.026163093745708466,
  "PPO_entropy_mean": 2.2993871569633484,
  "PPO_explained_variance_pre_mean": 0.00287666916847229,
  "PPO_gradient_norm_mean": 0.9209869205951691,
  "PPO_optimizer_steps": 8,
  "PPO_phase_actions": 33,
  "PPO_policy_loss_mean": -0.002054639160633087,
  "PPO_return_std_mean": 0.44402800500392914,
  "PPO_rollout_sizes": "[16,16]",
  "PPO_samples": 32,
  "PPO_seed": 3196798417,
  "PPO_terminal_full_optimizer_steps": 0,
  "PPO_terminal_full_samples": 0,
  "PPO_terminal_full_update_time": 0.0,
  "PPO_terminal_full_updates": 0,
  "PPO_terminal_residual_optimizer_steps": 0,
  "PPO_terminal_residual_samples": 0,
  "PPO_terminal_residual_update_time": 0.0,
  "PPO_terminal_residual_updates": 0,
  "PPO_update_count": 2,
  "PPO_value_loss_mean": 0.7053451985120773,
  "Population_size": 100,
  "Protocol": "saos_e4_replication_v8_20260722",
  "Reference_snapshot_sha256": "6286b6ac3ad977bc322da21c2a7ac4dd747710bb5cf5db898a89391366e900c6",
  "Replication_role": "outcome-informed_new-instance_replication",
  "Reward_HV_corr": 0.40413230470710415,
  "Spread": 1.153071874470056,
  "TEC_best": 82693.82138818485,
  "Time": 101.70753765106201,
  "Transition_gen": 67,
  "Transition_reason": "coverage_stagnation",
  "WB_best": 210.9999999999991,
  "Worker_count": 40,
  "dataset": "Hurink_edata",
  "front_pickle": "results/resubmission/v8_e4_replication/fronts/Hurink_edata_la22_BasePaddedNoBC_R16_g100_seed55.pkl",
  "instance": "la22.fjs",
  "rollout_size_planned": 16,
  "seed": 55,
  "state_dim": 78,
  "state_mode": "base_padded",
  "use_bc": false,
  "variant": "BasePaddedNoBC_R16"
}