{
  "Action_seed": 3069305879,
  "BC_confusion_matrix": "[]",
  "BC_epoch_accuracy": "[]",
  "BC_epoch_loss": "[]",
  "BC_final_accuracy": 0.0,
  "BC_final_loss": 0.0,
  "BC_pre_accuracy": 0.0,
  "BC_pre_loss": 0.0,
  "BC_pre_post_KL": 0.0,
  "BC_seed": 117269218,
  "BC_time": 0.0,
  "Budget": 100,
  "CPU_time": 57.40060035700003,
  "Cmax_best": 724.9871691735029,
  "Code_hash": "557a8cdd80246d5b84433fd06619c5f4572fc6d1061cccffb6c59606560a1e14",
  "Config_hash": "be7c2577b7d6bd7368c96844c11c8dd3066fdcb2bf4dbc68ce6d9fecd95bdb34",
  "Config_json": "{\"rollout\":16,\"state_mode\":\"base_padded\",\"use_bc\":false,\"variant\":\"BasePaddedNoBC_R16\"}",
  "Demo_action_counts": "[7,6,8,7,5,5,5,6,5,5]",
  "Demo_forced_fraction": 0.3389830508474576,
  "Demo_label_entropy": 0.9934256121652062,
  "Demo_nn_disagreement": 0.9322033898305084,
  "Demo_samples": 59,
  "Demo_ucb_margin_median": 0.010291457176208496,
  "Design_hash": "4edc2f84691449d3c998d8b1c95abbc1bc9262603bbbe59f337e6dbe7707a226",
  "Enhanced_constant_feature_fraction": 0.0,
  "Enhanced_feature_samples": 0,
  "Enhanced_near_one_fraction": 0.0,
  "Enhanced_near_zero_fraction": 0.0,
  "Entropy_all": 0.9896153192764017,
  "Entropy_last20": 0.851376930823332,
  "Execution_device": "cpu",
  "Front_semantic_sha256": "34ff3da038db0f9c1a2a5516a344c05abdd2b74e107c29fc03e50549763d0555",
  "Front_sha256": "a3f7577dc9b1f71efde9b4d72c59c2650c2eaef1800c774d7169f0888a8b2a4a",
  "HV_local": 137255619.96360177,
  "Initial_evaluations": 100,
  "Input_hash": "c0c85be1ea5c2f7ddefbd1b40df4aee0d8f0eb2ee32af880c1ee2fe8b3c3c480",
  "Learning_time": 0.04108816012740135,
  "Max_generations": 100,
  "NSol": 9,
  "Network_seed": 2743625714,
  "Offspring_evaluations": 10000,
  "Operator_counts": "[13,10,11,10,10,7,14,7,10,8]",
  "PPO_action_effective_updates": 2,
  "PPO_advantage_std_raw_mean": 0.3045095105965932,
  "PPO_approx_KL_mean": 0.0009148747388583919,
  "PPO_clip_fraction_mean": 0.0,
  "PPO_discarded_singletons": 0,
  "PPO_effective_optimizer_steps": 8,
  "PPO_effective_samples": 32,
  "PPO_effective_update_time": 0.026952180080115795,
  "PPO_entropy_mean": 2.299485961596171,
  "PPO_explained_variance_pre_mean": -0.0018522342046101887,
  "PPO_gradient_norm_mean": 0.8274010618527731,
  "PPO_optimizer_steps": 12,
  "PPO_phase_actions": 41,
  "PPO_policy_loss_mean": -0.0013788009441837445,
  "PPO_return_std_mean": 0.3042198419570923,
  "PPO_rollout_sizes": "[16,16,9]",
  "PPO_samples": 41,
  "PPO_seed": 2625058009,
  "PPO_terminal_full_optimizer_steps": 0,
  "PPO_terminal_full_samples": 0,
  "PPO_terminal_full_update_time": 0.0,
  "PPO_terminal_full_updates": 0,
  "PPO_terminal_residual_optimizer_steps": 4,
  "PPO_terminal_residual_samples": 9,
  "PPO_terminal_residual_update_time": 0.014135980047285557,
  "PPO_terminal_residual_updates": 1,
  "PPO_update_count": 3,
  "PPO_value_loss_mean": 0.4968545014659564,
  "Population_size": 100,
  "Protocol": "saos_e4_replication_v8_20260722",
  "Reference_snapshot_sha256": "6286b6ac3ad977bc322da21c2a7ac4dd747710bb5cf5db898a89391366e900c6",
  "Replication_role": "outcome-informed_new-instance_replication",
  "Reward_HV_corr": 0.542967832574611,
  "Spread": 1.1929614960517907,
  "TEC_best": 19481.807646209207,
  "Time": 57.598653078079224,
  "Transition_gen": 59,
  "Transition_reason": "coverage_stagnation",
  "WB_best": 86.99999999999955,
  "Worker_count": 40,
  "dataset": "Hurink_edata",
  "front_pickle": "results/resubmission/v8_e4_replication/fronts/Hurink_edata_la03_BasePaddedNoBC_R16_g100_seed54.pkl",
  "instance": "la03.fjs",
  "rollout_size_planned": 16,
  "seed": 54,
  "state_dim": 78,
  "state_mode": "base_padded",
  "use_bc": false,
  "variant": "BasePaddedNoBC_R16"
}