{
  "Action_seed": 3356307559,
  "BC_confusion_matrix": "[]",
  "BC_epoch_accuracy": "[]",
  "BC_epoch_loss": "[]",
  "BC_final_accuracy": 0.0,
  "BC_final_loss": 0.0,
  "BC_pre_accuracy": 0.0,
  "BC_pre_loss": 0.0,
  "BC_pre_post_KL": 0.0,
  "BC_seed": 4095219117,
  "BC_time": 0.0,
  "Budget": 100,
  "CPU_time": 103.07782661100009,
  "Cmax_best": 2253.007559068985,
  "Code_hash": "557a8cdd80246d5b84433fd06619c5f4572fc6d1061cccffb6c59606560a1e14",
  "Config_hash": "316e38e4b56c803c83035f595d8dd9a9c89982fa5ff0ed20203d316fee9ea457",
  "Config_json": "{\"rollout\":16,\"state_mode\":\"enhanced\",\"use_bc\":false,\"variant\":\"EnhancedNoBC_R16\"}",
  "Demo_action_counts": "[7,7,8,7,7,7,7,7,5,5]",
  "Demo_forced_fraction": 0.29850746268656714,
  "Demo_label_entropy": 0.9958625056859858,
  "Demo_nn_disagreement": 0.7611940298507462,
  "Demo_samples": 67,
  "Demo_ucb_margin_median": 0.011495113372802734,
  "Design_hash": "4edc2f84691449d3c998d8b1c95abbc1bc9262603bbbe59f337e6dbe7707a226",
  "Enhanced_constant_feature_fraction": 0.42592592592592593,
  "Enhanced_feature_samples": 33,
  "Enhanced_near_one_fraction": 0.037037037037037035,
  "Enhanced_near_zero_fraction": 0.3888888888888889,
  "Entropy_all": 0.9959181498719942,
  "Entropy_last20": 0.9170696227168975,
  "Execution_device": "cpu",
  "Front_semantic_sha256": "ddd706e37fc653c9c03bb39021ceb3f0faa9e31f69c04c9c0a33b1b156df4ea2",
  "Front_sha256": "0a6d396ed2379457b1fa608f03858929c8b2de557a9d807efd987d687ca4de9e",
  "HV_local": 406822191.14847803,
  "Initial_evaluations": 100,
  "Input_hash": "c0c85be1ea5c2f7ddefbd1b40df4aee0d8f0eb2ee32af880c1ee2fe8b3c3c480",
  "Learning_time": 0.023310872726142406,
  "Max_generations": 100,
  "NSol": 3,
  "Network_seed": 1262220414,
  "Offspring_evaluations": 10000,
  "Operator_counts": "[10,9,10,10,12,11,11,9,7,11]",
  "PPO_action_effective_updates": 2,
  "PPO_advantage_std_raw_mean": 0.3693322539329529,
  "PPO_approx_KL_mean": 0.0010202396661043167,
  "PPO_clip_fraction_mean": 0.0,
  "PPO_discarded_singletons": 1,
  "PPO_effective_optimizer_steps": 8,
  "PPO_effective_samples": 32,
  "PPO_effective_update_time": 0.023310872726142406,
  "PPO_entropy_mean": 2.300388365983963,
  "PPO_explained_variance_pre_mean": 0.011745572090148926,
  "PPO_gradient_norm_mean": 1.0229043364524841,
  "PPO_optimizer_steps": 8,
  "PPO_phase_actions": 33,
  "PPO_policy_loss_mean": -0.004209717735648155,
  "PPO_return_std_mean": 0.3718300610780716,
  "PPO_rollout_sizes": "[16,16]",
  "PPO_samples": 32,
  "PPO_seed": 3196798417,
  "PPO_terminal_full_optimizer_steps": 0,
  "PPO_terminal_full_samples": 0,
  "PPO_terminal_full_update_time": 0.0,
  "PPO_terminal_full_updates": 0,
  "PPO_terminal_residual_optimizer_steps": 0,
  "PPO_terminal_residual_samples": 0,
  "PPO_terminal_residual_update_time": 0.0,
  "PPO_terminal_residual_updates": 0,
  "PPO_update_count": 2,
  "PPO_value_loss_mean": 0.4949769265949726,
  "Population_size": 100,
  "Protocol": "saos_e4_replication_v8_20260722",
  "Reference_snapshot_sha256": "6286b6ac3ad977bc322da21c2a7ac4dd747710bb5cf5db898a89391366e900c6",
  "Replication_role": "outcome-informed_new-instance_replication",
  "Reward_HV_corr": 0.3733531527657395,
  "Spread": 0.810940198388499,
  "TEC_best": 104899.35635133577,
  "Time": 103.45283102989197,
  "Transition_gen": 67,
  "Transition_reason": "coverage_stagnation",
  "WB_best": 97.99999999999932,
  "Worker_count": 40,
  "dataset": "Hurink_edata",
  "front_pickle": "results/resubmission/v8_e4_replication/fronts/Hurink_edata_la29_EnhancedNoBC_R16_g100_seed55.pkl",
  "instance": "la29.fjs",
  "rollout_size_planned": 16,
  "seed": 55,
  "state_dim": 78,
  "state_mode": "enhanced",
  "use_bc": false,
  "variant": "EnhancedNoBC_R16"
}