{
  "Action_seed": 3069305879,
  "BC_confusion_matrix": "[]",
  "BC_epoch_accuracy": "[]",
  "BC_epoch_loss": "[]",
  "BC_final_accuracy": 0.0,
  "BC_final_loss": 0.0,
  "BC_pre_accuracy": 0.0,
  "BC_pre_loss": 0.0,
  "BC_pre_post_KL": 0.0,
  "BC_seed": 117269218,
  "BC_time": 0.0,
  "Budget": 100,
  "CPU_time": 96.26870177899991,
  "Cmax_best": 1881.3384665564033,
  "Code_hash": "557a8cdd80246d5b84433fd06619c5f4572fc6d1061cccffb6c59606560a1e14",
  "Config_hash": "316e38e4b56c803c83035f595d8dd9a9c89982fa5ff0ed20203d316fee9ea457",
  "Config_json": "{\"rollout\":16,\"state_mode\":\"enhanced\",\"use_bc\":false,\"variant\":\"EnhancedNoBC_R16\"}",
  "Demo_action_counts": "[7,7,8,7,7,6,7,8,6,6]",
  "Demo_forced_fraction": 0.2898550724637681,
  "Demo_label_entropy": 0.9977680226318109,
  "Demo_nn_disagreement": 0.855072463768116,
  "Demo_samples": 69,
  "Demo_ucb_margin_median": 0.009627223014831543,
  "Design_hash": "4edc2f84691449d3c998d8b1c95abbc1bc9262603bbbe59f337e6dbe7707a226",
  "Enhanced_constant_feature_fraction": 0.4444444444444444,
  "Enhanced_feature_samples": 31,
  "Enhanced_near_one_fraction": 0.037037037037037035,
  "Enhanced_near_zero_fraction": 0.3888888888888889,
  "Entropy_all": 0.9914214764622885,
  "Entropy_last20": 0.9057074336417442,
  "Execution_device": "cpu",
  "Front_semantic_sha256": "8b0c14e8008a09bf771677daab1328b91c2a2143e2880956462ec13b0606605a",
  "Front_sha256": "476ab149a7279eb6e939cee5f8c10ed80f345534dfce11ac13c68586aad15a76",
  "HV_local": 1236651223.4348602,
  "Initial_evaluations": 100,
  "Input_hash": "c0c85be1ea5c2f7ddefbd1b40df4aee0d8f0eb2ee32af880c1ee2fe8b3c3c480",
  "Learning_time": 0.026124674826860428,
  "Max_generations": 100,
  "NSol": 3,
  "Network_seed": 2743625714,
  "Offspring_evaluations": 10000,
  "Operator_counts": "[11,11,10,8,11,8,15,9,9,8]",
  "PPO_action_effective_updates": 1,
  "PPO_advantage_std_raw_mean": 0.2677331492304802,
  "PPO_approx_KL_mean": 0.002029651165746049,
  "PPO_clip_fraction_mean": 0.0,
  "PPO_discarded_singletons": 0,
  "PPO_effective_optimizer_steps": 4,
  "PPO_effective_samples": 16,
  "PPO_effective_update_time": 0.01402398943901062,
  "PPO_entropy_mean": 2.2969294488430023,
  "PPO_explained_variance_pre_mean": -0.006149560213088989,
  "PPO_gradient_norm_mean": 0.9211420714855194,
  "PPO_optimizer_steps": 8,
  "PPO_phase_actions": 31,
  "PPO_policy_loss_mean": -0.0032061715523012957,
  "PPO_return_std_mean": 0.2665795311331749,
  "PPO_rollout_sizes": "[16,15]",
  "PPO_samples": 31,
  "PPO_seed": 2625058009,
  "PPO_terminal_full_optimizer_steps": 0,
  "PPO_terminal_full_samples": 0,
  "PPO_terminal_full_update_time": 0.0,
  "PPO_terminal_full_updates": 0,
  "PPO_terminal_residual_optimizer_steps": 4,
  "PPO_terminal_residual_samples": 15,
  "PPO_terminal_residual_update_time": 0.012100685387849808,
  "PPO_terminal_residual_updates": 1,
  "PPO_update_count": 2,
  "PPO_value_loss_mean": 0.34824294969439507,
  "Population_size": 100,
  "Protocol": "saos_e4_replication_v8_20260722",
  "Reference_snapshot_sha256": "6286b6ac3ad977bc322da21c2a7ac4dd747710bb5cf5db898a89391366e900c6",
  "Replication_role": "outcome-informed_new-instance_replication",
  "Reward_HV_corr": 0.44233096615471007,
  "Spread": 1.01276278486053,
  "TEC_best": 84922.28716122832,
  "Time": 96.68669843673706,
  "Transition_gen": 69,
  "Transition_reason": "coverage_stagnation",
  "WB_best": 205.99999999999932,
  "Worker_count": 40,
  "dataset": "Hurink_edata",
  "front_pickle": "results/resubmission/v8_e4_replication/fronts/Hurink_edata_la22_EnhancedNoBC_R16_g100_seed54.pkl",
  "instance": "la22.fjs",
  "rollout_size_planned": 16,
  "seed": 54,
  "state_dim": 78,
  "state_mode": "enhanced",
  "use_bc": false,
  "variant": "EnhancedNoBC_R16"
}