{
  "Action_seed": 2121283841,
  "BC_confusion_matrix": "[]",
  "BC_epoch_accuracy": "[]",
  "BC_epoch_loss": "[]",
  "BC_final_accuracy": 0.0,
  "BC_final_loss": 0.0,
  "BC_pre_accuracy": 0.0,
  "BC_pre_loss": 0.0,
  "BC_pre_post_KL": 0.0,
  "BC_seed": 1958805704,
  "BC_time": 0.0,
  "Budget": 100,
  "CPU_time": 112.21965233399987,
  "Cmax_best": 2485.0085729531575,
  "Code_hash": "557a8cdd80246d5b84433fd06619c5f4572fc6d1061cccffb6c59606560a1e14",
  "Config_hash": "be7c2577b7d6bd7368c96844c11c8dd3066fdcb2bf4dbc68ce6d9fecd95bdb34",
  "Config_json": "{\"rollout\":16,\"state_mode\":\"base_padded\",\"use_bc\":false,\"variant\":\"BasePaddedNoBC_R16\"}",
  "Demo_action_counts": "[4,3,3,3,3,3,3,3,3,3]",
  "Demo_forced_fraction": 0.6451612903225806,
  "Demo_label_entropy": 0.9981193118103135,
  "Demo_nn_disagreement": 0.967741935483871,
  "Demo_samples": 31,
  "Demo_ucb_margin_median": 0.0,
  "Design_hash": "4edc2f84691449d3c998d8b1c95abbc1bc9262603bbbe59f337e6dbe7707a226",
  "Enhanced_constant_feature_fraction": 0.0,
  "Enhanced_feature_samples": 0,
  "Enhanced_near_one_fraction": 0.0,
  "Enhanced_near_zero_fraction": 0.0,
  "Entropy_all": 0.9856923219740381,
  "Entropy_last20": 0.8741013089736384,
  "Execution_device": "cpu",
  "Front_semantic_sha256": "137d7046f867636a5446036f5f7fe16bbe867fe9284f52443b51fa22ba532d11",
  "Front_sha256": "5de0998940e4ecb559c21c86a9135741a8af744fad16f3965084519e4990faa4",
  "HV_local": 2871011492.4313927,
  "Initial_evaluations": 100,
  "Input_hash": "c0c85be1ea5c2f7ddefbd1b40df4aee0d8f0eb2ee32af880c1ee2fe8b3c3c480",
  "Learning_time": 0.05989572685211897,
  "Max_generations": 100,
  "NSol": 10,
  "Network_seed": 1604999848,
  "Offspring_evaluations": 10000,
  "Operator_counts": "[10,7,6,15,10,9,11,11,8,13]",
  "PPO_action_effective_updates": 4,
  "PPO_advantage_std_raw_mean": 0.3756911665201187,
  "PPO_approx_KL_mean": 0.00014363288937602192,
  "PPO_clip_fraction_mean": 0.0,
  "PPO_discarded_singletons": 0,
  "PPO_effective_optimizer_steps": 16,
  "PPO_effective_samples": 64,
  "PPO_effective_update_time": 0.04882388934493065,
  "PPO_entropy_mean": 2.3018034219741823,
  "PPO_explained_variance_pre_mean": -0.0019249439239501954,
  "PPO_gradient_norm_mean": 1.044215813279152,
  "PPO_optimizer_steps": 20,
  "PPO_phase_actions": 69,
  "PPO_policy_loss_mean": -0.0009657060194875555,
  "PPO_return_std_mean": 0.37528167963027953,
  "PPO_rollout_sizes": "[16,16,16,16,5]",
  "PPO_samples": 69,
  "PPO_seed": 1500418225,
  "PPO_terminal_full_optimizer_steps": 0,
  "PPO_terminal_full_samples": 0,
  "PPO_terminal_full_update_time": 0.0,
  "PPO_terminal_full_updates": 0,
  "PPO_terminal_residual_optimizer_steps": 4,
  "PPO_terminal_residual_samples": 5,
  "PPO_terminal_residual_update_time": 0.01107183750718832,
  "PPO_terminal_residual_updates": 1,
  "PPO_update_count": 5,
  "PPO_value_loss_mean": 0.8421678870916367,
  "Population_size": 100,
  "Protocol": "saos_e4_replication_v8_20260722",
  "Reference_snapshot_sha256": "6286b6ac3ad977bc322da21c2a7ac4dd747710bb5cf5db898a89391366e900c6",
  "Replication_role": "outcome-informed_new-instance_replication",
  "Reward_HV_corr": 0.47332696259941137,
  "Spread": 0.8133507440900979,
  "TEC_best": 106323.15921178661,
  "Time": 112.51744532585144,
  "Transition_gen": 31,
  "Transition_reason": "coverage_stagnation",
  "WB_best": 70.99999999999977,
  "Worker_count": 40,
  "dataset": "Hurink_edata",
  "front_pickle": "results/resubmission/v8_e4_replication/fronts/Hurink_edata_la28_BasePaddedNoBC_R16_g100_seed53.pkl",
  "instance": "la28.fjs",
  "rollout_size_planned": 16,
  "seed": 53,
  "state_dim": 78,
  "state_mode": "base_padded",
  "use_bc": false,
  "variant": "BasePaddedNoBC_R16"
}