{
  "Action_seed": 934272733,
  "BC_confusion_matrix": "[]",
  "BC_epoch_accuracy": "[]",
  "BC_epoch_loss": "[]",
  "BC_final_accuracy": 0.0,
  "BC_final_loss": 0.0,
  "BC_pre_accuracy": 0.0,
  "BC_pre_loss": 0.0,
  "BC_pre_post_KL": 0.0,
  "BC_seed": 1720968262,
  "BC_time": 0.0,
  "Budget": 100,
  "CPU_time": 96.49563631599995,
  "Cmax_best": 1850.7990409954932,
  "Code_hash": "557a8cdd80246d5b84433fd06619c5f4572fc6d1061cccffb6c59606560a1e14",
  "Config_hash": "316e38e4b56c803c83035f595d8dd9a9c89982fa5ff0ed20203d316fee9ea457",
  "Config_json": "{\"rollout\":16,\"state_mode\":\"enhanced\",\"use_bc\":false,\"variant\":\"EnhancedNoBC_R16\"}",
  "Demo_action_counts": "[7,7,8,8,7,6,7,7,6,6]",
  "Demo_forced_fraction": 0.2898550724637681,
  "Demo_label_entropy": 0.9977680226318109,
  "Demo_nn_disagreement": 0.8840579710144928,
  "Demo_samples": 69,
  "Demo_ucb_margin_median": 0.010372042655944824,
  "Design_hash": "4edc2f84691449d3c998d8b1c95abbc1bc9262603bbbe59f337e6dbe7707a226",
  "Enhanced_constant_feature_fraction": 0.4444444444444444,
  "Enhanced_feature_samples": 31,
  "Enhanced_near_one_fraction": 0.037037037037037035,
  "Enhanced_near_zero_fraction": 0.3888888888888889,
  "Entropy_all": 0.9946042226038677,
  "Entropy_last20": 0.9130860550578361,
  "Execution_device": "cpu",
  "Front_semantic_sha256": "9d5928ad32faf912008b5485dda02378a8a2e1cfa5d24e6928ea3a62b0a30e66",
  "Front_sha256": "410e1563adf0b9133b2626b8b6c9c5ff83ca072ddd24c87d74ea5d2faf83470c",
  "HV_local": 2387204681.663525,
  "Initial_evaluations": 100,
  "Input_hash": "c0c85be1ea5c2f7ddefbd1b40df4aee0d8f0eb2ee32af880c1ee2fe8b3c3c480",
  "Learning_time": 0.025013037957251072,
  "Max_generations": 100,
  "NSol": 6,
  "Network_seed": 147388563,
  "Offspring_evaluations": 10000,
  "Operator_counts": "[10,12,11,11,7,12,9,10,8,10]",
  "PPO_action_effective_updates": 1,
  "PPO_advantage_std_raw_mean": 0.25229403376579285,
  "PPO_approx_KL_mean": -0.0009447065385757014,
  "PPO_clip_fraction_mean": 0.0,
  "PPO_discarded_singletons": 0,
  "PPO_effective_optimizer_steps": 4,
  "PPO_effective_samples": 16,
  "PPO_effective_update_time": 0.013394561596214771,
  "PPO_entropy_mean": 2.2982614934444427,
  "PPO_explained_variance_pre_mean": 0.00238075852394104,
  "PPO_gradient_norm_mean": 0.9003172814846039,
  "PPO_optimizer_steps": 8,
  "PPO_phase_actions": 31,
  "PPO_policy_loss_mean": -0.002529097592923746,
  "PPO_return_std_mean": 0.25259143859148026,
  "PPO_rollout_sizes": "[16,15]",
  "PPO_samples": 31,
  "PPO_seed": 1905161551,
  "PPO_terminal_full_optimizer_steps": 0,
  "PPO_terminal_full_samples": 0,
  "PPO_terminal_full_update_time": 0.0,
  "PPO_terminal_full_updates": 0,
  "PPO_terminal_residual_optimizer_steps": 4,
  "PPO_terminal_residual_samples": 15,
  "PPO_terminal_residual_update_time": 0.0116184763610363,
  "PPO_terminal_residual_updates": 1,
  "PPO_update_count": 2,
  "PPO_value_loss_mean": 0.45559100806713104,
  "Population_size": 100,
  "Protocol": "saos_e4_replication_v8_20260722",
  "Reference_snapshot_sha256": "6286b6ac3ad977bc322da21c2a7ac4dd747710bb5cf5db898a89391366e900c6",
  "Replication_role": "outcome-informed_new-instance_replication",
  "Reward_HV_corr": 0.434573024689739,
  "Spread": 0.9241964672561077,
  "TEC_best": 83672.25544593978,
  "Time": 96.85653805732727,
  "Transition_gen": 69,
  "Transition_reason": "coverage_stagnation",
  "WB_best": 205.99999999999955,
  "Worker_count": 40,
  "dataset": "Hurink_edata",
  "front_pickle": "results/resubmission/v8_e4_replication/fronts/Hurink_edata_la22_EnhancedNoBC_R16_g100_seed56.pkl",
  "instance": "la22.fjs",
  "rollout_size_planned": 16,
  "seed": 56,
  "state_dim": 78,
  "state_mode": "enhanced",
  "use_bc": false,
  "variant": "EnhancedNoBC_R16"
}