{
  "Action_seed": 3356307559,
  "BC_confusion_matrix": "[]",
  "BC_epoch_accuracy": "[]",
  "BC_epoch_loss": "[]",
  "BC_final_accuracy": 0.0,
  "BC_final_loss": 0.0,
  "BC_pre_accuracy": 0.0,
  "BC_pre_loss": 0.0,
  "BC_pre_post_KL": 0.0,
  "BC_seed": 4095219117,
  "BC_time": 0.0,
  "Budget": 100,
  "CPU_time": 141.71824692500013,
  "Cmax_best": 3430.2958166370413,
  "Code_hash": "557a8cdd80246d5b84433fd06619c5f4572fc6d1061cccffb6c59606560a1e14",
  "Config_hash": "be7c2577b7d6bd7368c96844c11c8dd3066fdcb2bf4dbc68ce6d9fecd95bdb34",
  "Config_json": "{\"rollout\":16,\"state_mode\":\"base_padded\",\"use_bc\":false,\"variant\":\"BasePaddedNoBC_R16\"}",
  "Demo_action_counts": "[7,7,8,8,7,7,7,7,6,6]",
  "Demo_forced_fraction": 0.2857142857142857,
  "Demo_label_entropy": 0.9982212903417764,
  "Demo_nn_disagreement": 0.9285714285714286,
  "Demo_samples": 70,
  "Demo_ucb_margin_median": 0.012273073196411133,
  "Design_hash": "4edc2f84691449d3c998d8b1c95abbc1bc9262603bbbe59f337e6dbe7707a226",
  "Enhanced_constant_feature_fraction": 0.0,
  "Enhanced_feature_samples": 0,
  "Enhanced_near_one_fraction": 0.0,
  "Enhanced_near_zero_fraction": 0.0,
  "Entropy_all": 0.9952697284801075,
  "Entropy_last20": 0.8741013089736384,
  "Execution_device": "cpu",
  "Front_semantic_sha256": "518251816557500bf4105204afea5deadb8d0d2bfdbc9ff387e974d36e09fb95",
  "Front_sha256": "9daba23f58574463da4dd9aae1b685efc82e9dc09e7fe85f1076c30b26c56d49",
  "HV_local": 8114141946.169331,
  "Initial_evaluations": 100,
  "Input_hash": "c0c85be1ea5c2f7ddefbd1b40df4aee0d8f0eb2ee32af880c1ee2fe8b3c3c480",
  "Learning_time": 0.022605025209486485,
  "Max_generations": 100,
  "NSol": 20,
  "Network_seed": 1262220414,
  "Offspring_evaluations": 10000,
  "Operator_counts": "[8,9,10,11,13,11,10,9,8,11]",
  "PPO_action_effective_updates": 1,
  "PPO_advantage_std_raw_mean": 0.39394864439964294,
  "PPO_approx_KL_mean": 0.0009305495732405689,
  "PPO_clip_fraction_mean": 0.0,
  "PPO_discarded_singletons": 0,
  "PPO_effective_optimizer_steps": 4,
  "PPO_effective_samples": 16,
  "PPO_effective_update_time": 0.011343487538397312,
  "PPO_entropy_mean": 2.2994066178798676,
  "PPO_explained_variance_pre_mean": -0.00765150785446167,
  "PPO_gradient_norm_mean": 0.7472949400544167,
  "PPO_optimizer_steps": 8,
  "PPO_phase_actions": 30,
  "PPO_policy_loss_mean": -0.002180234780618351,
  "PPO_return_std_mean": 0.39258773624897003,
  "PPO_rollout_sizes": "[16,14]",
  "PPO_samples": 30,
  "PPO_seed": 3196798417,
  "PPO_terminal_full_optimizer_steps": 0,
  "PPO_terminal_full_samples": 0,
  "PPO_terminal_full_update_time": 0.0,
  "PPO_terminal_full_updates": 0,
  "PPO_terminal_residual_optimizer_steps": 4,
  "PPO_terminal_residual_samples": 14,
  "PPO_terminal_residual_update_time": 0.011261537671089172,
  "PPO_terminal_residual_updates": 1,
  "PPO_update_count": 2,
  "PPO_value_loss_mean": 0.4722760133445263,
  "Population_size": 100,
  "Protocol": "saos_e4_replication_v8_20260722",
  "Reference_snapshot_sha256": "6286b6ac3ad977bc322da21c2a7ac4dd747710bb5cf5db898a89391366e900c6",
  "Replication_role": "outcome-informed_new-instance_replication",
  "Reward_HV_corr": 0.5641286290658595,
  "Spread": 0.7352821600936966,
  "TEC_best": 153285.83936574124,
  "Time": 142.14227724075317,
  "Transition_gen": 70,
  "Transition_reason": "coverage_latest_guard",
  "WB_best": 90.99999999999932,
  "Worker_count": 40,
  "dataset": "Hurink_edata",
  "front_pickle": "results/resubmission/v8_e4_replication/fronts/Hurink_edata_la33_BasePaddedNoBC_R16_g100_seed55.pkl",
  "instance": "la33.fjs",
  "rollout_size_planned": 16,
  "seed": 55,
  "state_dim": 78,
  "state_mode": "base_padded",
  "use_bc": false,
  "variant": "BasePaddedNoBC_R16"
}