{
  "Action_seed": 2121283841,
  "BC_confusion_matrix": "[]",
  "BC_epoch_accuracy": "[]",
  "BC_epoch_loss": "[]",
  "BC_final_accuracy": 0.0,
  "BC_final_loss": 0.0,
  "BC_pre_accuracy": 0.0,
  "BC_pre_loss": 0.0,
  "BC_pre_post_KL": 0.0,
  "BC_seed": 1958805704,
  "BC_time": 0.0,
  "Budget": 100,
  "CPU_time": 74.82384801900025,
  "Cmax_best": 1596.8945347366034,
  "Code_hash": "557a8cdd80246d5b84433fd06619c5f4572fc6d1061cccffb6c59606560a1e14",
  "Config_hash": "316e38e4b56c803c83035f595d8dd9a9c89982fa5ff0ed20203d316fee9ea457",
  "Config_json": "{\"rollout\":16,\"state_mode\":\"enhanced\",\"use_bc\":false,\"variant\":\"EnhancedNoBC_R16\"}",
  "Demo_action_counts": "[4,4,4,4,4,4,4,4,3,4]",
  "Demo_forced_fraction": 0.5128205128205128,
  "Demo_label_entropy": 0.998615287745329,
  "Demo_nn_disagreement": 0.8974358974358975,
  "Demo_samples": 39,
  "Demo_ucb_margin_median": 0.00627744197845459,
  "Design_hash": "4edc2f84691449d3c998d8b1c95abbc1bc9262603bbbe59f337e6dbe7707a226",
  "Enhanced_constant_feature_fraction": 0.42592592592592593,
  "Enhanced_feature_samples": 61,
  "Enhanced_near_one_fraction": 0.037037037037037035,
  "Enhanced_near_zero_fraction": 0.3888888888888889,
  "Entropy_all": 0.9887101939840075,
  "Entropy_last20": 0.8756044340753463,
  "Execution_device": "cpu",
  "Front_semantic_sha256": "0d60d2558ad1191499b29696db68689743fd5520bf8084ec63aeeec71b9c9795",
  "Front_sha256": "39c8006dcf1e5ca4ad8d73d6b66d837807731e741b22c5a971f6d6404803e9ad",
  "HV_local": 3597263615.442989,
  "Initial_evaluations": 100,
  "Input_hash": "c0c85be1ea5c2f7ddefbd1b40df4aee0d8f0eb2ee32af880c1ee2fe8b3c3c480",
  "Learning_time": 0.05143964383751154,
  "Max_generations": 100,
  "NSol": 19,
  "Network_seed": 1604999848,
  "Offspring_evaluations": 10000,
  "Operator_counts": "[9,9,7,13,10,10,12,11,6,13]",
  "PPO_action_effective_updates": 3,
  "PPO_advantage_std_raw_mean": 0.30076567456126213,
  "PPO_approx_KL_mean": 2.5791050295320694e-05,
  "PPO_clip_fraction_mean": 0.0,
  "PPO_discarded_singletons": 0,
  "PPO_effective_optimizer_steps": 12,
  "PPO_effective_samples": 48,
  "PPO_effective_update_time": 0.03898094967007637,
  "PPO_entropy_mean": 2.301221027970314,
  "PPO_explained_variance_pre_mean": -0.004984527826309204,
  "PPO_gradient_norm_mean": 0.9788653962314129,
  "PPO_optimizer_steps": 16,
  "PPO_phase_actions": 61,
  "PPO_policy_loss_mean": -0.001995940037886612,
  "PPO_return_std_mean": 0.2999182157218456,
  "PPO_rollout_sizes": "[16,16,16,13]",
  "PPO_samples": 61,
  "PPO_seed": 1500418225,
  "PPO_terminal_full_optimizer_steps": 0,
  "PPO_terminal_full_samples": 0,
  "PPO_terminal_full_update_time": 0.0,
  "PPO_terminal_full_updates": 0,
  "PPO_terminal_residual_optimizer_steps": 4,
  "PPO_terminal_residual_samples": 13,
  "PPO_terminal_residual_update_time": 0.01245869416743517,
  "PPO_terminal_residual_updates": 1,
  "PPO_update_count": 4,
  "PPO_value_loss_mean": 0.4763309210538864,
  "Population_size": 100,
  "Protocol": "saos_e4_replication_v8_20260722",
  "Reference_snapshot_sha256": "6286b6ac3ad977bc322da21c2a7ac4dd747710bb5cf5db898a89391366e900c6",
  "Replication_role": "outcome-informed_new-instance_replication",
  "Reward_HV_corr": 0.5591040444757983,
  "Spread": 1.0663760787066106,
  "TEC_best": 56249.20880201124,
  "Time": 75.27690005302429,
  "Transition_gen": 39,
  "Transition_reason": "coverage_stagnation",
  "WB_best": 173.99999999999937,
  "Worker_count": 40,
  "dataset": "Hurink_edata",
  "front_pickle": "results/resubmission/v8_e4_replication/fronts/Hurink_edata_la19_EnhancedNoBC_R16_g100_seed53.pkl",
  "instance": "la19.fjs",
  "rollout_size_planned": 16,
  "seed": 53,
  "state_dim": 78,
  "state_mode": "enhanced",
  "use_bc": false,
  "variant": "EnhancedNoBC_R16"
}