{
  "Action_seed": 3069305879,
  "BC_confusion_matrix": "[]",
  "BC_epoch_accuracy": "[]",
  "BC_epoch_loss": "[]",
  "BC_final_accuracy": 0.0,
  "BC_final_loss": 0.0,
  "BC_pre_accuracy": 0.0,
  "BC_pre_loss": 0.0,
  "BC_pre_post_KL": 0.0,
  "BC_seed": 117269218,
  "BC_time": 0.0,
  "Budget": 100,
  "CPU_time": 142.10009747499998,
  "Cmax_best": 3475.7386517186164,
  "Code_hash": "557a8cdd80246d5b84433fd06619c5f4572fc6d1061cccffb6c59606560a1e14",
  "Config_hash": "316e38e4b56c803c83035f595d8dd9a9c89982fa5ff0ed20203d316fee9ea457",
  "Config_json": "{\"rollout\":16,\"state_mode\":\"enhanced\",\"use_bc\":false,\"variant\":\"EnhancedNoBC_R16\"}",
  "Demo_action_counts": "[8,7,8,7,7,7,7,7,6,6]",
  "Demo_forced_fraction": 0.2857142857142857,
  "Demo_label_entropy": 0.9982212903417764,
  "Demo_nn_disagreement": 0.7714285714285715,
  "Demo_samples": 70,
  "Demo_ucb_margin_median": 0.010926008224487305,
  "Design_hash": "4edc2f84691449d3c998d8b1c95abbc1bc9262603bbbe59f337e6dbe7707a226",
  "Enhanced_constant_feature_fraction": 0.4444444444444444,
  "Enhanced_feature_samples": 30,
  "Enhanced_near_one_fraction": 0.037037037037037035,
  "Enhanced_near_zero_fraction": 0.3888888888888889,
  "Entropy_all": 0.9895632584623358,
  "Entropy_last20": 0.8568636235841013,
  "Execution_device": "cpu",
  "Front_semantic_sha256": "63d167fefccf1a7174b85904db75f12bc35a0d10209e94404da5459baa5169a9",
  "Front_sha256": "c9aa7e438a6e4c7746a825825937d1149d93f552ace99c49ddcdc253ebb7df80",
  "HV_local": 6181371703.293264,
  "Initial_evaluations": 100,
  "Input_hash": "c0c85be1ea5c2f7ddefbd1b40df4aee0d8f0eb2ee32af880c1ee2fe8b3c3c480",
  "Learning_time": 0.02227193582803011,
  "Max_generations": 100,
  "NSol": 4,
  "Network_seed": 2743625714,
  "Offspring_evaluations": 10000,
  "Operator_counts": "[12,11,10,7,11,9,15,8,9,8]",
  "PPO_action_effective_updates": 1,
  "PPO_advantage_std_raw_mean": 0.2632606625556946,
  "PPO_approx_KL_mean": 0.001194187028366711,
  "PPO_clip_fraction_mean": 0.0,
  "PPO_discarded_singletons": 0,
  "PPO_effective_optimizer_steps": 4,
  "PPO_effective_samples": 16,
  "PPO_effective_update_time": 0.011489116586744785,
  "PPO_entropy_mean": 2.29692080616951,
  "PPO_explained_variance_pre_mean": -0.012504398822784424,
  "PPO_gradient_norm_mean": 1.0302608236670494,
  "PPO_optimizer_steps": 8,
  "PPO_phase_actions": 30,
  "PPO_policy_loss_mean": -0.004010287229903042,
  "PPO_return_std_mean": 0.2617810219526291,
  "PPO_rollout_sizes": "[16,14]",
  "PPO_samples": 30,
  "PPO_seed": 2625058009,
  "PPO_terminal_full_optimizer_steps": 0,
  "PPO_terminal_full_samples": 0,
  "PPO_terminal_full_update_time": 0.0,
  "PPO_terminal_full_updates": 0,
  "PPO_terminal_residual_optimizer_steps": 4,
  "PPO_terminal_residual_samples": 14,
  "PPO_terminal_residual_update_time": 0.010782819241285324,
  "PPO_terminal_residual_updates": 1,
  "PPO_update_count": 2,
  "PPO_value_loss_mean": 0.40199457481503487,
  "Population_size": 100,
  "Protocol": "saos_e4_replication_v8_20260722",
  "Reference_snapshot_sha256": "6286b6ac3ad977bc322da21c2a7ac4dd747710bb5cf5db898a89391366e900c6",
  "Replication_role": "outcome-informed_new-instance_replication",
  "Reward_HV_corr": 0.4935432500177376,
  "Spread": 1.040982596390189,
  "TEC_best": 157489.41597963742,
  "Time": 142.60362672805786,
  "Transition_gen": 70,
  "Transition_reason": "coverage_latest_guard",
  "WB_best": 394.9999999999993,
  "Worker_count": 40,
  "dataset": "Hurink_edata",
  "front_pickle": "results/resubmission/v8_e4_replication/fronts/Hurink_edata_la34_EnhancedNoBC_R16_g100_seed54.pkl",
  "instance": "la34.fjs",
  "rollout_size_planned": 16,
  "seed": 54,
  "state_dim": 78,
  "state_mode": "enhanced",
  "use_bc": false,
  "variant": "EnhancedNoBC_R16"
}