{
  "Action_seed": 3069305879,
  "BC_confusion_matrix": "[]",
  "BC_epoch_accuracy": "[]",
  "BC_epoch_loss": "[]",
  "BC_final_accuracy": 0.0,
  "BC_final_loss": 0.0,
  "BC_pre_accuracy": 0.0,
  "BC_pre_loss": 0.0,
  "BC_pre_post_KL": 0.0,
  "BC_seed": 117269218,
  "BC_time": 0.0,
  "Budget": 100,
  "CPU_time": 139.89978703099996,
  "Cmax_best": 3475.7386517186164,
  "Code_hash": "557a8cdd80246d5b84433fd06619c5f4572fc6d1061cccffb6c59606560a1e14",
  "Config_hash": "be7c2577b7d6bd7368c96844c11c8dd3066fdcb2bf4dbc68ce6d9fecd95bdb34",
  "Config_json": "{\"rollout\":16,\"state_mode\":\"base_padded\",\"use_bc\":false,\"variant\":\"BasePaddedNoBC_R16\"}",
  "Demo_action_counts": "[8,7,8,7,7,7,7,7,6,6]",
  "Demo_forced_fraction": 0.2857142857142857,
  "Demo_label_entropy": 0.9982212903417764,
  "Demo_nn_disagreement": 0.8857142857142857,
  "Demo_samples": 70,
  "Demo_ucb_margin_median": 0.010926008224487305,
  "Design_hash": "4edc2f84691449d3c998d8b1c95abbc1bc9262603bbbe59f337e6dbe7707a226",
  "Enhanced_constant_feature_fraction": 0.0,
  "Enhanced_feature_samples": 0,
  "Enhanced_near_one_fraction": 0.0,
  "Enhanced_near_zero_fraction": 0.0,
  "Entropy_all": 0.9895632584623358,
  "Entropy_last20": 0.8568636235841013,
  "Execution_device": "cpu",
  "Front_semantic_sha256": "63d167fefccf1a7174b85904db75f12bc35a0d10209e94404da5459baa5169a9",
  "Front_sha256": "3f71c9846d01b8407d4a51576036df67f901c8028b681d7a17b8911461b2cd3f",
  "HV_local": 6181371703.293264,
  "Initial_evaluations": 100,
  "Input_hash": "c0c85be1ea5c2f7ddefbd1b40df4aee0d8f0eb2ee32af880c1ee2fe8b3c3c480",
  "Learning_time": 0.022925344295799732,
  "Max_generations": 100,
  "NSol": 4,
  "Network_seed": 2743625714,
  "Offspring_evaluations": 10000,
  "Operator_counts": "[12,11,10,7,11,9,15,8,9,8]",
  "PPO_action_effective_updates": 1,
  "PPO_advantage_std_raw_mean": 0.25754301995038986,
  "PPO_approx_KL_mean": 0.0005486993281269559,
  "PPO_clip_fraction_mean": 0.0,
  "PPO_discarded_singletons": 0,
  "PPO_effective_optimizer_steps": 4,
  "PPO_effective_samples": 16,
  "PPO_effective_update_time": 0.011899225413799286,
  "PPO_entropy_mean": 2.2994781136512756,
  "PPO_explained_variance_pre_mean": -0.001498401165008545,
  "PPO_gradient_norm_mean": 0.8063539043068886,
  "PPO_optimizer_steps": 8,
  "PPO_phase_actions": 30,
  "PPO_policy_loss_mean": -0.0015564184328207276,
  "PPO_return_std_mean": 0.25739986449480057,
  "PPO_rollout_sizes": "[16,14]",
  "PPO_samples": 30,
  "PPO_seed": 2625058009,
  "PPO_terminal_full_optimizer_steps": 0,
  "PPO_terminal_full_samples": 0,
  "PPO_terminal_full_update_time": 0.0,
  "PPO_terminal_full_updates": 0,
  "PPO_terminal_residual_optimizer_steps": 4,
  "PPO_terminal_residual_samples": 14,
  "PPO_terminal_residual_update_time": 0.011026118882000446,
  "PPO_terminal_residual_updates": 1,
  "PPO_update_count": 2,
  "PPO_value_loss_mean": 0.4456853084266186,
  "Population_size": 100,
  "Protocol": "saos_e4_replication_v8_20260722",
  "Reference_snapshot_sha256": "6286b6ac3ad977bc322da21c2a7ac4dd747710bb5cf5db898a89391366e900c6",
  "Replication_role": "outcome-informed_new-instance_replication",
  "Reward_HV_corr": 0.4935432500177376,
  "Spread": 1.040982596390189,
  "TEC_best": 157489.41597963742,
  "Time": 140.33761763572693,
  "Transition_gen": 70,
  "Transition_reason": "coverage_latest_guard",
  "WB_best": 394.9999999999993,
  "Worker_count": 40,
  "dataset": "Hurink_edata",
  "front_pickle": "results/resubmission/v8_e4_replication/fronts/Hurink_edata_la34_BasePaddedNoBC_R16_g100_seed54.pkl",
  "instance": "la34.fjs",
  "rollout_size_planned": 16,
  "seed": 54,
  "state_dim": 78,
  "state_mode": "base_padded",
  "use_bc": false,
  "variant": "BasePaddedNoBC_R16"
}