{
  "Action_seed": 3356307559,
  "BC_confusion_matrix": "[]",
  "BC_epoch_accuracy": "[]",
  "BC_epoch_loss": "[]",
  "BC_final_accuracy": 0.0,
  "BC_final_loss": 0.0,
  "BC_pre_accuracy": 0.0,
  "BC_pre_loss": 0.0,
  "BC_pre_post_KL": 0.0,
  "BC_seed": 4095219117,
  "BC_time": 0.0,
  "Budget": 100,
  "CPU_time": 103.16966950899996,
  "Cmax_best": 2244.0538575512455,
  "Code_hash": "557a8cdd80246d5b84433fd06619c5f4572fc6d1061cccffb6c59606560a1e14",
  "Config_hash": "be7c2577b7d6bd7368c96844c11c8dd3066fdcb2bf4dbc68ce6d9fecd95bdb34",
  "Config_json": "{\"rollout\":16,\"state_mode\":\"base_padded\",\"use_bc\":false,\"variant\":\"BasePaddedNoBC_R16\"}",
  "Demo_action_counts": "[7,7,8,7,7,7,7,7,5,5]",
  "Demo_forced_fraction": 0.29850746268656714,
  "Demo_label_entropy": 0.9958625056859858,
  "Demo_nn_disagreement": 0.8656716417910447,
  "Demo_samples": 67,
  "Demo_ucb_margin_median": 0.011495113372802734,
  "Design_hash": "4edc2f84691449d3c998d8b1c95abbc1bc9262603bbbe59f337e6dbe7707a226",
  "Enhanced_constant_feature_fraction": 0.0,
  "Enhanced_feature_samples": 0,
  "Enhanced_near_one_fraction": 0.0,
  "Enhanced_near_zero_fraction": 0.0,
  "Entropy_all": 0.9927147754434004,
  "Entropy_last20": 0.8983288122256525,
  "Execution_device": "cpu",
  "Front_semantic_sha256": "ed7d3eda0ccfed3ef61b1a63efc33119349d9dc87ac55135b66a9001989f4f26",
  "Front_sha256": "deacf1c86ce7fbe0a6554a75875742fdeb4c2d5938bf1c4a6349926a53a8ca4a",
  "HV_local": 1922180392.8460302,
  "Initial_evaluations": 100,
  "Input_hash": "c0c85be1ea5c2f7ddefbd1b40df4aee0d8f0eb2ee32af880c1ee2fe8b3c3c480",
  "Learning_time": 0.022625375539064407,
  "Max_generations": 100,
  "NSol": 5,
  "Network_seed": 1262220414,
  "Offspring_evaluations": 10000,
  "Operator_counts": "[8,9,10,10,14,11,11,9,7,11]",
  "PPO_action_effective_updates": 2,
  "PPO_advantage_std_raw_mean": 0.3825144022703171,
  "PPO_approx_KL_mean": 0.0008525270968675613,
  "PPO_clip_fraction_mean": 0.0,
  "PPO_discarded_singletons": 1,
  "PPO_effective_optimizer_steps": 8,
  "PPO_effective_samples": 32,
  "PPO_effective_update_time": 0.022625375539064407,
  "PPO_entropy_mean": 2.2993990778923035,
  "PPO_explained_variance_pre_mean": 0.003416717052459717,
  "PPO_gradient_norm_mean": 0.8268297091126442,
  "PPO_optimizer_steps": 8,
  "PPO_phase_actions": 33,
  "PPO_policy_loss_mean": -0.0020235502161085606,
  "PPO_return_std_mean": 0.38338905572891235,
  "PPO_rollout_sizes": "[16,16]",
  "PPO_samples": 32,
  "PPO_seed": 3196798417,
  "PPO_terminal_full_optimizer_steps": 0,
  "PPO_terminal_full_samples": 0,
  "PPO_terminal_full_update_time": 0.0,
  "PPO_terminal_full_updates": 0,
  "PPO_terminal_residual_optimizer_steps": 0,
  "PPO_terminal_residual_samples": 0,
  "PPO_terminal_residual_update_time": 0.0,
  "PPO_terminal_residual_updates": 0,
  "PPO_update_count": 2,
  "PPO_value_loss_mean": 0.541991088539362,
  "Population_size": 100,
  "Protocol": "saos_e4_replication_v8_20260722",
  "Reference_snapshot_sha256": "6286b6ac3ad977bc322da21c2a7ac4dd747710bb5cf5db898a89391366e900c6",
  "Replication_role": "outcome-informed_new-instance_replication",
  "Reward_HV_corr": 0.3730685440288892,
  "Spread": 0.8049379319275447,
  "TEC_best": 104867.26287792064,
  "Time": 103.53549242019653,
  "Transition_gen": 67,
  "Transition_reason": "coverage_stagnation",
  "WB_best": 97.9999999999992,
  "Worker_count": 40,
  "dataset": "Hurink_edata",
  "front_pickle": "results/resubmission/v8_e4_replication/fronts/Hurink_edata_la29_BasePaddedNoBC_R16_g100_seed55.pkl",
  "instance": "la29.fjs",
  "rollout_size_planned": 16,
  "seed": 55,
  "state_dim": 78,
  "state_mode": "base_padded",
  "use_bc": false,
  "variant": "BasePaddedNoBC_R16"
}