{
  "Action_seed": 2121283841,
  "BC_confusion_matrix": "[]",
  "BC_epoch_accuracy": "[]",
  "BC_epoch_loss": "[]",
  "BC_final_accuracy": 0.0,
  "BC_final_loss": 0.0,
  "BC_pre_accuracy": 0.0,
  "BC_pre_loss": 0.0,
  "BC_pre_post_KL": 0.0,
  "BC_seed": 1958805704,
  "BC_time": 0.0,
  "Budget": 100,
  "CPU_time": 63.64680214299983,
  "Cmax_best": 1145.2694450254357,
  "Code_hash": "557a8cdd80246d5b84433fd06619c5f4572fc6d1061cccffb6c59606560a1e14",
  "Config_hash": "be7c2577b7d6bd7368c96844c11c8dd3066fdcb2bf4dbc68ce6d9fecd95bdb34",
  "Config_json": "{\"rollout\":16,\"state_mode\":\"base_padded\",\"use_bc\":false,\"variant\":\"BasePaddedNoBC_R16\"}",
  "Demo_action_counts": "[7,7,7,7,7,6,5,6,5,6]",
  "Demo_forced_fraction": 0.31746031746031744,
  "Demo_label_entropy": 0.9965650899176329,
  "Demo_nn_disagreement": 0.873015873015873,
  "Demo_samples": 63,
  "Demo_ucb_margin_median": 0.011318683624267578,
  "Design_hash": "4edc2f84691449d3c998d8b1c95abbc1bc9262603bbbe59f337e6dbe7707a226",
  "Enhanced_constant_feature_fraction": 0.0,
  "Enhanced_feature_samples": 0,
  "Enhanced_near_one_fraction": 0.0,
  "Enhanced_near_zero_fraction": 0.0,
  "Entropy_all": 0.9947651001743196,
  "Entropy_last20": 0.9343073081064346,
  "Execution_device": "cpu",
  "Front_semantic_sha256": "55b4dac2a3c78f1b73814c33e79287cb0d55e2a7bec5edb88348ec71dc40c59f",
  "Front_sha256": "af3bcc0f518bce94c88da4006633f78ae14b3d15fa827cc06176ae19477f0c8a",
  "HV_local": 351127558.5048665,
  "Initial_evaluations": 100,
  "Input_hash": "c0c85be1ea5c2f7ddefbd1b40df4aee0d8f0eb2ee32af880c1ee2fe8b3c3c480",
  "Learning_time": 0.04458824172616005,
  "Max_generations": 100,
  "NSol": 23,
  "Network_seed": 1604999848,
  "Offspring_evaluations": 10000,
  "Operator_counts": "[9,10,10,12,13,9,10,10,7,10]",
  "PPO_action_effective_updates": 2,
  "PPO_advantage_std_raw_mean": 0.33276188373565674,
  "PPO_approx_KL_mean": 0.0005197271675569937,
  "PPO_clip_fraction_mean": 0.0,
  "PPO_discarded_singletons": 0,
  "PPO_effective_optimizer_steps": 8,
  "PPO_effective_samples": 32,
  "PPO_effective_update_time": 0.031873367726802826,
  "PPO_entropy_mean": 2.3018102447191873,
  "PPO_explained_variance_pre_mean": -0.002421776453653971,
  "PPO_gradient_norm_mean": 0.9721804857254028,
  "PPO_optimizer_steps": 12,
  "PPO_phase_actions": 37,
  "PPO_policy_loss_mean": -0.0014011903539845605,
  "PPO_return_std_mean": 0.3325208028157552,
  "PPO_rollout_sizes": "[16,16,5]",
  "PPO_samples": 37,
  "PPO_seed": 1500418225,
  "PPO_terminal_full_optimizer_steps": 0,
  "PPO_terminal_full_samples": 0,
  "PPO_terminal_full_update_time": 0.0,
  "PPO_terminal_full_updates": 0,
  "PPO_terminal_residual_optimizer_steps": 4,
  "PPO_terminal_residual_samples": 5,
  "PPO_terminal_residual_update_time": 0.012714873999357224,
  "PPO_terminal_residual_updates": 1,
  "PPO_update_count": 3,
  "PPO_value_loss_mean": 0.695396464318037,
  "Population_size": 100,
  "Protocol": "saos_e4_replication_v8_20260722",
  "Reference_snapshot_sha256": "6286b6ac3ad977bc322da21c2a7ac4dd747710bb5cf5db898a89391366e900c6",
  "Replication_role": "outcome-informed_new-instance_replication",
  "Reward_HV_corr": 0.558483567217217,
  "Spread": 0.8518283016161418,
  "TEC_best": 37361.21944334283,
  "Time": 63.925063133239746,
  "Transition_gen": 63,
  "Transition_reason": "coverage_stagnation",
  "WB_best": 21.99999999999966,
  "Worker_count": 40,
  "dataset": "Hurink_edata",
  "front_pickle": "results/resubmission/v8_e4_replication/fronts/Hurink_edata_la07_BasePaddedNoBC_R16_g100_seed53.pkl",
  "instance": "la07.fjs",
  "rollout_size_planned": 16,
  "seed": 53,
  "state_dim": 78,
  "state_mode": "base_padded",
  "use_bc": false,
  "variant": "BasePaddedNoBC_R16"
}