{
  "Action_seed": 2121283841,
  "BC_confusion_matrix": "[]",
  "BC_epoch_accuracy": "[]",
  "BC_epoch_loss": "[]",
  "BC_final_accuracy": 0.0,
  "BC_final_loss": 0.0,
  "BC_pre_accuracy": 0.0,
  "BC_pre_loss": 0.0,
  "BC_pre_post_KL": 0.0,
  "BC_seed": 1958805704,
  "BC_time": 0.0,
  "Budget": 100,
  "CPU_time": 81.08833019099984,
  "Cmax_best": 1588.1151717735197,
  "Code_hash": "557a8cdd80246d5b84433fd06619c5f4572fc6d1061cccffb6c59606560a1e14",
  "Config_hash": "be7c2577b7d6bd7368c96844c11c8dd3066fdcb2bf4dbc68ce6d9fecd95bdb34",
  "Config_json": "{\"rollout\":16,\"state_mode\":\"base_padded\",\"use_bc\":false,\"variant\":\"BasePaddedNoBC_R16\"}",
  "Demo_action_counts": "[4,4,4,4,4,4,4,4,3,4]",
  "Demo_forced_fraction": 0.5128205128205128,
  "Demo_label_entropy": 0.998615287745329,
  "Demo_nn_disagreement": 0.9487179487179487,
  "Demo_samples": 39,
  "Demo_ucb_margin_median": 0.00627744197845459,
  "Design_hash": "4edc2f84691449d3c998d8b1c95abbc1bc9262603bbbe59f337e6dbe7707a226",
  "Enhanced_constant_feature_fraction": 0.0,
  "Enhanced_feature_samples": 0,
  "Enhanced_near_one_fraction": 0.0,
  "Enhanced_near_zero_fraction": 0.0,
  "Entropy_all": 0.9866995316791267,
  "Entropy_last20": 0.851376930823332,
  "Execution_device": "cpu",
  "Front_semantic_sha256": "b399162a2e1034f6dc90a8ce25bdc30f2d7359986003532f905058bbbd3dc389",
  "Front_sha256": "74b712c85cd21043bc131877f09741a62042264fe19f93de285c95fca585456e",
  "HV_local": 3665348917.584261,
  "Initial_evaluations": 100,
  "Input_hash": "c0c85be1ea5c2f7ddefbd1b40df4aee0d8f0eb2ee32af880c1ee2fe8b3c3c480",
  "Learning_time": 0.056090788915753365,
  "Max_generations": 100,
  "NSol": 22,
  "Network_seed": 1604999848,
  "Offspring_evaluations": 10000,
  "Operator_counts": "[9,8,7,13,10,10,12,11,6,14]",
  "PPO_action_effective_updates": 3,
  "PPO_advantage_std_raw_mean": 0.29924627393484116,
  "PPO_approx_KL_mean": 2.5093413569265977e-05,
  "PPO_clip_fraction_mean": 0.0,
  "PPO_discarded_singletons": 0,
  "PPO_effective_optimizer_steps": 12,
  "PPO_effective_samples": 48,
  "PPO_effective_update_time": 0.04140399117022753,
  "PPO_entropy_mean": 2.301784262061119,
  "PPO_explained_variance_pre_mean": -0.004571259021759033,
  "PPO_gradient_norm_mean": 0.8482631072402,
  "PPO_optimizer_steps": 16,
  "PPO_phase_actions": 61,
  "PPO_policy_loss_mean": -0.0008452370322906688,
  "PPO_return_std_mean": 0.29853932559490204,
  "PPO_rollout_sizes": "[16,16,16,13]",
  "PPO_samples": 61,
  "PPO_seed": 1500418225,
  "PPO_terminal_full_optimizer_steps": 0,
  "PPO_terminal_full_samples": 0,
  "PPO_terminal_full_update_time": 0.0,
  "PPO_terminal_full_updates": 0,
  "PPO_terminal_residual_optimizer_steps": 4,
  "PPO_terminal_residual_samples": 13,
  "PPO_terminal_residual_update_time": 0.014686797745525837,
  "PPO_terminal_residual_updates": 1,
  "PPO_update_count": 4,
  "PPO_value_loss_mean": 0.5320399720221758,
  "Population_size": 100,
  "Protocol": "saos_e4_replication_v8_20260722",
  "Reference_snapshot_sha256": "6286b6ac3ad977bc322da21c2a7ac4dd747710bb5cf5db898a89391366e900c6",
  "Replication_role": "outcome-informed_new-instance_replication",
  "Reward_HV_corr": 0.5559299824173708,
  "Spread": 0.923466220935128,
  "TEC_best": 55983.29332930381,
  "Time": 81.51112079620361,
  "Transition_gen": 39,
  "Transition_reason": "coverage_stagnation",
  "WB_best": 173.99999999999937,
  "Worker_count": 40,
  "dataset": "Hurink_edata",
  "front_pickle": "results/resubmission/v8_e4_replication/fronts/Hurink_edata_la19_BasePaddedNoBC_R16_g100_seed53.pkl",
  "instance": "la19.fjs",
  "rollout_size_planned": 16,
  "seed": 53,
  "state_dim": 78,
  "state_mode": "base_padded",
  "use_bc": false,
  "variant": "BasePaddedNoBC_R16"
}