{
  "Action_seed": 2121283841,
  "BC_confusion_matrix": "[]",
  "BC_epoch_accuracy": "[]",
  "BC_epoch_loss": "[]",
  "BC_final_accuracy": 0.0,
  "BC_final_loss": 0.0,
  "BC_pre_accuracy": 0.0,
  "BC_pre_loss": 0.0,
  "BC_pre_post_KL": 0.0,
  "BC_seed": 1958805704,
  "BC_time": 0.0,
  "Budget": 100,
  "CPU_time": 90.89482183000018,
  "Cmax_best": 1952.5240304560407,
  "Code_hash": "557a8cdd80246d5b84433fd06619c5f4572fc6d1061cccffb6c59606560a1e14",
  "Config_hash": "316e38e4b56c803c83035f595d8dd9a9c89982fa5ff0ed20203d316fee9ea457",
  "Config_json": "{\"rollout\":16,\"state_mode\":\"enhanced\",\"use_bc\":false,\"variant\":\"EnhancedNoBC_R16\"}",
  "Demo_action_counts": "[7,6,6,5,5,5,5,5,5,5]",
  "Demo_forced_fraction": 0.37037037037037035,
  "Demo_label_entropy": 0.9968853998884466,
  "Demo_nn_disagreement": 0.9444444444444444,
  "Demo_samples": 54,
  "Demo_ucb_margin_median": 0.0040444135665893555,
  "Design_hash": "4edc2f84691449d3c998d8b1c95abbc1bc9262603bbbe59f337e6dbe7707a226",
  "Enhanced_constant_feature_fraction": 0.42592592592592593,
  "Enhanced_feature_samples": 46,
  "Enhanced_near_one_fraction": 0.037037037037037035,
  "Enhanced_near_zero_fraction": 0.3888888888888889,
  "Entropy_all": 0.9961882969573282,
  "Entropy_last20": 0.9057074336417442,
  "Execution_device": "cpu",
  "Front_semantic_sha256": "aa87685109146d02afb3e4853aebb91c8b09fe35118b299962201b83bda4f222",
  "Front_sha256": "ecdcc5eba749aae74c561f2ebb26b44bac1588ad2edade7f07617b33ed00b33d",
  "HV_local": 897554024.9146073,
  "Initial_evaluations": 100,
  "Input_hash": "c0c85be1ea5c2f7ddefbd1b40df4aee0d8f0eb2ee32af880c1ee2fe8b3c3c480",
  "Learning_time": 0.03677656315267086,
  "Max_generations": 100,
  "NSol": 4,
  "Network_seed": 1604999848,
  "Offspring_evaluations": 10000,
  "Operator_counts": "[10,9,9,13,11,10,11,9,8,10]",
  "PPO_action_effective_updates": 2,
  "PPO_advantage_std_raw_mean": 0.3163305073976517,
  "PPO_approx_KL_mean": 0.0004946850212511992,
  "PPO_clip_fraction_mean": 0.0,
  "PPO_discarded_singletons": 0,
  "PPO_effective_optimizer_steps": 8,
  "PPO_effective_samples": 32,
  "PPO_effective_update_time": 0.024509708397090435,
  "PPO_entropy_mean": 2.301273783047994,
  "PPO_explained_variance_pre_mean": -0.0025374492009480796,
  "PPO_gradient_norm_mean": 1.002727210521698,
  "PPO_optimizer_steps": 12,
  "PPO_phase_actions": 46,
  "PPO_policy_loss_mean": -0.0025058956387162823,
  "PPO_return_std_mean": 0.3161158462365468,
  "PPO_rollout_sizes": "[16,16,14]",
  "PPO_samples": 46,
  "PPO_seed": 1500418225,
  "PPO_terminal_full_optimizer_steps": 0,
  "PPO_terminal_full_samples": 0,
  "PPO_terminal_full_update_time": 0.0,
  "PPO_terminal_full_updates": 0,
  "PPO_terminal_residual_optimizer_steps": 4,
  "PPO_terminal_residual_samples": 14,
  "PPO_terminal_residual_update_time": 0.012266854755580425,
  "PPO_terminal_residual_updates": 1,
  "PPO_update_count": 3,
  "PPO_value_loss_mean": 0.5240390015145143,
  "Population_size": 100,
  "Protocol": "saos_e4_replication_v8_20260722",
  "Reference_snapshot_sha256": "6286b6ac3ad977bc322da21c2a7ac4dd747710bb5cf5db898a89391366e900c6",
  "Replication_role": "outcome-informed_new-instance_replication",
  "Reward_HV_corr": 0.4054329742796462,
  "Spread": 0.7572993925915747,
  "TEC_best": 77469.95903627948,
  "Time": 91.33468079566956,
  "Transition_gen": 54,
  "Transition_reason": "coverage_stagnation",
  "WB_best": 229.99999999999932,
  "Worker_count": 40,
  "dataset": "Hurink_edata",
  "front_pickle": "results/resubmission/v8_e4_replication/fronts/Hurink_edata_la24_EnhancedNoBC_R16_g100_seed53.pkl",
  "instance": "la24.fjs",
  "rollout_size_planned": 16,
  "seed": 53,
  "state_dim": 78,
  "state_mode": "enhanced",
  "use_bc": false,
  "variant": "EnhancedNoBC_R16"
}