{
  "Action_seed": 934272733,
  "BC_confusion_matrix": "[]",
  "BC_epoch_accuracy": "[]",
  "BC_epoch_loss": "[]",
  "BC_final_accuracy": 0.0,
  "BC_final_loss": 0.0,
  "BC_pre_accuracy": 0.0,
  "BC_pre_loss": 0.0,
  "BC_pre_post_KL": 0.0,
  "BC_seed": 1720968262,
  "BC_time": 0.0,
  "Budget": 100,
  "CPU_time": 134.41490075599995,
  "Cmax_best": 637.5344167483545,
  "Code_hash": "557a8cdd80246d5b84433fd06619c5f4572fc6d1061cccffb6c59606560a1e14",
  "Config_hash": "be7c2577b7d6bd7368c96844c11c8dd3066fdcb2bf4dbc68ce6d9fecd95bdb34",
  "Config_json": "{\"rollout\":16,\"state_mode\":\"base_padded\",\"use_bc\":false,\"variant\":\"BasePaddedNoBC_R16\"}",
  "Demo_action_counts": "[7,7,7,7,7,7,8,7,7,6]",
  "Demo_forced_fraction": 0.2857142857142857,
  "Demo_label_entropy": 0.9991106451708882,
  "Demo_nn_disagreement": 0.9285714285714286,
  "Demo_samples": 70,
  "Demo_ucb_margin_median": 0.005701124668121338,
  "Design_hash": "4edc2f84691449d3c998d8b1c95abbc1bc9262603bbbe59f337e6dbe7707a226",
  "Enhanced_constant_feature_fraction": 0.0,
  "Enhanced_feature_samples": 0,
  "Enhanced_near_one_fraction": 0.0,
  "Enhanced_near_zero_fraction": 0.0,
  "Entropy_all": 0.9947651001743196,
  "Entropy_last20": 0.894345244566591,
  "Execution_device": "cpu",
  "Front_semantic_sha256": "340749364475bab9cbc53ba18b40c12883ef9e19a8d9fd6936a3a19fa6aa66f2",
  "Front_sha256": "a22991bcbd29c85ff5a658ebef5f46ac0f6f423da8aa6b50acfe675e79a9e9d1",
  "HV_local": 1290276333.6262484,
  "Initial_evaluations": 100,
  "Input_hash": "c0c85be1ea5c2f7ddefbd1b40df4aee0d8f0eb2ee32af880c1ee2fe8b3c3c480",
  "Learning_time": 0.02393141109496355,
  "Max_generations": 100,
  "NSol": 37,
  "Network_seed": 147388563,
  "Offspring_evaluations": 10000,
  "Operator_counts": "[10,12,9,10,7,13,10,10,9,10]",
  "PPO_action_effective_updates": 1,
  "PPO_advantage_std_raw_mean": 0.2519741579890251,
  "PPO_approx_KL_mean": -0.0004072399533470161,
  "PPO_clip_fraction_mean": 0.0,
  "PPO_discarded_singletons": 0,
  "PPO_effective_optimizer_steps": 4,
  "PPO_effective_samples": 16,
  "PPO_effective_update_time": 0.011966495774686337,
  "PPO_entropy_mean": 2.298749029636383,
  "PPO_explained_variance_pre_mean": 0.0005949735641479492,
  "PPO_gradient_norm_mean": 0.7361144870519638,
  "PPO_optimizer_steps": 8,
  "PPO_phase_actions": 30,
  "PPO_policy_loss_mean": -0.001481945038124266,
  "PPO_return_std_mean": 0.25205324590206146,
  "PPO_rollout_sizes": "[16,14]",
  "PPO_samples": 30,
  "PPO_seed": 1905161551,
  "PPO_terminal_full_optimizer_steps": 0,
  "PPO_terminal_full_samples": 0,
  "PPO_terminal_full_update_time": 0.0,
  "PPO_terminal_full_updates": 0,
  "PPO_terminal_residual_optimizer_steps": 4,
  "PPO_terminal_residual_samples": 14,
  "PPO_terminal_residual_update_time": 0.011964915320277214,
  "PPO_terminal_residual_updates": 1,
  "PPO_update_count": 2,
  "PPO_value_loss_mean": 0.40536586940288544,
  "Population_size": 100,
  "Protocol": "saos_e4_replication_v8_20260722",
  "Reference_snapshot_sha256": "6286b6ac3ad977bc322da21c2a7ac4dd747710bb5cf5db898a89391366e900c6",
  "Replication_role": "outcome-informed_new-instance_replication",
  "Reward_HV_corr": 0.5695726805207677,
  "Spread": 0.9378252175735301,
  "TEC_best": 27254.883773632366,
  "Time": 134.85536456108093,
  "Transition_gen": 70,
  "Transition_reason": "coverage_latest_guard",
  "WB_best": 35.999999999999886,
  "Worker_count": 40,
  "dataset": "Brandimarte",
  "front_pickle": "results/resubmission/v8_e4_replication/fronts/Brandimarte_Mk09_BasePaddedNoBC_R16_g100_seed56.pkl",
  "instance": "Mk09.fjs",
  "rollout_size_planned": 16,
  "seed": 56,
  "state_dim": 78,
  "state_mode": "base_padded",
  "use_bc": false,
  "variant": "BasePaddedNoBC_R16"
}