{
  "Action_seed": 3835360792,
  "BC_confusion_matrix": "[]",
  "BC_epoch_accuracy": "[]",
  "BC_epoch_loss": "[]",
  "BC_final_accuracy": 0.0,
  "BC_final_loss": 0.0,
  "BC_pre_accuracy": 0.0,
  "BC_pre_loss": 0.0,
  "BC_pre_post_KL": 0.0,
  "BC_seed": 4057508279,
  "BC_time": 0.0,
  "Budget": 100,
  "CPU_time": 62.44549052000002,
  "Cmax_best": 1035.2062228872626,
  "Code_hash": "557a8cdd80246d5b84433fd06619c5f4572fc6d1061cccffb6c59606560a1e14",
  "Config_hash": "316e38e4b56c803c83035f595d8dd9a9c89982fa5ff0ed20203d316fee9ea457",
  "Config_json": "{\"rollout\":16,\"state_mode\":\"enhanced\",\"use_bc\":false,\"variant\":\"EnhancedNoBC_R16\"}",
  "Demo_action_counts": "[4,3,4,3,3,3,3,4,3,3]",
  "Demo_forced_fraction": 0.6060606060606061,
  "Demo_label_entropy": 0.9959604173006614,
  "Demo_nn_disagreement": 0.9393939393939394,
  "Demo_samples": 33,
  "Demo_ucb_margin_median": 0.0,
  "Design_hash": "4edc2f84691449d3c998d8b1c95abbc1bc9262603bbbe59f337e6dbe7707a226",
  "Enhanced_constant_feature_fraction": 0.42592592592592593,
  "Enhanced_feature_samples": 67,
  "Enhanced_near_one_fraction": 0.037037037037037035,
  "Enhanced_near_zero_fraction": 0.3888888888888889,
  "Entropy_all": 0.9863392557467274,
  "Entropy_last20": 0.7368404288721235,
  "Execution_device": "cpu",
  "Front_semantic_sha256": "f17cd8ed78d6c279e5f85f780758b61083bb78acc78bda95fc213b66229bc412",
  "Front_sha256": "dbf876e12084bd9515763c76db89daeb4591835e50a0b2f992d52accea96c5af",
  "HV_local": 30242525.63933966,
  "Initial_evaluations": 100,
  "Input_hash": "c0c85be1ea5c2f7ddefbd1b40df4aee0d8f0eb2ee32af880c1ee2fe8b3c3c480",
  "Learning_time": 0.0660227695479989,
  "Max_generations": 100,
  "NSol": 3,
  "Network_seed": 1790271553,
  "Offspring_evaluations": 10000,
  "Operator_counts": "[14,8,9,12,14,10,7,8,11,7]",
  "PPO_action_effective_updates": 4,
  "PPO_advantage_std_raw_mean": 0.4154403984546661,
  "PPO_approx_KL_mean": -0.0012125221372116357,
  "PPO_clip_fraction_mean": 0.0,
  "PPO_discarded_singletons": 0,
  "PPO_effective_optimizer_steps": 16,
  "PPO_effective_samples": 64,
  "PPO_effective_update_time": 0.053173706866800785,
  "PPO_entropy_mean": 2.2986694455146788,
  "PPO_explained_variance_pre_mean": 0.006170487403869629,
  "PPO_gradient_norm_mean": 1.2360095173120498,
  "PPO_optimizer_steps": 20,
  "PPO_phase_actions": 67,
  "PPO_policy_loss_mean": -0.002190361290316467,
  "PPO_return_std_mean": 0.4163999825716019,
  "PPO_rollout_sizes": "[16,16,16,16,3]",
  "PPO_samples": 67,
  "PPO_seed": 13725029,
  "PPO_terminal_full_optimizer_steps": 0,
  "PPO_terminal_full_samples": 0,
  "PPO_terminal_full_update_time": 0.0,
  "PPO_terminal_full_updates": 0,
  "PPO_terminal_residual_optimizer_steps": 4,
  "PPO_terminal_residual_samples": 3,
  "PPO_terminal_residual_update_time": 0.01284906268119812,
  "PPO_terminal_residual_updates": 1,
  "PPO_update_count": 5,
  "PPO_value_loss_mean": 1.0122392999008298,
  "Population_size": 100,
  "Protocol": "saos_e4_replication_v8_20260722",
  "Reference_snapshot_sha256": "6286b6ac3ad977bc322da21c2a7ac4dd747710bb5cf5db898a89391366e900c6",
  "Replication_role": "outcome-informed_new-instance_replication",
  "Reward_HV_corr": 0.2871613913454645,
  "Spread": 0.7241521081334552,
  "TEC_best": 32321.20784795674,
  "Time": 62.74361968040466,
  "Transition_gen": 33,
  "Transition_reason": "coverage_stagnation",
  "WB_best": 74.99999999999977,
  "Worker_count": 40,
  "dataset": "Hurink_edata",
  "front_pickle": "results/resubmission/v8_e4_replication/fronts/Hurink_edata_la06_EnhancedNoBC_R16_g100_seed52.pkl",
  "instance": "la06.fjs",
  "rollout_size_planned": 16,
  "seed": 52,
  "state_dim": 78,
  "state_mode": "enhanced",
  "use_bc": false,
  "variant": "EnhancedNoBC_R16"
}