{
  "Action_seed": 3069305879,
  "BC_confusion_matrix": "[]",
  "BC_epoch_accuracy": "[]",
  "BC_epoch_loss": "[]",
  "BC_final_accuracy": 0.0,
  "BC_final_loss": 0.0,
  "BC_pre_accuracy": 0.0,
  "BC_pre_loss": 0.0,
  "BC_pre_post_KL": 0.0,
  "BC_seed": 117269218,
  "BC_time": 0.0,
  "Budget": 100,
  "CPU_time": 143.18441978200008,
  "Cmax_best": 3617.2117836681355,
  "Code_hash": "557a8cdd80246d5b84433fd06619c5f4572fc6d1061cccffb6c59606560a1e14",
  "Config_hash": "316e38e4b56c803c83035f595d8dd9a9c89982fa5ff0ed20203d316fee9ea457",
  "Config_json": "{\"rollout\":16,\"state_mode\":\"enhanced\",\"use_bc\":false,\"variant\":\"EnhancedNoBC_R16\"}",
  "Demo_action_counts": "[5,5,5,5,4,5,5,5,4,4]",
  "Demo_forced_fraction": 0.425531914893617,
  "Demo_label_entropy": 0.9978708356443087,
  "Demo_nn_disagreement": 0.9574468085106383,
  "Demo_samples": 47,
  "Demo_ucb_margin_median": 0.0053577423095703125,
  "Design_hash": "4edc2f84691449d3c998d8b1c95abbc1bc9262603bbbe59f337e6dbe7707a226",
  "Enhanced_constant_feature_fraction": 0.42592592592592593,
  "Enhanced_feature_samples": 53,
  "Enhanced_near_one_fraction": 0.037037037037037035,
  "Enhanced_near_zero_fraction": 0.3888888888888889,
  "Entropy_all": 0.9837957408202569,
  "Entropy_last20": 0.8439983094072402,
  "Execution_device": "cpu",
  "Front_semantic_sha256": "15477ae3e5e7edb3c9eaf62044af3df22d80e0d4c9a6d32a95611da4f4db3869",
  "Front_sha256": "3991240b9c0a6c456d772a24b20e1a37f5a1083d6242f464cd1ff5e49e253a54",
  "HV_local": 11186449996.618683,
  "Initial_evaluations": 100,
  "Input_hash": "c0c85be1ea5c2f7ddefbd1b40df4aee0d8f0eb2ee32af880c1ee2fe8b3c3c480",
  "Learning_time": 0.044742241501808167,
  "Max_generations": 100,
  "NSol": 9,
  "Network_seed": 2743625714,
  "Offspring_evaluations": 10000,
  "Operator_counts": "[11,10,7,8,9,8,17,9,13,8]",
  "PPO_action_effective_updates": 3,
  "PPO_advantage_std_raw_mean": 0.24163545295596123,
  "PPO_approx_KL_mean": 0.001164391637939799,
  "PPO_clip_fraction_mean": 0.0,
  "PPO_discarded_singletons": 0,
  "PPO_effective_optimizer_steps": 12,
  "PPO_effective_samples": 48,
  "PPO_effective_update_time": 0.03378031309694052,
  "PPO_entropy_mean": 2.2961076498031616,
  "PPO_explained_variance_pre_mean": -0.007307901978492737,
  "PPO_gradient_norm_mean": 0.9081481918692589,
  "PPO_optimizer_steps": 16,
  "PPO_phase_actions": 53,
  "PPO_policy_loss_mean": -0.003721640544245064,
  "PPO_return_std_mean": 0.24065257236361504,
  "PPO_rollout_sizes": "[16,16,16,5]",
  "PPO_samples": 53,
  "PPO_seed": 2625058009,
  "PPO_terminal_full_optimizer_steps": 0,
  "PPO_terminal_full_samples": 0,
  "PPO_terminal_full_update_time": 0.0,
  "PPO_terminal_full_updates": 0,
  "PPO_terminal_residual_optimizer_steps": 4,
  "PPO_terminal_residual_samples": 5,
  "PPO_terminal_residual_update_time": 0.010961928404867649,
  "PPO_terminal_residual_updates": 1,
  "PPO_update_count": 4,
  "PPO_value_loss_mean": 0.28000699332915246,
  "Population_size": 100,
  "Protocol": "saos_e4_replication_v8_20260722",
  "Reference_snapshot_sha256": "6286b6ac3ad977bc322da21c2a7ac4dd747710bb5cf5db898a89391366e900c6",
  "Replication_role": "outcome-informed_new-instance_replication",
  "Reward_HV_corr": 0.556045697149196,
  "Spread": 0.6411162371789648,
  "TEC_best": 169447.30211504042,
  "Time": 143.59570789337158,
  "Transition_gen": 47,
  "Transition_reason": "coverage_stagnation",
  "WB_best": 430.99999999999886,
  "Worker_count": 40,
  "dataset": "Hurink_edata",
  "front_pickle": "results/resubmission/v8_e4_replication/fronts/Hurink_edata_la35_EnhancedNoBC_R16_g100_seed54.pkl",
  "instance": "la35.fjs",
  "rollout_size_planned": 16,
  "seed": 54,
  "state_dim": 78,
  "state_mode": "enhanced",
  "use_bc": false,
  "variant": "EnhancedNoBC_R16"
}