{
  "Action_seed": 3069305879,
  "BC_confusion_matrix": "[]",
  "BC_epoch_accuracy": "[]",
  "BC_epoch_loss": "[]",
  "BC_final_accuracy": 0.0,
  "BC_final_loss": 0.0,
  "BC_pre_accuracy": 0.0,
  "BC_pre_loss": 0.0,
  "BC_pre_post_KL": 0.0,
  "BC_seed": 117269218,
  "BC_time": 0.0,
  "Budget": 100,
  "CPU_time": 64.37363196800015,
  "Cmax_best": 1091.3764046954677,
  "Code_hash": "557a8cdd80246d5b84433fd06619c5f4572fc6d1061cccffb6c59606560a1e14",
  "Config_hash": "316e38e4b56c803c83035f595d8dd9a9c89982fa5ff0ed20203d316fee9ea457",
  "Config_json": "{\"rollout\":16,\"state_mode\":\"enhanced\",\"use_bc\":false,\"variant\":\"EnhancedNoBC_R16\"}",
  "Demo_action_counts": "[7,6,7,7,7,5,5,6,5,6]",
  "Demo_forced_fraction": 0.32786885245901637,
  "Demo_label_entropy": 0.9959197089067496,
  "Demo_nn_disagreement": 0.9016393442622951,
  "Demo_samples": 61,
  "Demo_ucb_margin_median": 0.0036028623580932617,
  "Design_hash": "4edc2f84691449d3c998d8b1c95abbc1bc9262603bbbe59f337e6dbe7707a226",
  "Enhanced_constant_feature_fraction": 0.42592592592592593,
  "Enhanced_feature_samples": 39,
  "Enhanced_near_one_fraction": 0.037037037037037035,
  "Enhanced_near_zero_fraction": 0.3888888888888889,
  "Entropy_all": 0.9914890366446455,
  "Entropy_last20": 0.8983288122256525,
  "Execution_device": "cpu",
  "Front_semantic_sha256": "e31a7229c05d23240564776beeb7a21905c6fe61203fbd990682dac6412138cc",
  "Front_sha256": "c607464be66c427d354db6bac801d5cf3b275fd19c4439b504257a04f58196f6",
  "HV_local": 417408266.2022738,
  "Initial_evaluations": 100,
  "Input_hash": "c0c85be1ea5c2f7ddefbd1b40df4aee0d8f0eb2ee32af880c1ee2fe8b3c3c480",
  "Learning_time": 0.04186504986137152,
  "Max_generations": 100,
  "NSol": 12,
  "Network_seed": 2743625714,
  "Offspring_evaluations": 10000,
  "Operator_counts": "[12,10,9,9,12,7,14,8,10,9]",
  "PPO_action_effective_updates": 2,
  "PPO_advantage_std_raw_mean": 0.24861985445022583,
  "PPO_approx_KL_mean": 0.0011569048698826616,
  "PPO_clip_fraction_mean": 0.0,
  "PPO_discarded_singletons": 0,
  "PPO_effective_optimizer_steps": 8,
  "PPO_effective_samples": 32,
  "PPO_effective_update_time": 0.025699876248836517,
  "PPO_entropy_mean": 2.2967678904533386,
  "PPO_explained_variance_pre_mean": -0.007411877314249675,
  "PPO_gradient_norm_mean": 0.9500845968723297,
  "PPO_optimizer_steps": 12,
  "PPO_phase_actions": 39,
  "PPO_policy_loss_mean": -0.0036540066551727555,
  "PPO_return_std_mean": 0.24769925574461618,
  "PPO_rollout_sizes": "[16,16,7]",
  "PPO_samples": 39,
  "PPO_seed": 2625058009,
  "PPO_terminal_full_optimizer_steps": 0,
  "PPO_terminal_full_samples": 0,
  "PPO_terminal_full_update_time": 0.0,
  "PPO_terminal_full_updates": 0,
  "PPO_terminal_residual_optimizer_steps": 4,
  "PPO_terminal_residual_samples": 7,
  "PPO_terminal_residual_update_time": 0.016165173612535,
  "PPO_terminal_residual_updates": 1,
  "PPO_update_count": 3,
  "PPO_value_loss_mean": 0.327530558531483,
  "Population_size": 100,
  "Protocol": "saos_e4_replication_v8_20260722",
  "Reference_snapshot_sha256": "6286b6ac3ad977bc322da21c2a7ac4dd747710bb5cf5db898a89391366e900c6",
  "Replication_role": "outcome-informed_new-instance_replication",
  "Reward_HV_corr": 0.5673794608588955,
  "Spread": 0.6933421192830348,
  "TEC_best": 37363.62021130969,
  "Time": 64.71235132217407,
  "Transition_gen": 61,
  "Transition_reason": "coverage_stagnation",
  "WB_best": 21.999999999999545,
  "Worker_count": 40,
  "dataset": "Hurink_edata",
  "front_pickle": "results/resubmission/v8_e4_replication/fronts/Hurink_edata_la07_EnhancedNoBC_R16_g100_seed54.pkl",
  "instance": "la07.fjs",
  "rollout_size_planned": 16,
  "seed": 54,
  "state_dim": 78,
  "state_mode": "enhanced",
  "use_bc": false,
  "variant": "EnhancedNoBC_R16"
}