{
  "Action_seed": 3835360792,
  "BC_confusion_matrix": "[]",
  "BC_epoch_accuracy": "[]",
  "BC_epoch_loss": "[]",
  "BC_final_accuracy": 0.0,
  "BC_final_loss": 0.0,
  "BC_pre_accuracy": 0.0,
  "BC_pre_loss": 0.0,
  "BC_pre_post_KL": 0.0,
  "BC_seed": 4057508279,
  "BC_time": 0.0,
  "Budget": 100,
  "CPU_time": 101.09654516599997,
  "Cmax_best": 147.9823592601336,
  "Code_hash": "557a8cdd80246d5b84433fd06619c5f4572fc6d1061cccffb6c59606560a1e14",
  "Config_hash": "be7c2577b7d6bd7368c96844c11c8dd3066fdcb2bf4dbc68ce6d9fecd95bdb34",
  "Config_json": "{\"rollout\":16,\"state_mode\":\"base_padded\",\"use_bc\":false,\"variant\":\"BasePaddedNoBC_R16\"}",
  "Demo_action_counts": "[7,7,7,7,7,7,8,6,7,7]",
  "Demo_forced_fraction": 0.2857142857142857,
  "Demo_label_entropy": 0.9991106451708882,
  "Demo_nn_disagreement": 0.9285714285714286,
  "Demo_samples": 70,
  "Demo_ucb_margin_median": 0.00882035493850708,
  "Design_hash": "4edc2f84691449d3c998d8b1c95abbc1bc9262603bbbe59f337e6dbe7707a226",
  "Enhanced_constant_feature_fraction": 0.0,
  "Enhanced_feature_samples": 0,
  "Enhanced_near_one_fraction": 0.0,
  "Enhanced_near_zero_fraction": 0.0,
  "Entropy_all": 0.9943511600028865,
  "Entropy_last20": 0.9284318117920506,
  "Execution_device": "cpu",
  "Front_semantic_sha256": "bf7324328f34dcda7f8b4d4d8fbf049fa59d9e7a7d85a3088ea2023e9cf5291a",
  "Front_sha256": "aef2de24f49e6effe23a2cf34b21af04be2ebbd98077fdfbb88a0400d4f0c54e",
  "HV_local": 39366371.140738785,
  "Initial_evaluations": 100,
  "Input_hash": "c0c85be1ea5c2f7ddefbd1b40df4aee0d8f0eb2ee32af880c1ee2fe8b3c3c480",
  "Learning_time": 0.029224446043372154,
  "Max_generations": 100,
  "NSol": 37,
  "Network_seed": 1790271553,
  "Offspring_evaluations": 10000,
  "Operator_counts": "[13,11,8,11,11,10,11,9,8,8]",
  "PPO_action_effective_updates": 1,
  "PPO_advantage_std_raw_mean": 0.2366620972752571,
  "PPO_approx_KL_mean": -0.0005619885134169333,
  "PPO_clip_fraction_mean": 0.0,
  "PPO_discarded_singletons": 0,
  "PPO_effective_optimizer_steps": 4,
  "PPO_effective_samples": 16,
  "PPO_effective_update_time": 0.014038640074431896,
  "PPO_entropy_mean": 2.299404054880142,
  "PPO_explained_variance_pre_mean": 0.0044852495193481445,
  "PPO_gradient_norm_mean": 0.6564995795488358,
  "PPO_optimizer_steps": 8,
  "PPO_phase_actions": 30,
  "PPO_policy_loss_mean": -0.0014070251225870578,
  "PPO_return_std_mean": 0.23710483312606812,
  "PPO_rollout_sizes": "[16,14]",
  "PPO_samples": 30,
  "PPO_seed": 13725029,
  "PPO_terminal_full_optimizer_steps": 0,
  "PPO_terminal_full_samples": 0,
  "PPO_terminal_full_update_time": 0.0,
  "PPO_terminal_full_updates": 0,
  "PPO_terminal_residual_optimizer_steps": 4,
  "PPO_terminal_residual_samples": 14,
  "PPO_terminal_residual_update_time": 0.015185805968940258,
  "PPO_terminal_residual_updates": 1,
  "PPO_update_count": 2,
  "PPO_value_loss_mean": 0.32274283841252327,
  "Population_size": 100,
  "Protocol": "saos_e4_replication_v8_20260722",
  "Reference_snapshot_sha256": "6286b6ac3ad977bc322da21c2a7ac4dd747710bb5cf5db898a89391366e900c6",
  "Replication_role": "outcome-informed_new-instance_replication",
  "Reward_HV_corr": 0.6010342408790953,
  "Spread": 0.6712545035525894,
  "TEC_best": 4164.440523864535,
  "Time": 101.81399726867676,
  "Transition_gen": 70,
  "Transition_reason": "coverage_latest_guard",
  "WB_best": 28.999999999999986,
  "Worker_count": 40,
  "dataset": "Brandimarte",
  "front_pickle": "results/resubmission/v8_e4_replication/fronts/Brandimarte_Mk06_BasePaddedNoBC_R16_g100_seed52.pkl",
  "instance": "Mk06.fjs",
  "rollout_size_planned": 16,
  "seed": 52,
  "state_dim": 78,
  "state_mode": "base_padded",
  "use_bc": false,
  "variant": "BasePaddedNoBC_R16"
}