{
  "Action_seed": 934272733,
  "BC_confusion_matrix": "[]",
  "BC_epoch_accuracy": "[]",
  "BC_epoch_loss": "[]",
  "BC_final_accuracy": 0.0,
  "BC_final_loss": 0.0,
  "BC_pre_accuracy": 0.0,
  "BC_pre_loss": 0.0,
  "BC_pre_post_KL": 0.0,
  "BC_seed": 1720968262,
  "BC_time": 0.0,
  "Budget": 100,
  "CPU_time": 62.52087320700002,
  "Cmax_best": 1107.071688284665,
  "Code_hash": "557a8cdd80246d5b84433fd06619c5f4572fc6d1061cccffb6c59606560a1e14",
  "Config_hash": "316e38e4b56c803c83035f595d8dd9a9c89982fa5ff0ed20203d316fee9ea457",
  "Config_json": "{\"rollout\":16,\"state_mode\":\"enhanced\",\"use_bc\":false,\"variant\":\"EnhancedNoBC_R16\"}",
  "Demo_action_counts": "[7,7,7,7,5,5,5,6,5,5]",
  "Demo_forced_fraction": 0.3389830508474576,
  "Demo_label_entropy": 0.9944807789116097,
  "Demo_nn_disagreement": 0.9152542372881356,
  "Demo_samples": 59,
  "Demo_ucb_margin_median": 0.007361173629760742,
  "Design_hash": "4edc2f84691449d3c998d8b1c95abbc1bc9262603bbbe59f337e6dbe7707a226",
  "Enhanced_constant_feature_fraction": 0.42592592592592593,
  "Enhanced_feature_samples": 41,
  "Enhanced_near_one_fraction": 0.037037037037037035,
  "Enhanced_near_zero_fraction": 0.3888888888888889,
  "Entropy_all": 0.98815395762265,
  "Entropy_last20": 0.8854634980487914,
  "Execution_device": "cpu",
  "Front_semantic_sha256": "3f15fbb69f8e3c63d7e2fbee70cd814865cfba15322d3bbd75a2b7bdbcda9d14",
  "Front_sha256": "05707ac4b4d5642a61c49bfa64e3ef4f9a7297c1b58706b577df0eae0794f4d1",
  "HV_local": 4693059841.581254,
  "Initial_evaluations": 100,
  "Input_hash": "c0c85be1ea5c2f7ddefbd1b40df4aee0d8f0eb2ee32af880c1ee2fe8b3c3c480",
  "Learning_time": 0.038171928375959396,
  "Max_generations": 100,
  "NSol": 15,
  "Network_seed": 147388563,
  "Offspring_evaluations": 10000,
  "Operator_counts": "[12,12,11,10,6,13,8,12,7,9]",
  "PPO_action_effective_updates": 2,
  "PPO_advantage_std_raw_mean": 0.28340766827265423,
  "PPO_approx_KL_mean": -0.0012585890610892214,
  "PPO_clip_fraction_mean": 0.0,
  "PPO_discarded_singletons": 0,
  "PPO_effective_optimizer_steps": 8,
  "PPO_effective_samples": 32,
  "PPO_effective_update_time": 0.025422215461730957,
  "PPO_entropy_mean": 2.2981454332669577,
  "PPO_explained_variance_pre_mean": -0.0030927062034606934,
  "PPO_gradient_norm_mean": 0.8698234607776006,
  "PPO_optimizer_steps": 12,
  "PPO_phase_actions": 41,
  "PPO_policy_loss_mean": -0.0028850903305552103,
  "PPO_return_std_mean": 0.28306369483470917,
  "PPO_rollout_sizes": "[16,16,9]",
  "PPO_samples": 41,
  "PPO_seed": 1905161551,
  "PPO_terminal_full_optimizer_steps": 0,
  "PPO_terminal_full_samples": 0,
  "PPO_terminal_full_update_time": 0.0,
  "PPO_terminal_full_updates": 0,
  "PPO_terminal_residual_optimizer_steps": 4,
  "PPO_terminal_residual_samples": 9,
  "PPO_terminal_residual_update_time": 0.01274971291422844,
  "PPO_terminal_residual_updates": 1,
  "PPO_update_count": 3,
  "PPO_value_loss_mean": 0.4257063108185927,
  "Population_size": 100,
  "Protocol": "saos_e4_replication_v8_20260722",
  "Reference_snapshot_sha256": "6286b6ac3ad977bc322da21c2a7ac4dd747710bb5cf5db898a89391366e900c6",
  "Replication_role": "outcome-informed_new-instance_replication",
  "Reward_HV_corr": 0.35126949956837905,
  "Spread": 1.2705342255032601,
  "TEC_best": 36222.689255389734,
  "Time": 62.83561825752258,
  "Transition_gen": 59,
  "Transition_reason": "coverage_stagnation",
  "WB_best": 176.99999999999955,
  "Worker_count": 40,
  "dataset": "Hurink_edata",
  "front_pickle": "results/resubmission/v8_e4_replication/fronts/Hurink_edata_la08_EnhancedNoBC_R16_g100_seed56.pkl",
  "instance": "la08.fjs",
  "rollout_size_planned": 16,
  "seed": 56,
  "state_dim": 78,
  "state_mode": "enhanced",
  "use_bc": false,
  "variant": "EnhancedNoBC_R16"
}