{
  "Action_seed": 3835360792,
  "BC_confusion_matrix": "[]",
  "BC_epoch_accuracy": "[]",
  "BC_epoch_loss": "[]",
  "BC_final_accuracy": 0.0,
  "BC_final_loss": 0.0,
  "BC_pre_accuracy": 0.0,
  "BC_pre_loss": 0.0,
  "BC_pre_post_KL": 0.0,
  "BC_seed": 4057508279,
  "BC_time": 0.0,
  "Budget": 100,
  "CPU_time": 94.72271408799998,
  "Cmax_best": 1818.5855652364094,
  "Code_hash": "557a8cdd80246d5b84433fd06619c5f4572fc6d1061cccffb6c59606560a1e14",
  "Config_hash": "be7c2577b7d6bd7368c96844c11c8dd3066fdcb2bf4dbc68ce6d9fecd95bdb34",
  "Config_json": "{\"rollout\":16,\"state_mode\":\"base_padded\",\"use_bc\":false,\"variant\":\"BasePaddedNoBC_R16\"}",
  "Demo_action_counts": "[7,6,6,5,5,5,5,5,5,5]",
  "Demo_forced_fraction": 0.37037037037037035,
  "Demo_label_entropy": 0.9968853998884466,
  "Demo_nn_disagreement": 0.9259259259259259,
  "Demo_samples": 54,
  "Demo_ucb_margin_median": 0.007630288600921631,
  "Design_hash": "4edc2f84691449d3c998d8b1c95abbc1bc9262603bbbe59f337e6dbe7707a226",
  "Enhanced_constant_feature_fraction": 0.0,
  "Enhanced_feature_samples": 0,
  "Enhanced_near_one_fraction": 0.0,
  "Enhanced_near_zero_fraction": 0.0,
  "Entropy_all": 0.9933472546445982,
  "Entropy_last20": 0.9057074336417442,
  "Execution_device": "cpu",
  "Front_semantic_sha256": "c40dc14e93c1a5102ea604211aa2357a8400bbd9027d1dba1c93de075209464c",
  "Front_sha256": "80825f680ce7411692b1866c29315892e00d070eae55c417aa08da9092e18261",
  "HV_local": 4144916169.6281214,
  "Initial_evaluations": 100,
  "Input_hash": "c0c85be1ea5c2f7ddefbd1b40df4aee0d8f0eb2ee32af880c1ee2fe8b3c3c480",
  "Learning_time": 0.03838779032230377,
  "Max_generations": 100,
  "NSol": 3,
  "Network_seed": 1790271553,
  "Offspring_evaluations": 10000,
  "Operator_counts": "[14,10,8,9,11,12,10,9,9,8]",
  "PPO_action_effective_updates": 2,
  "PPO_advantage_std_raw_mean": 0.3032279809315999,
  "PPO_approx_KL_mean": -0.00028781149376300164,
  "PPO_clip_fraction_mean": 0.0,
  "PPO_discarded_singletons": 0,
  "PPO_effective_optimizer_steps": 8,
  "PPO_effective_samples": 32,
  "PPO_effective_update_time": 0.02636188454926014,
  "PPO_entropy_mean": 2.2994224031766257,
  "PPO_explained_variance_pre_mean": 0.004859348138173421,
  "PPO_gradient_norm_mean": 0.7360653678576151,
  "PPO_optimizer_steps": 12,
  "PPO_phase_actions": 46,
  "PPO_policy_loss_mean": -0.0011146615846276593,
  "PPO_return_std_mean": 0.30393529931704205,
  "PPO_rollout_sizes": "[16,16,14]",
  "PPO_samples": 46,
  "PPO_seed": 13725029,
  "PPO_terminal_full_optimizer_steps": 0,
  "PPO_terminal_full_samples": 0,
  "PPO_terminal_full_update_time": 0.0,
  "PPO_terminal_full_updates": 0,
  "PPO_terminal_residual_optimizer_steps": 4,
  "PPO_terminal_residual_samples": 14,
  "PPO_terminal_residual_update_time": 0.012025905773043633,
  "PPO_terminal_residual_updates": 1,
  "PPO_update_count": 3,
  "PPO_value_loss_mean": 0.4585683618982633,
  "Population_size": 100,
  "Protocol": "saos_e4_replication_v8_20260722",
  "Reference_snapshot_sha256": "6286b6ac3ad977bc322da21c2a7ac4dd747710bb5cf5db898a89391366e900c6",
  "Replication_role": "outcome-informed_new-instance_replication",
  "Reward_HV_corr": 0.46419340896948286,
  "Spread": 0.89678969849322,
  "TEC_best": 82405.58689218662,
  "Time": 95.04259991645813,
  "Transition_gen": 54,
  "Transition_reason": "coverage_stagnation",
  "WB_best": 45.99999999999932,
  "Worker_count": 40,
  "dataset": "Hurink_edata",
  "front_pickle": "results/resubmission/v8_e4_replication/fronts/Hurink_edata_la25_BasePaddedNoBC_R16_g100_seed52.pkl",
  "instance": "la25.fjs",
  "rollout_size_planned": 16,
  "seed": 52,
  "state_dim": 78,
  "state_mode": "base_padded",
  "use_bc": false,
  "variant": "BasePaddedNoBC_R16"
}