{
  "Action_seed": 934272733,
  "BC_confusion_matrix": "[]",
  "BC_epoch_accuracy": "[]",
  "BC_epoch_loss": "[]",
  "BC_final_accuracy": 0.0,
  "BC_final_loss": 0.0,
  "BC_pre_accuracy": 0.0,
  "BC_pre_loss": 0.0,
  "BC_pre_post_KL": 0.0,
  "BC_seed": 1720968262,
  "BC_time": 0.0,
  "Budget": 100,
  "CPU_time": 52.09317137300002,
  "Cmax_best": 697.9456193674673,
  "Code_hash": "557a8cdd80246d5b84433fd06619c5f4572fc6d1061cccffb6c59606560a1e14",
  "Config_hash": "be7c2577b7d6bd7368c96844c11c8dd3066fdcb2bf4dbc68ce6d9fecd95bdb34",
  "Config_json": "{\"rollout\":16,\"state_mode\":\"base_padded\",\"use_bc\":false,\"variant\":\"BasePaddedNoBC_R16\"}",
  "Demo_action_counts": "[7,5,6,5,5,5,5,5,5,5]",
  "Demo_forced_fraction": 0.37735849056603776,
  "Demo_label_entropy": 0.9970420213773472,
  "Demo_nn_disagreement": 0.9433962264150944,
  "Demo_samples": 53,
  "Demo_ucb_margin_median": 0.005744457244873047,
  "Design_hash": "4edc2f84691449d3c998d8b1c95abbc1bc9262603bbbe59f337e6dbe7707a226",
  "Enhanced_constant_feature_fraction": 0.0,
  "Enhanced_feature_samples": 0,
  "Enhanced_near_one_fraction": 0.0,
  "Enhanced_near_zero_fraction": 0.0,
  "Entropy_all": 0.9923836724880515,
  "Entropy_last20": 0.9170696227168975,
  "Execution_device": "cpu",
  "Front_semantic_sha256": "ed45456469209629c0ceb75644c7a535ead7e5f692390bc98fe2ff65ccc46926",
  "Front_sha256": "c94318354fbdae70b3a12c668458209e2e54394fd267fd68899d3ac906899ee2",
  "HV_local": 619598231.1752261,
  "Initial_evaluations": 100,
  "Input_hash": "c0c85be1ea5c2f7ddefbd1b40df4aee0d8f0eb2ee32af880c1ee2fe8b3c3c480",
  "Learning_time": 0.03749258257448673,
  "Max_generations": 100,
  "NSol": 6,
  "Network_seed": 147388563,
  "Offspring_evaluations": 10000,
  "Operator_counts": "[12,10,11,10,7,13,9,11,7,10]",
  "PPO_action_effective_updates": 2,
  "PPO_advantage_std_raw_mean": 0.311705822745959,
  "PPO_approx_KL_mean": -0.0004659499554488337,
  "PPO_clip_fraction_mean": 0.0,
  "PPO_discarded_singletons": 0,
  "PPO_effective_optimizer_steps": 8,
  "PPO_effective_samples": 32,
  "PPO_effective_update_time": 0.024874289520084858,
  "PPO_entropy_mean": 2.2987905144691467,
  "PPO_explained_variance_pre_mean": 0.003314832846323649,
  "PPO_gradient_norm_mean": 0.9178158442179362,
  "PPO_optimizer_steps": 12,
  "PPO_phase_actions": 47,
  "PPO_policy_loss_mean": -0.0015731685807825653,
  "PPO_return_std_mean": 0.31208713352680206,
  "PPO_rollout_sizes": "[16,16,15]",
  "PPO_samples": 47,
  "PPO_seed": 1905161551,
  "PPO_terminal_full_optimizer_steps": 0,
  "PPO_terminal_full_samples": 0,
  "PPO_terminal_full_update_time": 0.0,
  "PPO_terminal_full_updates": 0,
  "PPO_terminal_residual_optimizer_steps": 4,
  "PPO_terminal_residual_samples": 15,
  "PPO_terminal_residual_update_time": 0.012618293054401875,
  "PPO_terminal_residual_updates": 1,
  "PPO_update_count": 3,
  "PPO_value_loss_mean": 0.6464495435357094,
  "Population_size": 100,
  "Protocol": "saos_e4_replication_v8_20260722",
  "Reference_snapshot_sha256": "6286b6ac3ad977bc322da21c2a7ac4dd747710bb5cf5db898a89391366e900c6",
  "Replication_role": "outcome-informed_new-instance_replication",
  "Reward_HV_corr": 0.43717360488258244,
  "Spread": 1.038722967655744,
  "TEC_best": 23575.84515359112,
  "Time": 52.403090953826904,
  "Transition_gen": 53,
  "Transition_reason": "coverage_stagnation",
  "WB_best": 125.99999999999966,
  "Worker_count": 40,
  "dataset": "Hurink_edata",
  "front_pickle": "results/resubmission/v8_e4_replication/fronts/Hurink_edata_la05_BasePaddedNoBC_R16_g100_seed56.pkl",
  "instance": "la05.fjs",
  "rollout_size_planned": 16,
  "seed": 56,
  "state_dim": 78,
  "state_mode": "base_padded",
  "use_bc": false,
  "variant": "BasePaddedNoBC_R16"
}