{
  "Action_seed": 2121283841,
  "BC_confusion_matrix": "[]",
  "BC_epoch_accuracy": "[]",
  "BC_epoch_loss": "[]",
  "BC_final_accuracy": 0.0,
  "BC_final_loss": 0.0,
  "BC_pre_accuracy": 0.0,
  "BC_pre_loss": 0.0,
  "BC_pre_post_KL": 0.0,
  "BC_seed": 1958805704,
  "BC_time": 0.0,
  "Budget": 100,
  "CPU_time": 53.63598355299996,
  "Cmax_best": 736.3717468049069,
  "Code_hash": "557a8cdd80246d5b84433fd06619c5f4572fc6d1061cccffb6c59606560a1e14",
  "Config_hash": "316e38e4b56c803c83035f595d8dd9a9c89982fa5ff0ed20203d316fee9ea457",
  "Config_json": "{\"rollout\":16,\"state_mode\":\"enhanced\",\"use_bc\":false,\"variant\":\"EnhancedNoBC_R16\"}",
  "Demo_action_counts": "[6,5,6,5,5,4,5,5,5,6]",
  "Demo_forced_fraction": 0.38461538461538464,
  "Demo_label_entropy": 0.9970790628213763,
  "Demo_nn_disagreement": 0.9038461538461539,
  "Demo_samples": 52,
  "Demo_ucb_margin_median": 0.007832467555999756,
  "Design_hash": "4edc2f84691449d3c998d8b1c95abbc1bc9262603bbbe59f337e6dbe7707a226",
  "Enhanced_constant_feature_fraction": 0.42592592592592593,
  "Enhanced_feature_samples": 48,
  "Enhanced_near_one_fraction": 0.037037037037037035,
  "Enhanced_near_zero_fraction": 0.3888888888888889,
  "Entropy_all": 0.9944393484722579,
  "Entropy_last20": 0.8642422450001931,
  "Execution_device": "cpu",
  "Front_semantic_sha256": "51de4212d5c904e564a6e7e2dfaf0fe829579b4e9fdd096768fff5122be24f64",
  "Front_sha256": "76176d0ec49e437a568f96160d9c2920f8ba44f19e8f85a46a1e5a0b8a33ac39",
  "HV_local": 367377071.1211517,
  "Initial_evaluations": 100,
  "Input_hash": "c0c85be1ea5c2f7ddefbd1b40df4aee0d8f0eb2ee32af880c1ee2fe8b3c3c480",
  "Learning_time": 0.04002270568162203,
  "Max_generations": 100,
  "NSol": 33,
  "Network_seed": 1604999848,
  "Offspring_evaluations": 10000,
  "Operator_counts": "[10,8,9,13,11,9,12,9,8,11]",
  "PPO_action_effective_updates": 2,
  "PPO_advantage_std_raw_mean": 0.3963184654712677,
  "PPO_approx_KL_mean": 0.0003319258491198222,
  "PPO_clip_fraction_mean": 0.0,
  "PPO_discarded_singletons": 0,
  "PPO_effective_optimizer_steps": 8,
  "PPO_effective_samples": 32,
  "PPO_effective_update_time": 0.02588979620486498,
  "PPO_entropy_mean": 2.3012303908665976,
  "PPO_explained_variance_pre_mean": 0.0009791453679402669,
  "PPO_gradient_norm_mean": 1.2633636395136516,
  "PPO_optimizer_steps": 12,
  "PPO_phase_actions": 48,
  "PPO_policy_loss_mean": -0.0022547937308748565,
  "PPO_return_std_mean": 0.39649589856465656,
  "PPO_rollout_sizes": "[16,16,16]",
  "PPO_samples": 48,
  "PPO_seed": 1500418225,
  "PPO_terminal_full_optimizer_steps": 4,
  "PPO_terminal_full_samples": 16,
  "PPO_terminal_full_update_time": 0.01413290947675705,
  "PPO_terminal_full_updates": 1,
  "PPO_terminal_residual_optimizer_steps": 0,
  "PPO_terminal_residual_samples": 0,
  "PPO_terminal_residual_update_time": 0.0,
  "PPO_terminal_residual_updates": 0,
  "PPO_update_count": 3,
  "PPO_value_loss_mean": 0.8183994094530741,
  "Population_size": 100,
  "Protocol": "saos_e4_replication_v8_20260722",
  "Reference_snapshot_sha256": "6286b6ac3ad977bc322da21c2a7ac4dd747710bb5cf5db898a89391366e900c6",
  "Replication_role": "outcome-informed_new-instance_replication",
  "Reward_HV_corr": 0.4842132212404576,
  "Spread": 0.9172279109199611,
  "TEC_best": 19487.111288231004,
  "Time": 53.90432262420654,
  "Transition_gen": 52,
  "Transition_reason": "coverage_stagnation",
  "WB_best": 86.99999999999983,
  "Worker_count": 40,
  "dataset": "Hurink_edata",
  "front_pickle": "results/resubmission/v8_e4_replication/fronts/Hurink_edata_la03_EnhancedNoBC_R16_g100_seed53.pkl",
  "instance": "la03.fjs",
  "rollout_size_planned": 16,
  "seed": 53,
  "state_dim": 78,
  "state_mode": "enhanced",
  "use_bc": false,
  "variant": "EnhancedNoBC_R16"
}