{
  "Action_seed": 2121283841,
  "BC_confusion_matrix": "[]",
  "BC_epoch_accuracy": "[]",
  "BC_epoch_loss": "[]",
  "BC_final_accuracy": 0.0,
  "BC_final_loss": 0.0,
  "BC_pre_accuracy": 0.0,
  "BC_pre_loss": 0.0,
  "BC_pre_post_KL": 0.0,
  "BC_seed": 1958805704,
  "BC_time": 0.0,
  "Budget": 100,
  "CPU_time": 104.14071027699993,
  "Cmax_best": 2283.0523127845286,
  "Code_hash": "557a8cdd80246d5b84433fd06619c5f4572fc6d1061cccffb6c59606560a1e14",
  "Config_hash": "be7c2577b7d6bd7368c96844c11c8dd3066fdcb2bf4dbc68ce6d9fecd95bdb34",
  "Config_json": "{\"rollout\":16,\"state_mode\":\"base_padded\",\"use_bc\":false,\"variant\":\"BasePaddedNoBC_R16\"}",
  "Demo_action_counts": "[5,5,5,5,4,5,5,5,4,5]",
  "Demo_forced_fraction": 0.4166666666666667,
  "Demo_label_entropy": 0.9984229018742444,
  "Demo_nn_disagreement": 0.9791666666666666,
  "Demo_samples": 48,
  "Demo_ucb_margin_median": 0.006756722927093506,
  "Design_hash": "4edc2f84691449d3c998d8b1c95abbc1bc9262603bbbe59f337e6dbe7707a226",
  "Enhanced_constant_feature_fraction": 0.0,
  "Enhanced_feature_samples": 0,
  "Enhanced_near_one_fraction": 0.0,
  "Enhanced_near_zero_fraction": 0.0,
  "Entropy_all": 0.9930161516892493,
  "Entropy_last20": 0.8814799303897302,
  "Execution_device": "cpu",
  "Front_semantic_sha256": "99cdd835c0d945f2f01a7fb567b7886d9a794f24ba4dc712c3e371b88b863586",
  "Front_sha256": "5b5a4f3f155fb97e2a5c082781a4038cd2cfdc2f5d10f7bdfe187bb56e654842",
  "HV_local": 1286019025.8597283,
  "Initial_evaluations": 100,
  "Input_hash": "c0c85be1ea5c2f7ddefbd1b40df4aee0d8f0eb2ee32af880c1ee2fe8b3c3c480",
  "Learning_time": 0.04543012846261263,
  "Max_generations": 100,
  "NSol": 14,
  "Network_seed": 1604999848,
  "Offspring_evaluations": 10000,
  "Operator_counts": "[9,9,8,13,10,10,12,10,7,12]",
  "PPO_action_effective_updates": 3,
  "PPO_advantage_std_raw_mean": 0.3179495856165886,
  "PPO_approx_KL_mean": 7.107388228178024e-05,
  "PPO_clip_fraction_mean": 0.0,
  "PPO_discarded_singletons": 0,
  "PPO_effective_optimizer_steps": 12,
  "PPO_effective_samples": 48,
  "PPO_effective_update_time": 0.034515369683504105,
  "PPO_entropy_mean": 2.3018724024295807,
  "PPO_explained_variance_pre_mean": -0.002308279275894165,
  "PPO_gradient_norm_mean": 0.9378411173820496,
  "PPO_optimizer_steps": 16,
  "PPO_phase_actions": 52,
  "PPO_policy_loss_mean": -0.0011461159447208047,
  "PPO_return_std_mean": 0.31754069216549397,
  "PPO_rollout_sizes": "[16,16,16,4]",
  "PPO_samples": 52,
  "PPO_seed": 1500418225,
  "PPO_terminal_full_optimizer_steps": 0,
  "PPO_terminal_full_samples": 0,
  "PPO_terminal_full_update_time": 0.0,
  "PPO_terminal_full_updates": 0,
  "PPO_terminal_residual_optimizer_steps": 4,
  "PPO_terminal_residual_samples": 4,
  "PPO_terminal_residual_update_time": 0.010914758779108524,
  "PPO_terminal_residual_updates": 1,
  "PPO_update_count": 4,
  "PPO_value_loss_mean": 0.672473007813096,
  "Population_size": 100,
  "Protocol": "saos_e4_replication_v8_20260722",
  "Reference_snapshot_sha256": "6286b6ac3ad977bc322da21c2a7ac4dd747710bb5cf5db898a89391366e900c6",
  "Replication_role": "outcome-informed_new-instance_replication",
  "Reward_HV_corr": 0.5838090500069562,
  "Spread": 0.7156001833241398,
  "TEC_best": 104456.58741826387,
  "Time": 104.50414752960205,
  "Transition_gen": 48,
  "Transition_reason": "coverage_stagnation",
  "WB_best": 97.9999999999992,
  "Worker_count": 40,
  "dataset": "Hurink_edata",
  "front_pickle": "results/resubmission/v8_e4_replication/fronts/Hurink_edata_la29_BasePaddedNoBC_R16_g100_seed53.pkl",
  "instance": "la29.fjs",
  "rollout_size_planned": 16,
  "seed": 53,
  "state_dim": 78,
  "state_mode": "base_padded",
  "use_bc": false,
  "variant": "BasePaddedNoBC_R16"
}