{
  "Action_seed": 3356307559,
  "BC_confusion_matrix": "[]",
  "BC_epoch_accuracy": "[]",
  "BC_epoch_loss": "[]",
  "BC_final_accuracy": 0.0,
  "BC_final_loss": 0.0,
  "BC_pre_accuracy": 0.0,
  "BC_pre_loss": 0.0,
  "BC_pre_post_KL": 0.0,
  "BC_seed": 4095219117,
  "BC_time": 0.0,
  "Budget": 100,
  "CPU_time": 74.18822477499998,
  "Cmax_best": 1332.9538330042,
  "Code_hash": "557a8cdd80246d5b84433fd06619c5f4572fc6d1061cccffb6c59606560a1e14",
  "Config_hash": "be7c2577b7d6bd7368c96844c11c8dd3066fdcb2bf4dbc68ce6d9fecd95bdb34",
  "Config_json": "{\"rollout\":16,\"state_mode\":\"base_padded\",\"use_bc\":false,\"variant\":\"BasePaddedNoBC_R16\"}",
  "Demo_action_counts": "[7,7,7,7,6,5,5,6,5,6]",
  "Demo_forced_fraction": 0.32786885245901637,
  "Demo_label_entropy": 0.9959197089067496,
  "Demo_nn_disagreement": 0.9508196721311475,
  "Demo_samples": 61,
  "Demo_ucb_margin_median": 0.008487224578857422,
  "Design_hash": "4edc2f84691449d3c998d8b1c95abbc1bc9262603bbbe59f337e6dbe7707a226",
  "Enhanced_constant_feature_fraction": 0.0,
  "Enhanced_feature_samples": 0,
  "Enhanced_near_one_fraction": 0.0,
  "Enhanced_near_zero_fraction": 0.0,
  "Entropy_all": 0.9934115104801546,
  "Entropy_last20": 0.9358104332081423,
  "Execution_device": "cpu",
  "Front_semantic_sha256": "6052627ad37776f9977a7161f7d009db253a02e48c3c35daede7a80bc490844b",
  "Front_sha256": "b05ba9b7d32007c9f197f308a89a6b9a88dbb3819c89bc379a6f06345d00132c",
  "HV_local": 1244777978.7526114,
  "Initial_evaluations": 100,
  "Input_hash": "c0c85be1ea5c2f7ddefbd1b40df4aee0d8f0eb2ee32af880c1ee2fe8b3c3c480",
  "Learning_time": 0.04228566866368055,
  "Max_generations": 100,
  "NSol": 6,
  "Network_seed": 1262220414,
  "Offspring_evaluations": 10000,
  "Operator_counts": "[8,10,9,11,13,10,11,9,7,12]",
  "PPO_action_effective_updates": 2,
  "PPO_advantage_std_raw_mean": 0.4097105662027995,
  "PPO_approx_KL_mean": 0.0007677816247451119,
  "PPO_clip_fraction_mean": 0.0,
  "PPO_discarded_singletons": 0,
  "PPO_effective_optimizer_steps": 8,
  "PPO_effective_samples": 32,
  "PPO_effective_update_time": 0.029611255042254925,
  "PPO_entropy_mean": 2.299421548843384,
  "PPO_explained_variance_pre_mean": 0.003588596979777018,
  "PPO_gradient_norm_mean": 0.8906577999393145,
  "PPO_optimizer_steps": 12,
  "PPO_phase_actions": 39,
  "PPO_policy_loss_mean": -0.002330116068367971,
  "PPO_return_std_mean": 0.410265992085139,
  "PPO_rollout_sizes": "[16,16,7]",
  "PPO_samples": 39,
  "PPO_seed": 3196798417,
  "PPO_terminal_full_optimizer_steps": 0,
  "PPO_terminal_full_samples": 0,
  "PPO_terminal_full_update_time": 0.0,
  "PPO_terminal_full_updates": 0,
  "PPO_terminal_residual_optimizer_steps": 4,
  "PPO_terminal_residual_samples": 7,
  "PPO_terminal_residual_update_time": 0.012674413621425629,
  "PPO_terminal_residual_updates": 1,
  "PPO_update_count": 3,
  "PPO_value_loss_mean": 0.6815133901933829,
  "Population_size": 100,
  "Protocol": "saos_e4_replication_v8_20260722",
  "Reference_snapshot_sha256": "6286b6ac3ad977bc322da21c2a7ac4dd747710bb5cf5db898a89391366e900c6",
  "Replication_role": "outcome-informed_new-instance_replication",
  "Reward_HV_corr": 0.39500178638521666,
  "Spread": 1.163314453336486,
  "TEC_best": 45695.0953965074,
  "Time": 74.56064033508301,
  "Transition_gen": 61,
  "Transition_reason": "coverage_stagnation",
  "WB_best": 23.999999999999773,
  "Worker_count": 40,
  "dataset": "Hurink_edata",
  "front_pickle": "results/resubmission/v8_e4_replication/fronts/Hurink_edata_la13_BasePaddedNoBC_R16_g100_seed55.pkl",
  "instance": "la13.fjs",
  "rollout_size_planned": 16,
  "seed": 55,
  "state_dim": 78,
  "state_mode": "base_padded",
  "use_bc": false,
  "variant": "BasePaddedNoBC_R16"
}