{
  "Action_seed": 3356307559,
  "BC_confusion_matrix": "[]",
  "BC_epoch_accuracy": "[]",
  "BC_epoch_loss": "[]",
  "BC_final_accuracy": 0.0,
  "BC_final_loss": 0.0,
  "BC_pre_accuracy": 0.0,
  "BC_pre_loss": 0.0,
  "BC_pre_post_KL": 0.0,
  "BC_seed": 4095219117,
  "BC_time": 0.0,
  "Budget": 100,
  "CPU_time": 101.31964176400015,
  "Cmax_best": 1852.7578769207016,
  "Code_hash": "557a8cdd80246d5b84433fd06619c5f4572fc6d1061cccffb6c59606560a1e14",
  "Config_hash": "be7c2577b7d6bd7368c96844c11c8dd3066fdcb2bf4dbc68ce6d9fecd95bdb34",
  "Config_json": "{\"rollout\":16,\"state_mode\":\"base_padded\",\"use_bc\":false,\"variant\":\"BasePaddedNoBC_R16\"}",
  "Demo_action_counts": "[7,7,8,7,7,7,7,8,6,6]",
  "Demo_forced_fraction": 0.2857142857142857,
  "Demo_label_entropy": 0.9982212903417764,
  "Demo_nn_disagreement": 0.9571428571428572,
  "Demo_samples": 70,
  "Demo_ucb_margin_median": 0.008631289005279541,
  "Design_hash": "4edc2f84691449d3c998d8b1c95abbc1bc9262603bbbe59f337e6dbe7707a226",
  "Enhanced_constant_feature_fraction": 0.0,
  "Enhanced_feature_samples": 0,
  "Enhanced_near_one_fraction": 0.0,
  "Enhanced_near_zero_fraction": 0.0,
  "Entropy_all": 0.9957047496970515,
  "Entropy_last20": 0.8741013089736384,
  "Execution_device": "cpu",
  "Front_semantic_sha256": "64e3480c8e28751f26808e9803b46155e10645c76dd2cace5f2463783ad3f726",
  "Front_sha256": "3c26c307d409658ea969067fb38c7bfb93afd6b7a557783889e608e442dded00",
  "HV_local": 947315468.5139444,
  "Initial_evaluations": 100,
  "Input_hash": "c0c85be1ea5c2f7ddefbd1b40df4aee0d8f0eb2ee32af880c1ee2fe8b3c3c480",
  "Learning_time": 0.02840652782469988,
  "Max_generations": 100,
  "NSol": 6,
  "Network_seed": 1262220414,
  "Offspring_evaluations": 10000,
  "Operator_counts": "[8,9,10,10,13,11,10,10,8,11]",
  "PPO_action_effective_updates": 1,
  "PPO_advantage_std_raw_mean": 0.42315177619457245,
  "PPO_approx_KL_mean": 0.0006920708656252827,
  "PPO_clip_fraction_mean": 0.0,
  "PPO_discarded_singletons": 0,
  "PPO_effective_optimizer_steps": 4,
  "PPO_effective_samples": 16,
  "PPO_effective_update_time": 0.014314648695290089,
  "PPO_entropy_mean": 2.299432784318924,
  "PPO_explained_variance_pre_mean": 0.00048023462295532227,
  "PPO_gradient_norm_mean": 0.8871602192521095,
  "PPO_optimizer_steps": 8,
  "PPO_phase_actions": 30,
  "PPO_policy_loss_mean": -0.0020811612308275773,
  "PPO_return_std_mean": 0.42329229414463043,
  "PPO_rollout_sizes": "[16,14]",
  "PPO_samples": 30,
  "PPO_seed": 3196798417,
  "PPO_terminal_full_optimizer_steps": 0,
  "PPO_terminal_full_samples": 0,
  "PPO_terminal_full_update_time": 0.0,
  "PPO_terminal_full_updates": 0,
  "PPO_terminal_residual_optimizer_steps": 4,
  "PPO_terminal_residual_samples": 14,
  "PPO_terminal_residual_update_time": 0.01409187912940979,
  "PPO_terminal_residual_updates": 1,
  "PPO_update_count": 2,
  "PPO_value_loss_mean": 0.6687559634447098,
  "Population_size": 100,
  "Protocol": "saos_e4_replication_v8_20260722",
  "Reference_snapshot_sha256": "6286b6ac3ad977bc322da21c2a7ac4dd747710bb5cf5db898a89391366e900c6",
  "Replication_role": "outcome-informed_new-instance_replication",
  "Reward_HV_corr": 0.46142287913085595,
  "Spread": 0.9605354222798538,
  "TEC_best": 77907.17600141988,
  "Time": 101.65555667877197,
  "Transition_gen": 70,
  "Transition_reason": "coverage_latest_guard",
  "WB_best": 229.99999999999943,
  "Worker_count": 40,
  "dataset": "Hurink_edata",
  "front_pickle": "results/resubmission/v8_e4_replication/fronts/Hurink_edata_la24_BasePaddedNoBC_R16_g100_seed55.pkl",
  "instance": "la24.fjs",
  "rollout_size_planned": 16,
  "seed": 55,
  "state_dim": 78,
  "state_mode": "base_padded",
  "use_bc": false,
  "variant": "BasePaddedNoBC_R16"
}