{
  "Action_seed": 3835360792,
  "BC_confusion_matrix": "[]",
  "BC_epoch_accuracy": "[]",
  "BC_epoch_loss": "[]",
  "BC_final_accuracy": 0.0,
  "BC_final_loss": 0.0,
  "BC_pre_accuracy": 0.0,
  "BC_pre_loss": 0.0,
  "BC_pre_post_KL": 0.0,
  "BC_seed": 4057508279,
  "BC_time": 0.0,
  "Budget": 100,
  "CPU_time": 133.77848323099988,
  "Cmax_best": 2979.952007626718,
  "Code_hash": "557a8cdd80246d5b84433fd06619c5f4572fc6d1061cccffb6c59606560a1e14",
  "Config_hash": "316e38e4b56c803c83035f595d8dd9a9c89982fa5ff0ed20203d316fee9ea457",
  "Config_json": "{\"rollout\":16,\"state_mode\":\"enhanced\",\"use_bc\":false,\"variant\":\"EnhancedNoBC_R16\"}",
  "Demo_action_counts": "[7,7,8,7,7,7,7,8,6,5]",
  "Demo_forced_fraction": 0.2898550724637681,
  "Demo_label_entropy": 0.9967140907886779,
  "Demo_nn_disagreement": 0.7391304347826086,
  "Demo_samples": 69,
  "Demo_ucb_margin_median": 0.01416325569152832,
  "Design_hash": "4edc2f84691449d3c998d8b1c95abbc1bc9262603bbbe59f337e6dbe7707a226",
  "Enhanced_constant_feature_fraction": 0.42592592592592593,
  "Enhanced_feature_samples": 31,
  "Enhanced_near_one_fraction": 0.037037037037037035,
  "Enhanced_near_zero_fraction": 0.3888888888888889,
  "Entropy_all": 0.9911286449064755,
  "Entropy_last20": 0.9471726222832955,
  "Execution_device": "cpu",
  "Front_semantic_sha256": "504a98b0a68be927da2c770d4f8a133484b12cd7fce8aef0f639d4bd27a55db1",
  "Front_sha256": "2f796d49cf531405b4fab917c237ec5003069b4ca72a2b63c945d521256c698f",
  "HV_local": 5211392517.560648,
  "Initial_evaluations": 100,
  "Input_hash": "c0c85be1ea5c2f7ddefbd1b40df4aee0d8f0eb2ee32af880c1ee2fe8b3c3c480",
  "Learning_time": 0.028242958709597588,
  "Max_generations": 100,
  "NSol": 4,
  "Network_seed": 1790271553,
  "Offspring_evaluations": 10000,
  "Operator_counts": "[13,11,10,10,11,10,11,11,7,6]",
  "PPO_action_effective_updates": 1,
  "PPO_advantage_std_raw_mean": 0.38217203319072723,
  "PPO_approx_KL_mean": -0.001317655537180551,
  "PPO_clip_fraction_mean": 0.0,
  "PPO_discarded_singletons": 0,
  "PPO_effective_optimizer_steps": 4,
  "PPO_effective_samples": 16,
  "PPO_effective_update_time": 0.01441221870481968,
  "PPO_entropy_mean": 2.2989683151245117,
  "PPO_explained_variance_pre_mean": 0.004024922847747803,
  "PPO_gradient_norm_mean": 1.138903632760048,
  "PPO_optimizer_steps": 8,
  "PPO_phase_actions": 31,
  "PPO_policy_loss_mean": -0.0029374724967059507,
  "PPO_return_std_mean": 0.38303297758102417,
  "PPO_rollout_sizes": "[16,15]",
  "PPO_samples": 31,
  "PPO_seed": 13725029,
  "PPO_terminal_full_optimizer_steps": 0,
  "PPO_terminal_full_samples": 0,
  "PPO_terminal_full_update_time": 0.0,
  "PPO_terminal_full_updates": 0,
  "PPO_terminal_residual_optimizer_steps": 4,
  "PPO_terminal_residual_samples": 15,
  "PPO_terminal_residual_update_time": 0.013830740004777908,
  "PPO_terminal_residual_updates": 1,
  "PPO_update_count": 2,
  "PPO_value_loss_mean": 0.8435310609638691,
  "Population_size": 100,
  "Protocol": "saos_e4_replication_v8_20260722",
  "Reference_snapshot_sha256": "6286b6ac3ad977bc322da21c2a7ac4dd747710bb5cf5db898a89391366e900c6",
  "Replication_role": "outcome-informed_new-instance_replication",
  "Reward_HV_corr": 0.3618665864654466,
  "Spread": 1.2254775353295093,
  "TEC_best": 148206.19407201378,
  "Time": 134.10201239585876,
  "Transition_gen": 69,
  "Transition_reason": "coverage_stagnation",
  "WB_best": 459.99999999999943,
  "Worker_count": 40,
  "dataset": "Hurink_edata",
  "front_pickle": "results/resubmission/v8_e4_replication/fronts/Hurink_edata_la39_EnhancedNoBC_R16_g100_seed52.pkl",
  "instance": "la39.fjs",
  "rollout_size_planned": 16,
  "seed": 52,
  "state_dim": 78,
  "state_mode": "enhanced",
  "use_bc": false,
  "variant": "EnhancedNoBC_R16"
}