{
  "Action_seed": 3069305879,
  "BC_confusion_matrix": "[]",
  "BC_epoch_accuracy": "[]",
  "BC_epoch_loss": "[]",
  "BC_final_accuracy": 0.0,
  "BC_final_loss": 0.0,
  "BC_pre_accuracy": 0.0,
  "BC_pre_loss": 0.0,
  "BC_pre_post_KL": 0.0,
  "BC_seed": 117269218,
  "BC_time": 0.0,
  "Budget": 100,
  "CPU_time": 81.21226154099986,
  "Cmax_best": 1569.1841566339206,
  "Code_hash": "557a8cdd80246d5b84433fd06619c5f4572fc6d1061cccffb6c59606560a1e14",
  "Config_hash": "316e38e4b56c803c83035f595d8dd9a9c89982fa5ff0ed20203d316fee9ea457",
  "Config_json": "{\"rollout\":16,\"state_mode\":\"enhanced\",\"use_bc\":false,\"variant\":\"EnhancedNoBC_R16\"}",
  "Demo_action_counts": "[5,5,5,4,4,4,5,5,4,5]",
  "Demo_forced_fraction": 0.43478260869565216,
  "Demo_label_entropy": 0.997495657957053,
  "Demo_nn_disagreement": 0.9347826086956522,
  "Demo_samples": 46,
  "Demo_ucb_margin_median": 0.005415499210357666,
  "Design_hash": "4edc2f84691449d3c998d8b1c95abbc1bc9262603bbbe59f337e6dbe7707a226",
  "Enhanced_constant_feature_fraction": 0.42592592592592593,
  "Enhanced_feature_samples": 54,
  "Enhanced_near_one_fraction": 0.037037037037037035,
  "Enhanced_near_zero_fraction": 0.3888888888888889,
  "Entropy_all": 0.9822236120963276,
  "Entropy_last20": 0.8741013089736384,
  "Execution_device": "cpu",
  "Front_semantic_sha256": "65b55cd0ace725a69fdff6ad5e00a8818d5ffb2f0e0e3d3026828215f3b80813",
  "Front_sha256": "e5fda47d13e7c643f497f7374011536791bc5463f3f97470e67da2b6566913c0",
  "HV_local": 5109374047.648014,
  "Initial_evaluations": 100,
  "Input_hash": "c0c85be1ea5c2f7ddefbd1b40df4aee0d8f0eb2ee32af880c1ee2fe8b3c3c480",
  "Learning_time": 0.05997421592473984,
  "Max_generations": 100,
  "NSol": 26,
  "Network_seed": 2743625714,
  "Offspring_evaluations": 10000,
  "Operator_counts": "[11,10,7,7,10,7,17,9,13,9]",
  "PPO_action_effective_updates": 3,
  "PPO_advantage_std_raw_mean": 0.2493140920996666,
  "PPO_approx_KL_mean": 0.00113190555566689,
  "PPO_clip_fraction_mean": 0.0,
  "PPO_discarded_singletons": 0,
  "PPO_effective_optimizer_steps": 12,
  "PPO_effective_samples": 48,
  "PPO_effective_update_time": 0.04434183146804571,
  "PPO_entropy_mean": 2.296525552868843,
  "PPO_explained_variance_pre_mean": -0.01360294222831726,
  "PPO_gradient_norm_mean": 0.8351359814405441,
  "PPO_optimizer_steps": 16,
  "PPO_phase_actions": 54,
  "PPO_policy_loss_mean": -0.003360376780619845,
  "PPO_return_std_mean": 0.2476763166487217,
  "PPO_rollout_sizes": "[16,16,16,6]",
  "PPO_samples": 54,
  "PPO_seed": 2625058009,
  "PPO_terminal_full_optimizer_steps": 0,
  "PPO_terminal_full_samples": 0,
  "PPO_terminal_full_update_time": 0.0,
  "PPO_terminal_full_updates": 0,
  "PPO_terminal_residual_optimizer_steps": 4,
  "PPO_terminal_residual_samples": 6,
  "PPO_terminal_residual_update_time": 0.015632384456694126,
  "PPO_terminal_residual_updates": 1,
  "PPO_update_count": 4,
  "PPO_value_loss_mean": 0.25265401881188154,
  "Population_size": 100,
  "Protocol": "saos_e4_replication_v8_20260722",
  "Reference_snapshot_sha256": "6286b6ac3ad977bc322da21c2a7ac4dd747710bb5cf5db898a89391366e900c6",
  "Replication_role": "outcome-informed_new-instance_replication",
  "Reward_HV_corr": 0.5261644791731622,
  "Spread": 0.7625154315915174,
  "TEC_best": 56473.97236775867,
  "Time": 81.76743817329407,
  "Transition_gen": 46,
  "Transition_reason": "coverage_stagnation",
  "WB_best": 173.99999999999937,
  "Worker_count": 40,
  "dataset": "Hurink_edata",
  "front_pickle": "results/resubmission/v8_e4_replication/fronts/Hurink_edata_la19_EnhancedNoBC_R16_g100_seed54.pkl",
  "instance": "la19.fjs",
  "rollout_size_planned": 16,
  "seed": 54,
  "state_dim": 78,
  "state_mode": "enhanced",
  "use_bc": false,
  "variant": "EnhancedNoBC_R16"
}