{
  "Action_seed": 3069305879,
  "BC_confusion_matrix": "[]",
  "BC_epoch_accuracy": "[]",
  "BC_epoch_loss": "[]",
  "BC_final_accuracy": 0.0,
  "BC_final_loss": 0.0,
  "BC_pre_accuracy": 0.0,
  "BC_pre_loss": 0.0,
  "BC_pre_post_KL": 0.0,
  "BC_seed": 117269218,
  "BC_time": 0.0,
  "Budget": 100,
  "CPU_time": 52.88609179700006,
  "Cmax_best": 729.9948348725131,
  "Code_hash": "557a8cdd80246d5b84433fd06619c5f4572fc6d1061cccffb6c59606560a1e14",
  "Config_hash": "316e38e4b56c803c83035f595d8dd9a9c89982fa5ff0ed20203d316fee9ea457",
  "Config_json": "{\"rollout\":16,\"state_mode\":\"enhanced\",\"use_bc\":false,\"variant\":\"EnhancedNoBC_R16\"}",
  "Demo_action_counts": "[7,6,8,7,5,5,5,6,5,5]",
  "Demo_forced_fraction": 0.3389830508474576,
  "Demo_label_entropy": 0.9934256121652062,
  "Demo_nn_disagreement": 0.8983050847457628,
  "Demo_samples": 59,
  "Demo_ucb_margin_median": 0.010291457176208496,
  "Design_hash": "4edc2f84691449d3c998d8b1c95abbc1bc9262603bbbe59f337e6dbe7707a226",
  "Enhanced_constant_feature_fraction": 0.42592592592592593,
  "Enhanced_feature_samples": 41,
  "Enhanced_near_one_fraction": 0.037037037037037035,
  "Enhanced_near_zero_fraction": 0.3888888888888889,
  "Entropy_all": 0.9906431572685049,
  "Entropy_last20": 0.8741013089736384,
  "Execution_device": "cpu",
  "Front_semantic_sha256": "9e6e693b326425ff3a082692541fa7cd60be15a45bb06bd4d8185661144592b0",
  "Front_sha256": "06478aea6a93fa2d8e02d0b86417be9c9f892d78c3a009413877eaa8144a64a1",
  "HV_local": 301226469.4515937,
  "Initial_evaluations": 100,
  "Input_hash": "c0c85be1ea5c2f7ddefbd1b40df4aee0d8f0eb2ee32af880c1ee2fe8b3c3c480",
  "Learning_time": 0.03642544336616993,
  "Max_generations": 100,
  "NSol": 11,
  "Network_seed": 2743625714,
  "Offspring_evaluations": 10000,
  "Operator_counts": "[13,10,10,9,10,7,14,8,11,8]",
  "PPO_action_effective_updates": 2,
  "PPO_advantage_std_raw_mean": 0.29631829261779785,
  "PPO_approx_KL_mean": 0.002237325330497697,
  "PPO_clip_fraction_mean": 0.0,
  "PPO_discarded_singletons": 0,
  "PPO_effective_optimizer_steps": 8,
  "PPO_effective_samples": 32,
  "PPO_effective_update_time": 0.023793370462954044,
  "PPO_entropy_mean": 2.296543379624685,
  "PPO_explained_variance_pre_mean": -0.005565245946248372,
  "PPO_gradient_norm_mean": 1.0582593182722728,
  "PPO_optimizer_steps": 12,
  "PPO_phase_actions": 41,
  "PPO_policy_loss_mean": -0.0037022443936654734,
  "PPO_return_std_mean": 0.2955062886079152,
  "PPO_rollout_sizes": "[16,16,9]",
  "PPO_samples": 41,
  "PPO_seed": 2625058009,
  "PPO_terminal_full_optimizer_steps": 0,
  "PPO_terminal_full_samples": 0,
  "PPO_terminal_full_update_time": 0.0,
  "PPO_terminal_full_updates": 0,
  "PPO_terminal_residual_optimizer_steps": 4,
  "PPO_terminal_residual_samples": 9,
  "PPO_terminal_residual_update_time": 0.012632072903215885,
  "PPO_terminal_residual_updates": 1,
  "PPO_update_count": 3,
  "PPO_value_loss_mean": 0.4337065579990546,
  "Population_size": 100,
  "Protocol": "saos_e4_replication_v8_20260722",
  "Reference_snapshot_sha256": "6286b6ac3ad977bc322da21c2a7ac4dd747710bb5cf5db898a89391366e900c6",
  "Replication_role": "outcome-informed_new-instance_replication",
  "Reward_HV_corr": 0.5534535712367252,
  "Spread": 0.9710232189894448,
  "TEC_best": 19410.529081235607,
  "Time": 53.1134192943573,
  "Transition_gen": 59,
  "Transition_reason": "coverage_stagnation",
  "WB_best": 86.99999999999955,
  "Worker_count": 40,
  "dataset": "Hurink_edata",
  "front_pickle": "results/resubmission/v8_e4_replication/fronts/Hurink_edata_la03_EnhancedNoBC_R16_g100_seed54.pkl",
  "instance": "la03.fjs",
  "rollout_size_planned": 16,
  "seed": 54,
  "state_dim": 78,
  "state_mode": "enhanced",
  "use_bc": false,
  "variant": "EnhancedNoBC_R16"
}