{
  "Action_seed": 934272733,
  "BC_confusion_matrix": "[]",
  "BC_epoch_accuracy": "[]",
  "BC_epoch_loss": "[]",
  "BC_final_accuracy": 0.0,
  "BC_final_loss": 0.0,
  "BC_pre_accuracy": 0.0,
  "BC_pre_loss": 0.0,
  "BC_pre_post_KL": 0.0,
  "BC_seed": 1720968262,
  "BC_time": 0.0,
  "Budget": 100,
  "CPU_time": 83.46760258099994,
  "Cmax_best": 1405.9715718505656,
  "Code_hash": "557a8cdd80246d5b84433fd06619c5f4572fc6d1061cccffb6c59606560a1e14",
  "Config_hash": "316e38e4b56c803c83035f595d8dd9a9c89982fa5ff0ed20203d316fee9ea457",
  "Config_json": "{\"rollout\":16,\"state_mode\":\"enhanced\",\"use_bc\":false,\"variant\":\"EnhancedNoBC_R16\"}",
  "Demo_action_counts": "[6,5,6,5,5,5,5,5,4,5]",
  "Demo_forced_fraction": 0.39215686274509803,
  "Demo_label_entropy": 0.9975700756729121,
  "Demo_nn_disagreement": 0.9607843137254902,
  "Demo_samples": 51,
  "Demo_ucb_margin_median": 0.004459381103515625,
  "Design_hash": "4edc2f84691449d3c998d8b1c95abbc1bc9262603bbbe59f337e6dbe7707a226",
  "Enhanced_constant_feature_fraction": 0.42592592592592593,
  "Enhanced_feature_samples": 49,
  "Enhanced_near_one_fraction": 0.037037037037037035,
  "Enhanced_near_zero_fraction": 0.3888888888888889,
  "Entropy_all": 0.9930750513757998,
  "Entropy_last20": 0.9170696227168975,
  "Execution_device": "cpu",
  "Front_semantic_sha256": "fb0d547672338d4539a90f29b5fad5e11e4478938f995a10e0376769373d213a",
  "Front_sha256": "63163cb218aa27145e6dfb4957f20350200f624f56846264cf4953a8af91e1a9",
  "HV_local": 1284570065.6674454,
  "Initial_evaluations": 100,
  "Input_hash": "c0c85be1ea5c2f7ddefbd1b40df4aee0d8f0eb2ee32af880c1ee2fe8b3c3c480",
  "Learning_time": 0.04002851527184248,
  "Max_generations": 100,
  "NSol": 35,
  "Network_seed": 147388563,
  "Offspring_evaluations": 10000,
  "Operator_counts": "[11,10,11,10,9,13,9,11,6,10]",
  "PPO_action_effective_updates": 3,
  "PPO_advantage_std_raw_mean": 0.35388142863909405,
  "PPO_approx_KL_mean": -0.000439846267302831,
  "PPO_clip_fraction_mean": 0.0,
  "PPO_discarded_singletons": 1,
  "PPO_effective_optimizer_steps": 12,
  "PPO_effective_samples": 48,
  "PPO_effective_update_time": 0.04002851527184248,
  "PPO_entropy_mean": 2.2980578939119973,
  "PPO_explained_variance_pre_mean": -0.002777556578318278,
  "PPO_gradient_norm_mean": 1.1747825940450032,
  "PPO_optimizer_steps": 12,
  "PPO_phase_actions": 49,
  "PPO_policy_loss_mean": -0.0034211788636942706,
  "PPO_return_std_mean": 0.3533903459707896,
  "PPO_rollout_sizes": "[16,16,16]",
  "PPO_samples": 48,
  "PPO_seed": 1905161551,
  "PPO_terminal_full_optimizer_steps": 0,
  "PPO_terminal_full_samples": 0,
  "PPO_terminal_full_update_time": 0.0,
  "PPO_terminal_full_updates": 0,
  "PPO_terminal_residual_optimizer_steps": 0,
  "PPO_terminal_residual_samples": 0,
  "PPO_terminal_residual_update_time": 0.0,
  "PPO_terminal_residual_updates": 0,
  "PPO_update_count": 3,
  "PPO_value_loss_mean": 0.7852635731299719,
  "Population_size": 100,
  "Protocol": "saos_e4_replication_v8_20260722",
  "Reference_snapshot_sha256": "6286b6ac3ad977bc322da21c2a7ac4dd747710bb5cf5db898a89391366e900c6",
  "Replication_role": "outcome-informed_new-instance_replication",
  "Reward_HV_corr": 0.5122192797065367,
  "Spread": 0.5679556041858614,
  "TEC_best": 45378.650100369945,
  "Time": 84.08546233177185,
  "Transition_gen": 51,
  "Transition_reason": "coverage_stagnation",
  "WB_best": 24.0,
  "Worker_count": 40,
  "dataset": "Hurink_edata",
  "front_pickle": "results/resubmission/v8_e4_replication/fronts/Hurink_edata_la13_EnhancedNoBC_R16_g100_seed56.pkl",
  "instance": "la13.fjs",
  "rollout_size_planned": 16,
  "seed": 56,
  "state_dim": 78,
  "state_mode": "enhanced",
  "use_bc": false,
  "variant": "EnhancedNoBC_R16"
}