{
  "Action_seed": 3835360792,
  "BC_confusion_matrix": "[]",
  "BC_epoch_accuracy": "[]",
  "BC_epoch_loss": "[]",
  "BC_final_accuracy": 0.0,
  "BC_final_loss": 0.0,
  "BC_pre_accuracy": 0.0,
  "BC_pre_loss": 0.0,
  "BC_pre_post_KL": 0.0,
  "BC_seed": 4057508279,
  "BC_time": 0.0,
  "Budget": 100,
  "CPU_time": 130.09198093299983,
  "Cmax_best": 2979.952007626718,
  "Code_hash": "557a8cdd80246d5b84433fd06619c5f4572fc6d1061cccffb6c59606560a1e14",
  "Config_hash": "be7c2577b7d6bd7368c96844c11c8dd3066fdcb2bf4dbc68ce6d9fecd95bdb34",
  "Config_json": "{\"rollout\":16,\"state_mode\":\"base_padded\",\"use_bc\":false,\"variant\":\"BasePaddedNoBC_R16\"}",
  "Demo_action_counts": "[7,7,8,7,7,7,7,8,6,5]",
  "Demo_forced_fraction": 0.2898550724637681,
  "Demo_label_entropy": 0.9967140907886779,
  "Demo_nn_disagreement": 0.8695652173913043,
  "Demo_samples": 69,
  "Demo_ucb_margin_median": 0.01416325569152832,
  "Design_hash": "4edc2f84691449d3c998d8b1c95abbc1bc9262603bbbe59f337e6dbe7707a226",
  "Enhanced_constant_feature_fraction": 0.0,
  "Enhanced_feature_samples": 0,
  "Enhanced_near_one_fraction": 0.0,
  "Enhanced_near_zero_fraction": 0.0,
  "Entropy_all": 0.9911286449064755,
  "Entropy_last20": 0.9471726222832955,
  "Execution_device": "cpu",
  "Front_semantic_sha256": "504a98b0a68be927da2c770d4f8a133484b12cd7fce8aef0f639d4bd27a55db1",
  "Front_sha256": "e9206811946b7facb2084c8a147c675a4ecb99805fab460054efc83f0b373a9c",
  "HV_local": 5211392517.560648,
  "Initial_evaluations": 100,
  "Input_hash": "c0c85be1ea5c2f7ddefbd1b40df4aee0d8f0eb2ee32af880c1ee2fe8b3c3c480",
  "Learning_time": 0.026774692349135876,
  "Max_generations": 100,
  "NSol": 4,
  "Network_seed": 1790271553,
  "Offspring_evaluations": 10000,
  "Operator_counts": "[13,11,10,10,11,10,11,11,7,6]",
  "PPO_action_effective_updates": 1,
  "PPO_advantage_std_raw_mean": 0.3794255033135414,
  "PPO_approx_KL_mean": -0.0004902825930912513,
  "PPO_clip_fraction_mean": 0.0,
  "PPO_discarded_singletons": 0,
  "PPO_effective_optimizer_steps": 4,
  "PPO_effective_samples": 16,
  "PPO_effective_update_time": 0.013808459974825382,
  "PPO_entropy_mean": 2.2994676530361176,
  "PPO_explained_variance_pre_mean": 0.004025548696517944,
  "PPO_gradient_norm_mean": 0.9953571707010269,
  "PPO_optimizer_steps": 8,
  "PPO_phase_actions": 31,
  "PPO_policy_loss_mean": -0.0014510383363813134,
  "PPO_return_std_mean": 0.38032766431570053,
  "PPO_rollout_sizes": "[16,15]",
  "PPO_samples": 31,
  "PPO_seed": 13725029,
  "PPO_terminal_full_optimizer_steps": 0,
  "PPO_terminal_full_samples": 0,
  "PPO_terminal_full_update_time": 0.0,
  "PPO_terminal_full_updates": 0,
  "PPO_terminal_residual_optimizer_steps": 4,
  "PPO_terminal_residual_samples": 15,
  "PPO_terminal_residual_update_time": 0.012966232374310493,
  "PPO_terminal_residual_updates": 1,
  "PPO_update_count": 2,
  "PPO_value_loss_mean": 0.8776613436639309,
  "Population_size": 100,
  "Protocol": "saos_e4_replication_v8_20260722",
  "Reference_snapshot_sha256": "6286b6ac3ad977bc322da21c2a7ac4dd747710bb5cf5db898a89391366e900c6",
  "Replication_role": "outcome-informed_new-instance_replication",
  "Reward_HV_corr": 0.3618665864654466,
  "Spread": 1.2254775353295093,
  "TEC_best": 148206.19407201378,
  "Time": 130.75945806503296,
  "Transition_gen": 69,
  "Transition_reason": "coverage_stagnation",
  "WB_best": 459.99999999999943,
  "Worker_count": 40,
  "dataset": "Hurink_edata",
  "front_pickle": "results/resubmission/v8_e4_replication/fronts/Hurink_edata_la39_BasePaddedNoBC_R16_g100_seed52.pkl",
  "instance": "la39.fjs",
  "rollout_size_planned": 16,
  "seed": 52,
  "state_dim": 78,
  "state_mode": "base_padded",
  "use_bc": false,
  "variant": "BasePaddedNoBC_R16"
}