{
  "Action_seed": 3356307559,
  "BC_confusion_matrix": "[]",
  "BC_epoch_accuracy": "[]",
  "BC_epoch_loss": "[]",
  "BC_final_accuracy": 0.0,
  "BC_final_loss": 0.0,
  "BC_pre_accuracy": 0.0,
  "BC_pre_loss": 0.0,
  "BC_pre_post_KL": 0.0,
  "BC_seed": 4095219117,
  "BC_time": 0.0,
  "Budget": 100,
  "CPU_time": 62.67537409500005,
  "Cmax_best": 1092.745845959676,
  "Code_hash": "557a8cdd80246d5b84433fd06619c5f4572fc6d1061cccffb6c59606560a1e14",
  "Config_hash": "316e38e4b56c803c83035f595d8dd9a9c89982fa5ff0ed20203d316fee9ea457",
  "Config_json": "{\"rollout\":16,\"state_mode\":\"enhanced\",\"use_bc\":false,\"variant\":\"EnhancedNoBC_R16\"}",
  "Demo_action_counts": "[7,7,8,7,7,5,5,6,4,5]",
  "Demo_forced_fraction": 0.32786885245901637,
  "Demo_label_entropy": 0.9910812686339024,
  "Demo_nn_disagreement": 0.8688524590163934,
  "Demo_samples": 61,
  "Demo_ucb_margin_median": 0.009462952613830566,
  "Design_hash": "4edc2f84691449d3c998d8b1c95abbc1bc9262603bbbe59f337e6dbe7707a226",
  "Enhanced_constant_feature_fraction": 0.42592592592592593,
  "Enhanced_feature_samples": 39,
  "Enhanced_near_one_fraction": 0.037037037037037035,
  "Enhanced_near_zero_fraction": 0.3888888888888889,
  "Entropy_all": 0.9942677634995128,
  "Entropy_last20": 0.9471726222832957,
  "Execution_device": "cpu",
  "Front_semantic_sha256": "fa704acc85ae50310021653b4b29407951f59d61153afa3802ef2e3b0255d418",
  "Front_sha256": "083a24a51dc7c8e2f9fe28e3ca5b6685a4ca63dde4801d564466cfb72144b867",
  "HV_local": 574505466.461989,
  "Initial_evaluations": 100,
  "Input_hash": "c0c85be1ea5c2f7ddefbd1b40df4aee0d8f0eb2ee32af880c1ee2fe8b3c3c480",
  "Learning_time": 0.03711611405014992,
  "Max_generations": 100,
  "NSol": 26,
  "Network_seed": 1262220414,
  "Offspring_evaluations": 10000,
  "Operator_counts": "[10,10,10,11,12,10,11,9,6,11]",
  "PPO_action_effective_updates": 2,
  "PPO_advantage_std_raw_mean": 0.3512303481499354,
  "PPO_approx_KL_mean": 0.0010180315470540435,
  "PPO_clip_fraction_mean": 0.0,
  "PPO_discarded_singletons": 0,
  "PPO_effective_optimizer_steps": 8,
  "PPO_effective_samples": 32,
  "PPO_effective_update_time": 0.025307547301054,
  "PPO_entropy_mean": 2.3001657128334045,
  "PPO_explained_variance_pre_mean": 0.00518198808034261,
  "PPO_gradient_norm_mean": 1.0271709263324738,
  "PPO_optimizer_steps": 12,
  "PPO_phase_actions": 39,
  "PPO_policy_loss_mean": -0.004620290705047066,
  "PPO_return_std_mean": 0.3522878587245941,
  "PPO_rollout_sizes": "[16,16,7]",
  "PPO_samples": 39,
  "PPO_seed": 3196798417,
  "PPO_terminal_full_optimizer_steps": 0,
  "PPO_terminal_full_samples": 0,
  "PPO_terminal_full_update_time": 0.0,
  "PPO_terminal_full_updates": 0,
  "PPO_terminal_residual_optimizer_steps": 4,
  "PPO_terminal_residual_samples": 7,
  "PPO_terminal_residual_update_time": 0.011808566749095917,
  "PPO_terminal_residual_updates": 1,
  "PPO_update_count": 3,
  "PPO_value_loss_mean": 0.5091474630559484,
  "Population_size": 100,
  "Protocol": "saos_e4_replication_v8_20260722",
  "Reference_snapshot_sha256": "6286b6ac3ad977bc322da21c2a7ac4dd747710bb5cf5db898a89391366e900c6",
  "Replication_role": "outcome-informed_new-instance_replication",
  "Reward_HV_corr": 0.2681982247952096,
  "Spread": 0.6457600741439005,
  "TEC_best": 35863.824329555966,
  "Time": 63.12049579620361,
  "Transition_gen": 61,
  "Transition_reason": "coverage_stagnation",
  "WB_best": 176.99999999999966,
  "Worker_count": 40,
  "dataset": "Hurink_edata",
  "front_pickle": "results/resubmission/v8_e4_replication/fronts/Hurink_edata_la08_EnhancedNoBC_R16_g100_seed55.pkl",
  "instance": "la08.fjs",
  "rollout_size_planned": 16,
  "seed": 55,
  "state_dim": 78,
  "state_mode": "enhanced",
  "use_bc": false,
  "variant": "EnhancedNoBC_R16"
}