{
  "Action_seed": 2121283841,
  "BC_confusion_matrix": "[]",
  "BC_epoch_accuracy": "[]",
  "BC_epoch_loss": "[]",
  "BC_final_accuracy": 0.0,
  "BC_final_loss": 0.0,
  "BC_pre_accuracy": 0.0,
  "BC_pre_loss": 0.0,
  "BC_pre_post_KL": 0.0,
  "BC_seed": 1958805704,
  "BC_time": 0.0,
  "Budget": 100,
  "CPU_time": 63.02298305900001,
  "Cmax_best": 1103.555841235775,
  "Code_hash": "557a8cdd80246d5b84433fd06619c5f4572fc6d1061cccffb6c59606560a1e14",
  "Config_hash": "be7c2577b7d6bd7368c96844c11c8dd3066fdcb2bf4dbc68ce6d9fecd95bdb34",
  "Config_json": "{\"rollout\":16,\"state_mode\":\"base_padded\",\"use_bc\":false,\"variant\":\"BasePaddedNoBC_R16\"}",
  "Demo_action_counts": "[7,7,8,7,5,5,5,6,4,5]",
  "Demo_forced_fraction": 0.3389830508474576,
  "Demo_label_entropy": 0.9907108880731775,
  "Demo_nn_disagreement": 0.9152542372881356,
  "Demo_samples": 59,
  "Demo_ucb_margin_median": 0.010382652282714844,
  "Design_hash": "4edc2f84691449d3c998d8b1c95abbc1bc9262603bbbe59f337e6dbe7707a226",
  "Enhanced_constant_feature_fraction": 0.0,
  "Enhanced_feature_samples": 0,
  "Enhanced_near_one_fraction": 0.0,
  "Enhanced_near_zero_fraction": 0.0,
  "Entropy_all": 0.9935100725927437,
  "Entropy_last20": 0.9057074336417444,
  "Execution_device": "cpu",
  "Front_semantic_sha256": "71e3e43b293cfdce36a6c5bb1889e65d6a729cc1fc743fce2c5b4b825ab4e284",
  "Front_sha256": "7c596f295272c47a221087fba3088194a20b6da21f9e2ed19acf27bfd2c2d384",
  "HV_local": 36726000.324148975,
  "Initial_evaluations": 100,
  "Input_hash": "c0c85be1ea5c2f7ddefbd1b40df4aee0d8f0eb2ee32af880c1ee2fe8b3c3c480",
  "Learning_time": 0.0381613215431571,
  "Max_generations": 100,
  "NSol": 11,
  "Network_seed": 1604999848,
  "Offspring_evaluations": 10000,
  "Operator_counts": "[10,10,11,13,11,9,10,10,6,10]",
  "PPO_action_effective_updates": 2,
  "PPO_advantage_std_raw_mean": 0.3782776991526286,
  "PPO_approx_KL_mean": 0.0005306227545521421,
  "PPO_clip_fraction_mean": 0.0,
  "PPO_discarded_singletons": 0,
  "PPO_effective_optimizer_steps": 8,
  "PPO_effective_samples": 32,
  "PPO_effective_update_time": 0.026097585447132587,
  "PPO_entropy_mean": 2.3018086552619934,
  "PPO_explained_variance_pre_mean": 0.0005000432332356771,
  "PPO_gradient_norm_mean": 1.05414018034935,
  "PPO_optimizer_steps": 12,
  "PPO_phase_actions": 41,
  "PPO_policy_loss_mean": -0.0009823724695134928,
  "PPO_return_std_mean": 0.3783923089504242,
  "PPO_rollout_sizes": "[16,16,9]",
  "PPO_samples": 41,
  "PPO_seed": 1500418225,
  "PPO_terminal_full_optimizer_steps": 0,
  "PPO_terminal_full_samples": 0,
  "PPO_terminal_full_update_time": 0.0,
  "PPO_terminal_full_updates": 0,
  "PPO_terminal_residual_optimizer_steps": 4,
  "PPO_terminal_residual_samples": 9,
  "PPO_terminal_residual_update_time": 0.012063736096024513,
  "PPO_terminal_residual_updates": 1,
  "PPO_update_count": 3,
  "PPO_value_loss_mean": 0.8779472162326177,
  "Population_size": 100,
  "Protocol": "saos_e4_replication_v8_20260722",
  "Reference_snapshot_sha256": "6286b6ac3ad977bc322da21c2a7ac4dd747710bb5cf5db898a89391366e900c6",
  "Replication_role": "outcome-informed_new-instance_replication",
  "Reward_HV_corr": 0.45052243213818277,
  "Spread": 1.0906682359628441,
  "TEC_best": 32751.111517521593,
  "Time": 63.23828721046448,
  "Transition_gen": 59,
  "Transition_reason": "coverage_stagnation",
  "WB_best": 74.99999999999977,
  "Worker_count": 40,
  "dataset": "Hurink_edata",
  "front_pickle": "results/resubmission/v8_e4_replication/fronts/Hurink_edata_la06_BasePaddedNoBC_R16_g100_seed53.pkl",
  "instance": "la06.fjs",
  "rollout_size_planned": 16,
  "seed": 53,
  "state_dim": 78,
  "state_mode": "base_padded",
  "use_bc": false,
  "variant": "BasePaddedNoBC_R16"
}