{
  "Action_seed": 3069305879,
  "BC_confusion_matrix": "[]",
  "BC_epoch_accuracy": "[]",
  "BC_epoch_loss": "[]",
  "BC_final_accuracy": 0.0,
  "BC_final_loss": 0.0,
  "BC_pre_accuracy": 0.0,
  "BC_pre_loss": 0.0,
  "BC_pre_post_KL": 0.0,
  "BC_seed": 117269218,
  "BC_time": 0.0,
  "Budget": 100,
  "CPU_time": 105.16327007400014,
  "Cmax_best": 2167.5319063316815,
  "Code_hash": "557a8cdd80246d5b84433fd06619c5f4572fc6d1061cccffb6c59606560a1e14",
  "Config_hash": "316e38e4b56c803c83035f595d8dd9a9c89982fa5ff0ed20203d316fee9ea457",
  "Config_json": "{\"rollout\":16,\"state_mode\":\"enhanced\",\"use_bc\":false,\"variant\":\"EnhancedNoBC_R16\"}",
  "Demo_action_counts": "[7,7,8,7,7,7,7,7,6,7]",
  "Demo_forced_fraction": 0.2857142857142857,
  "Demo_label_entropy": 0.9991106451708882,
  "Demo_nn_disagreement": 0.8,
  "Demo_samples": 70,
  "Demo_ucb_margin_median": 0.010938286781311035,
  "Design_hash": "4edc2f84691449d3c998d8b1c95abbc1bc9262603bbbe59f337e6dbe7707a226",
  "Enhanced_constant_feature_fraction": 0.4444444444444444,
  "Enhanced_feature_samples": 30,
  "Enhanced_near_one_fraction": 0.037037037037037035,
  "Enhanced_near_zero_fraction": 0.3888888888888889,
  "Entropy_all": 0.9908771857304624,
  "Entropy_last20": 0.8568636235841013,
  "Execution_device": "cpu",
  "Front_semantic_sha256": "7bbd6f9937a9347edef4f5ba8dae722af0a321624e926c28f7b9f36644c22b51",
  "Front_sha256": "e51743a3673b6e0b902993279ce55ca11c1375bcd0037f11a7795cc874897abf",
  "HV_local": 1660941360.948471,
  "Initial_evaluations": 100,
  "Input_hash": "c0c85be1ea5c2f7ddefbd1b40df4aee0d8f0eb2ee32af880c1ee2fe8b3c3c480",
  "Learning_time": 0.023214432410895824,
  "Max_generations": 100,
  "NSol": 7,
  "Network_seed": 2743625714,
  "Offspring_evaluations": 10000,
  "Operator_counts": "[11,11,10,7,11,9,15,8,9,9]",
  "PPO_action_effective_updates": 1,
  "PPO_advantage_std_raw_mean": 0.31589481234550476,
  "PPO_approx_KL_mean": 0.0019882589986082166,
  "PPO_clip_fraction_mean": 0.0,
  "PPO_discarded_singletons": 0,
  "PPO_effective_optimizer_steps": 4,
  "PPO_effective_samples": 16,
  "PPO_effective_update_time": 0.01143867801874876,
  "PPO_entropy_mean": 2.296994596719742,
  "PPO_explained_variance_pre_mean": -0.006755560636520386,
  "PPO_gradient_norm_mean": 1.3132925480604172,
  "PPO_optimizer_steps": 8,
  "PPO_phase_actions": 30,
  "PPO_policy_loss_mean": -0.004100995350329484,
  "PPO_return_std_mean": 0.31497499346733093,
  "PPO_rollout_sizes": "[16,14]",
  "PPO_samples": 30,
  "PPO_seed": 2625058009,
  "PPO_terminal_full_optimizer_steps": 0,
  "PPO_terminal_full_samples": 0,
  "PPO_terminal_full_update_time": 0.0,
  "PPO_terminal_full_updates": 0,
  "PPO_terminal_residual_optimizer_steps": 4,
  "PPO_terminal_residual_samples": 14,
  "PPO_terminal_residual_update_time": 0.011775754392147064,
  "PPO_terminal_residual_updates": 1,
  "PPO_update_count": 2,
  "PPO_value_loss_mean": 0.6549080610275269,
  "Population_size": 100,
  "Protocol": "saos_e4_replication_v8_20260722",
  "Reference_snapshot_sha256": "6286b6ac3ad977bc322da21c2a7ac4dd747710bb5cf5db898a89391366e900c6",
  "Replication_role": "outcome-informed_new-instance_replication",
  "Reward_HV_corr": 0.4386657841031905,
  "Spread": 0.5115257464329269,
  "TEC_best": 103752.37828115257,
  "Time": 105.43769979476929,
  "Transition_gen": 70,
  "Transition_reason": "coverage_latest_guard",
  "WB_best": 108.99999999999932,
  "Worker_count": 40,
  "dataset": "Hurink_edata",
  "front_pickle": "results/resubmission/v8_e4_replication/fronts/Hurink_edata_la29_EnhancedNoBC_R16_g100_seed54.pkl",
  "instance": "la29.fjs",
  "rollout_size_planned": 16,
  "seed": 54,
  "state_dim": 78,
  "state_mode": "enhanced",
  "use_bc": false,
  "variant": "EnhancedNoBC_R16"
}