{
  "Action_seed": 934272733,
  "BC_confusion_matrix": "[]",
  "BC_epoch_accuracy": "[]",
  "BC_epoch_loss": "[]",
  "BC_final_accuracy": 0.0,
  "BC_final_loss": 0.0,
  "BC_pre_accuracy": 0.0,
  "BC_pre_loss": 0.0,
  "BC_pre_post_KL": 0.0,
  "BC_seed": 1720968262,
  "BC_time": 0.0,
  "Budget": 100,
  "CPU_time": 74.16625003599984,
  "Cmax_best": 1423.3239611893644,
  "Code_hash": "557a8cdd80246d5b84433fd06619c5f4572fc6d1061cccffb6c59606560a1e14",
  "Config_hash": "316e38e4b56c803c83035f595d8dd9a9c89982fa5ff0ed20203d316fee9ea457",
  "Config_json": "{\"rollout\":16,\"state_mode\":\"enhanced\",\"use_bc\":false,\"variant\":\"EnhancedNoBC_R16\"}",
  "Demo_action_counts": "[7,7,8,7,7,6,7,6,5,5]",
  "Demo_forced_fraction": 0.3076923076923077,
  "Demo_label_entropy": 0.9955184898059563,
  "Demo_nn_disagreement": 0.8153846153846154,
  "Demo_samples": 65,
  "Demo_ucb_margin_median": 0.012700200080871582,
  "Design_hash": "4edc2f84691449d3c998d8b1c95abbc1bc9262603bbbe59f337e6dbe7707a226",
  "Enhanced_constant_feature_fraction": 0.42592592592592593,
  "Enhanced_feature_samples": 35,
  "Enhanced_near_one_fraction": 0.037037037037037035,
  "Enhanced_near_zero_fraction": 0.3888888888888889,
  "Entropy_all": 0.9938465316970988,
  "Entropy_last20": 0.8568636235841012,
  "Execution_device": "cpu",
  "Front_semantic_sha256": "cb650d172f21ecbfd74982ee2cbebaa15a9d43fa43e630b35978ce94c27a47a9",
  "Front_sha256": "ea546e19dfbeae10abef610d531150342aa895678918ccba214175dd01ffd149",
  "HV_local": 3361292697.242917,
  "Initial_evaluations": 100,
  "Input_hash": "c0c85be1ea5c2f7ddefbd1b40df4aee0d8f0eb2ee32af880c1ee2fe8b3c3c480",
  "Learning_time": 0.03625496570020914,
  "Max_generations": 100,
  "NSol": 13,
  "Network_seed": 147388563,
  "Offspring_evaluations": 10000,
  "Operator_counts": "[10,12,11,10,8,13,10,10,7,9]",
  "PPO_action_effective_updates": 2,
  "PPO_advantage_std_raw_mean": 0.18469043696920076,
  "PPO_approx_KL_mean": -0.0015178016328718513,
  "PPO_clip_fraction_mean": 0.0,
  "PPO_discarded_singletons": 0,
  "PPO_effective_optimizer_steps": 8,
  "PPO_effective_samples": 32,
  "PPO_effective_update_time": 0.024973939172923565,
  "PPO_entropy_mean": 2.2980647881825766,
  "PPO_explained_variance_pre_mean": -0.01702652374903361,
  "PPO_gradient_norm_mean": 0.8796228567759196,
  "PPO_optimizer_steps": 12,
  "PPO_phase_actions": 35,
  "PPO_policy_loss_mean": -0.0032163169623042145,
  "PPO_return_std_mean": 0.18454378905395666,
  "PPO_rollout_sizes": "[16,16,3]",
  "PPO_samples": 35,
  "PPO_seed": 1905161551,
  "PPO_terminal_full_optimizer_steps": 0,
  "PPO_terminal_full_samples": 0,
  "PPO_terminal_full_update_time": 0.0,
  "PPO_terminal_full_updates": 0,
  "PPO_terminal_residual_optimizer_steps": 4,
  "PPO_terminal_residual_samples": 3,
  "PPO_terminal_residual_update_time": 0.011281026527285576,
  "PPO_terminal_residual_updates": 1,
  "PPO_update_count": 3,
  "PPO_value_loss_mean": 0.3355939456572135,
  "Population_size": 100,
  "Protocol": "saos_e4_replication_v8_20260722",
  "Reference_snapshot_sha256": "6286b6ac3ad977bc322da21c2a7ac4dd747710bb5cf5db898a89391366e900c6",
  "Replication_role": "outcome-informed_new-instance_replication",
  "Reward_HV_corr": 0.425329786929984,
  "Spread": 0.6573668120766606,
  "TEC_best": 60936.996611286246,
  "Time": 74.34234881401062,
  "Transition_gen": 65,
  "Transition_reason": "coverage_stagnation",
  "WB_best": 209.99999999999955,
  "Worker_count": 40,
  "dataset": "Hurink_edata",
  "front_pickle": "results/resubmission/v8_e4_replication/fronts/Hurink_edata_la18_EnhancedNoBC_R16_g100_seed56.pkl",
  "instance": "la18.fjs",
  "rollout_size_planned": 16,
  "seed": 56,
  "state_dim": 78,
  "state_mode": "enhanced",
  "use_bc": false,
  "variant": "EnhancedNoBC_R16"
}