{
  "Action_seed": 934272733,
  "BC_confusion_matrix": "[]",
  "BC_epoch_accuracy": "[]",
  "BC_epoch_loss": "[]",
  "BC_final_accuracy": 0.0,
  "BC_final_loss": 0.0,
  "BC_pre_accuracy": 0.0,
  "BC_pre_loss": 0.0,
  "BC_pre_post_KL": 0.0,
  "BC_seed": 1720968262,
  "BC_time": 0.0,
  "Budget": 100,
  "CPU_time": 102.88942135699972,
  "Cmax_best": 2597.917293981171,
  "Code_hash": "557a8cdd80246d5b84433fd06619c5f4572fc6d1061cccffb6c59606560a1e14",
  "Config_hash": "316e38e4b56c803c83035f595d8dd9a9c89982fa5ff0ed20203d316fee9ea457",
  "Config_json": "{\"rollout\":16,\"state_mode\":\"enhanced\",\"use_bc\":false,\"variant\":\"EnhancedNoBC_R16\"}",
  "Demo_action_counts": "[7,7,8,7,7,6,5,6,4,5]",
  "Demo_forced_fraction": 0.3225806451612903,
  "Demo_label_entropy": 0.9920171728916326,
  "Demo_nn_disagreement": 0.8387096774193549,
  "Demo_samples": 62,
  "Demo_ucb_margin_median": 0.010715305805206299,
  "Design_hash": "4edc2f84691449d3c998d8b1c95abbc1bc9262603bbbe59f337e6dbe7707a226",
  "Enhanced_constant_feature_fraction": 0.42592592592592593,
  "Enhanced_feature_samples": 38,
  "Enhanced_near_one_fraction": 0.037037037037037035,
  "Enhanced_near_zero_fraction": 0.3888888888888889,
  "Entropy_all": 0.9893154405858485,
  "Entropy_last20": 0.8741013089736384,
  "Execution_device": "cpu",
  "Front_semantic_sha256": "e347643b2b7b4cc498e11259ce1c55f2f45675ff9203434f74153fbfb51a03c1",
  "Front_sha256": "8c0e7cf002d6888379717b078e12c7b91c496490b9515802feca0b817e674467",
  "HV_local": 4077385419.4467287,
  "Initial_evaluations": 100,
  "Input_hash": "c0c85be1ea5c2f7ddefbd1b40df4aee0d8f0eb2ee32af880c1ee2fe8b3c3c480",
  "Learning_time": 0.033224462531507015,
  "Max_generations": 100,
  "NSol": 6,
  "Network_seed": 147388563,
  "Offspring_evaluations": 10000,
  "Operator_counts": "[11,12,11,10,8,14,8,11,6,9]",
  "PPO_action_effective_updates": 2,
  "PPO_advantage_std_raw_mean": 0.21821900457143784,
  "PPO_approx_KL_mean": -0.0008296801000445461,
  "PPO_clip_fraction_mean": 0.0,
  "PPO_discarded_singletons": 0,
  "PPO_effective_optimizer_steps": 8,
  "PPO_effective_samples": 32,
  "PPO_effective_update_time": 0.02240818366408348,
  "PPO_entropy_mean": 2.298030058542887,
  "PPO_explained_variance_pre_mean": -0.002351264158884684,
  "PPO_gradient_norm_mean": 0.7962656542658806,
  "PPO_optimizer_steps": 12,
  "PPO_phase_actions": 38,
  "PPO_policy_loss_mean": -0.0025236227924727572,
  "PPO_return_std_mean": 0.21817384660243988,
  "PPO_rollout_sizes": "[16,16,6]",
  "PPO_samples": 38,
  "PPO_seed": 1905161551,
  "PPO_terminal_full_optimizer_steps": 0,
  "PPO_terminal_full_samples": 0,
  "PPO_terminal_full_update_time": 0.0,
  "PPO_terminal_full_updates": 0,
  "PPO_terminal_residual_optimizer_steps": 4,
  "PPO_terminal_residual_samples": 6,
  "PPO_terminal_residual_update_time": 0.010816278867423534,
  "PPO_terminal_residual_updates": 1,
  "PPO_update_count": 3,
  "PPO_value_loss_mean": 0.3672094490999977,
  "Population_size": 100,
  "Protocol": "saos_e4_replication_v8_20260722",
  "Reference_snapshot_sha256": "6286b6ac3ad977bc322da21c2a7ac4dd747710bb5cf5db898a89391366e900c6",
  "Replication_role": "outcome-informed_new-instance_replication",
  "Reward_HV_corr": 0.4586748007623819,
  "Spread": 0.8191003588536641,
  "TEC_best": 107209.65541322189,
  "Time": 103.65212798118591,
  "Transition_gen": 62,
  "Transition_reason": "coverage_stagnation",
  "WB_best": 70.99999999999932,
  "Worker_count": 40,
  "dataset": "Hurink_edata",
  "front_pickle": "results/resubmission/v8_e4_replication/fronts/Hurink_edata_la28_EnhancedNoBC_R16_g100_seed56.pkl",
  "instance": "la28.fjs",
  "rollout_size_planned": 16,
  "seed": 56,
  "state_dim": 78,
  "state_mode": "enhanced",
  "use_bc": false,
  "variant": "EnhancedNoBC_R16"
}