{
  "Action_seed": 2121283841,
  "BC_confusion_matrix": "[]",
  "BC_epoch_accuracy": "[]",
  "BC_epoch_loss": "[]",
  "BC_final_accuracy": 0.0,
  "BC_final_loss": 0.0,
  "BC_pre_accuracy": 0.0,
  "BC_pre_loss": 0.0,
  "BC_pre_post_KL": 0.0,
  "BC_seed": 1958805704,
  "BC_time": 0.0,
  "Budget": 100,
  "CPU_time": 69.72575080000001,
  "Cmax_best": 1131.124209731761,
  "Code_hash": "557a8cdd80246d5b84433fd06619c5f4572fc6d1061cccffb6c59606560a1e14",
  "Config_hash": "316e38e4b56c803c83035f595d8dd9a9c89982fa5ff0ed20203d316fee9ea457",
  "Config_json": "{\"rollout\":16,\"state_mode\":\"enhanced\",\"use_bc\":false,\"variant\":\"EnhancedNoBC_R16\"}",
  "Demo_action_counts": "[4,4,5,4,4,4,4,4,4,4]",
  "Demo_forced_fraction": 0.4878048780487805,
  "Demo_label_entropy": 0.998905571122498,
  "Demo_nn_disagreement": 0.926829268292683,
  "Demo_samples": 41,
  "Demo_ucb_margin_median": 0.005603909492492676,
  "Design_hash": "4edc2f84691449d3c998d8b1c95abbc1bc9262603bbbe59f337e6dbe7707a226",
  "Enhanced_constant_feature_fraction": 0.42592592592592593,
  "Enhanced_feature_samples": 59,
  "Enhanced_near_one_fraction": 0.037037037037037035,
  "Enhanced_near_zero_fraction": 0.3888888888888889,
  "Entropy_all": 0.9918234395655362,
  "Entropy_last20": 0.8513769308233321,
  "Execution_device": "cpu",
  "Front_semantic_sha256": "cab49de27f7d7d8dc761e60183a6ef5ce46fa01d07dd81c0649a26d81f1fea49",
  "Front_sha256": "d6a79b25149dcd1e7a1187abd7273d0d9b444e985d49bf50eb7edf5acdddd95f",
  "HV_local": 532452050.84684646,
  "Initial_evaluations": 100,
  "Input_hash": "c0c85be1ea5c2f7ddefbd1b40df4aee0d8f0eb2ee32af880c1ee2fe8b3c3c480",
  "Learning_time": 0.05583362095057964,
  "Max_generations": 100,
  "NSol": 8,
  "Network_seed": 1604999848,
  "Offspring_evaluations": 10000,
  "Operator_counts": "[9,9,8,13,10,10,12,9,7,13]",
  "PPO_action_effective_updates": 3,
  "PPO_advantage_std_raw_mean": 0.36964549124240875,
  "PPO_approx_KL_mean": -0.0001379110944981221,
  "PPO_clip_fraction_mean": 0.0,
  "PPO_discarded_singletons": 0,
  "PPO_effective_optimizer_steps": 12,
  "PPO_effective_samples": 48,
  "PPO_effective_update_time": 0.042448898777365685,
  "PPO_entropy_mean": 2.3012373000383377,
  "PPO_explained_variance_pre_mean": -0.003922820091247559,
  "PPO_gradient_norm_mean": 1.1051445826888084,
  "PPO_optimizer_steps": 16,
  "PPO_phase_actions": 59,
  "PPO_policy_loss_mean": -0.0022016477993351824,
  "PPO_return_std_mean": 0.368758425116539,
  "PPO_rollout_sizes": "[16,16,16,11]",
  "PPO_samples": 59,
  "PPO_seed": 1500418225,
  "PPO_terminal_full_optimizer_steps": 0,
  "PPO_terminal_full_samples": 0,
  "PPO_terminal_full_update_time": 0.0,
  "PPO_terminal_full_updates": 0,
  "PPO_terminal_residual_optimizer_steps": 4,
  "PPO_terminal_residual_samples": 11,
  "PPO_terminal_residual_update_time": 0.013384722173213959,
  "PPO_terminal_residual_updates": 1,
  "PPO_update_count": 4,
  "PPO_value_loss_mean": 0.647793360054493,
  "Population_size": 100,
  "Protocol": "saos_e4_replication_v8_20260722",
  "Reference_snapshot_sha256": "6286b6ac3ad977bc322da21c2a7ac4dd747710bb5cf5db898a89391366e900c6",
  "Replication_role": "outcome-informed_new-instance_replication",
  "Reward_HV_corr": 0.5191619704733177,
  "Spread": 1.3393588729280648,
  "TEC_best": 42850.795902625585,
  "Time": 70.03548550605774,
  "Transition_gen": 41,
  "Transition_reason": "coverage_stagnation",
  "WB_best": 48.99999999999966,
  "Worker_count": 40,
  "dataset": "Hurink_edata",
  "front_pickle": "results/resubmission/v8_e4_replication/fronts/Hurink_edata_la09_EnhancedNoBC_R16_g100_seed53.pkl",
  "instance": "la09.fjs",
  "rollout_size_planned": 16,
  "seed": 53,
  "state_dim": 78,
  "state_mode": "enhanced",
  "use_bc": false,
  "variant": "EnhancedNoBC_R16"
}