{
  "Action_seed": 3356307559,
  "BC_confusion_matrix": "[]",
  "BC_epoch_accuracy": "[]",
  "BC_epoch_loss": "[]",
  "BC_final_accuracy": 0.0,
  "BC_final_loss": 0.0,
  "BC_pre_accuracy": 0.0,
  "BC_pre_loss": 0.0,
  "BC_pre_post_KL": 0.0,
  "BC_seed": 4095219117,
  "BC_time": 0.0,
  "Budget": 100,
  "CPU_time": 52.09442527600004,
  "Cmax_best": 735.5908969294373,
  "Code_hash": "557a8cdd80246d5b84433fd06619c5f4572fc6d1061cccffb6c59606560a1e14",
  "Config_hash": "316e38e4b56c803c83035f595d8dd9a9c89982fa5ff0ed20203d316fee9ea457",
  "Config_json": "{\"rollout\":16,\"state_mode\":\"enhanced\",\"use_bc\":false,\"variant\":\"EnhancedNoBC_R16\"}",
  "Demo_action_counts": "[4,3,4,3,3,3,3,3,3,3]",
  "Demo_forced_fraction": 0.625,
  "Demo_label_entropy": 0.9967940394481686,
  "Demo_nn_disagreement": 0.90625,
  "Demo_samples": 32,
  "Demo_ucb_margin_median": 0.0,
  "Design_hash": "4edc2f84691449d3c998d8b1c95abbc1bc9262603bbbe59f337e6dbe7707a226",
  "Enhanced_constant_feature_fraction": 0.42592592592592593,
  "Enhanced_feature_samples": 68,
  "Enhanced_near_one_fraction": 0.037037037037037035,
  "Enhanced_near_zero_fraction": 0.3888888888888889,
  "Entropy_all": 0.9899863026110942,
  "Entropy_last20": 0.9057074336417444,
  "Execution_device": "cpu",
  "Front_semantic_sha256": "a05928147a643ce95d102616b2353a3755ba6c6d5b239b26cdcaf791e1f16d65",
  "Front_sha256": "5dbdaca19fe973f3b226762c2d29d999aa3d319e921ea30f75399f379eb2ea72",
  "HV_local": 119022556.52384692,
  "Initial_evaluations": 100,
  "Input_hash": "c0c85be1ea5c2f7ddefbd1b40df4aee0d8f0eb2ee32af880c1ee2fe8b3c3c480",
  "Learning_time": 0.0708045270293951,
  "Max_generations": 100,
  "NSol": 5,
  "Network_seed": 1262220414,
  "Offspring_evaluations": 10000,
  "Operator_counts": "[8,7,9,8,13,11,11,13,8,12]",
  "PPO_action_effective_updates": 4,
  "PPO_advantage_std_raw_mean": 0.32063465267419816,
  "PPO_approx_KL_mean": 0.0006964631378650665,
  "PPO_clip_fraction_mean": 0.0,
  "PPO_discarded_singletons": 0,
  "PPO_effective_optimizer_steps": 16,
  "PPO_effective_samples": 64,
  "PPO_effective_update_time": 0.05056712590157986,
  "PPO_entropy_mean": 2.2996586680412294,
  "PPO_explained_variance_pre_mean": -0.002920544147491455,
  "PPO_gradient_norm_mean": 1.1806144267320633,
  "PPO_optimizer_steps": 20,
  "PPO_phase_actions": 68,
  "PPO_policy_loss_mean": -0.0034321120008826258,
  "PPO_return_std_mean": 0.32134386748075483,
  "PPO_rollout_sizes": "[16,16,16,16,4]",
  "PPO_samples": 68,
  "PPO_seed": 3196798417,
  "PPO_terminal_full_optimizer_steps": 0,
  "PPO_terminal_full_samples": 0,
  "PPO_terminal_full_update_time": 0.0,
  "PPO_terminal_full_updates": 0,
  "PPO_terminal_residual_optimizer_steps": 4,
  "PPO_terminal_residual_samples": 4,
  "PPO_terminal_residual_update_time": 0.020237401127815247,
  "PPO_terminal_residual_updates": 1,
  "PPO_update_count": 5,
  "PPO_value_loss_mean": 0.6057411225279793,
  "Population_size": 100,
  "Protocol": "saos_e4_replication_v8_20260722",
  "Reference_snapshot_sha256": "6286b6ac3ad977bc322da21c2a7ac4dd747710bb5cf5db898a89391366e900c6",
  "Replication_role": "outcome-informed_new-instance_replication",
  "Reward_HV_corr": 0.40827616170019065,
  "Spread": 1.2052885676276945,
  "TEC_best": 19883.191154035652,
  "Time": 52.291393756866455,
  "Transition_gen": 32,
  "Transition_reason": "coverage_stagnation",
  "WB_best": 86.99999999999966,
  "Worker_count": 40,
  "dataset": "Hurink_edata",
  "front_pickle": "results/resubmission/v8_e4_replication/fronts/Hurink_edata_la03_EnhancedNoBC_R16_g100_seed55.pkl",
  "instance": "la03.fjs",
  "rollout_size_planned": 16,
  "seed": 55,
  "state_dim": 78,
  "state_mode": "enhanced",
  "use_bc": false,
  "variant": "EnhancedNoBC_R16"
}