{
  "Action_seed": 3069305879,
  "BC_confusion_matrix": "[]",
  "BC_epoch_accuracy": "[]",
  "BC_epoch_loss": "[]",
  "BC_final_accuracy": 0.0,
  "BC_final_loss": 0.0,
  "BC_pre_accuracy": 0.0,
  "BC_pre_loss": 0.0,
  "BC_pre_post_KL": 0.0,
  "BC_seed": 117269218,
  "BC_time": 0.0,
  "Budget": 100,
  "CPU_time": 65.02383889899988,
  "Cmax_best": 1096.5819041018044,
  "Code_hash": "557a8cdd80246d5b84433fd06619c5f4572fc6d1061cccffb6c59606560a1e14",
  "Config_hash": "316e38e4b56c803c83035f595d8dd9a9c89982fa5ff0ed20203d316fee9ea457",
  "Config_json": "{\"rollout\":16,\"state_mode\":\"enhanced\",\"use_bc\":false,\"variant\":\"EnhancedNoBC_R16\"}",
  "Demo_action_counts": "[5,4,4,4,4,4,4,5,4,4]",
  "Demo_forced_fraction": 0.47619047619047616,
  "Demo_label_entropy": 0.9981154864489722,
  "Demo_nn_disagreement": 0.9523809523809523,
  "Demo_samples": 42,
  "Demo_ucb_margin_median": 0.003277122974395752,
  "Design_hash": "4edc2f84691449d3c998d8b1c95abbc1bc9262603bbbe59f337e6dbe7707a226",
  "Enhanced_constant_feature_fraction": 0.42592592592592593,
  "Enhanced_feature_samples": 58,
  "Enhanced_near_one_fraction": 0.037037037037037035,
  "Enhanced_near_zero_fraction": 0.3888888888888889,
  "Entropy_all": 0.9826464192806822,
  "Entropy_last20": 0.8928421194648833,
  "Execution_device": "cpu",
  "Front_semantic_sha256": "a666bbc8368a0d7b2360ec45e448e2287859584a8aeefd17fb2cf321fcca4d44",
  "Front_sha256": "d526ff1a132149ed8cb5cafe0fbd903ab51eea33eb3c730172b713c7756d2060",
  "HV_local": 1058415156.7843949,
  "Initial_evaluations": 100,
  "Input_hash": "c0c85be1ea5c2f7ddefbd1b40df4aee0d8f0eb2ee32af880c1ee2fe8b3c3c480",
  "Learning_time": 0.05342538747936487,
  "Max_generations": 100,
  "NSol": 24,
  "Network_seed": 2743625714,
  "Offspring_evaluations": 10000,
  "Operator_counts": "[11,11,6,8,11,7,16,9,13,8]",
  "PPO_action_effective_updates": 3,
  "PPO_advantage_std_raw_mean": 0.3059552051126957,
  "PPO_approx_KL_mean": 0.0017793349867133434,
  "PPO_clip_fraction_mean": 0.0,
  "PPO_discarded_singletons": 0,
  "PPO_effective_optimizer_steps": 12,
  "PPO_effective_samples": 48,
  "PPO_effective_update_time": 0.038212801329791546,
  "PPO_entropy_mean": 2.296140357851982,
  "PPO_explained_variance_pre_mean": -0.005570247769355774,
  "PPO_gradient_norm_mean": 1.016097079962492,
  "PPO_optimizer_steps": 16,
  "PPO_phase_actions": 58,
  "PPO_policy_loss_mean": -0.0038938516925552946,
  "PPO_return_std_mean": 0.30506518855690956,
  "PPO_rollout_sizes": "[16,16,16,10]",
  "PPO_samples": 58,
  "PPO_seed": 2625058009,
  "PPO_terminal_full_optimizer_steps": 0,
  "PPO_terminal_full_samples": 0,
  "PPO_terminal_full_update_time": 0.0,
  "PPO_terminal_full_updates": 0,
  "PPO_terminal_residual_optimizer_steps": 4,
  "PPO_terminal_residual_samples": 10,
  "PPO_terminal_residual_update_time": 0.015212586149573326,
  "PPO_terminal_residual_updates": 1,
  "PPO_update_count": 4,
  "PPO_value_loss_mean": 0.3966251485981047,
  "Population_size": 100,
  "Protocol": "saos_e4_replication_v8_20260722",
  "Reference_snapshot_sha256": "6286b6ac3ad977bc322da21c2a7ac4dd747710bb5cf5db898a89391366e900c6",
  "Replication_role": "outcome-informed_new-instance_replication",
  "Reward_HV_corr": 0.5400165882628699,
  "Spread": 0.6992643668974501,
  "TEC_best": 36012.26001145562,
  "Time": 65.36293888092041,
  "Transition_gen": 42,
  "Transition_reason": "coverage_stagnation",
  "WB_best": 176.99999999999966,
  "Worker_count": 40,
  "dataset": "Hurink_edata",
  "front_pickle": "results/resubmission/v8_e4_replication/fronts/Hurink_edata_la08_EnhancedNoBC_R16_g100_seed54.pkl",
  "instance": "la08.fjs",
  "rollout_size_planned": 16,
  "seed": 54,
  "state_dim": 78,
  "state_mode": "enhanced",
  "use_bc": false,
  "variant": "EnhancedNoBC_R16"
}