{
  "Action_seed": 3356307559,
  "BC_confusion_matrix": "[]",
  "BC_epoch_accuracy": "[]",
  "BC_epoch_loss": "[]",
  "BC_final_accuracy": 0.0,
  "BC_final_loss": 0.0,
  "BC_pre_accuracy": 0.0,
  "BC_pre_loss": 0.0,
  "BC_pre_post_KL": 0.0,
  "BC_seed": 4095219117,
  "BC_time": 0.0,
  "Budget": 100,
  "CPU_time": 77.89008918400009,
  "Cmax_best": 1238.0024557643142,
  "Code_hash": "557a8cdd80246d5b84433fd06619c5f4572fc6d1061cccffb6c59606560a1e14",
  "Config_hash": "be7c2577b7d6bd7368c96844c11c8dd3066fdcb2bf4dbc68ce6d9fecd95bdb34",
  "Config_json": "{\"rollout\":16,\"state_mode\":\"base_padded\",\"use_bc\":false,\"variant\":\"BasePaddedNoBC_R16\"}",
  "Demo_action_counts": "[5,5,5,5,4,5,5,5,5,5]",
  "Demo_forced_fraction": 0.40816326530612246,
  "Demo_label_entropy": 0.9991370971625402,
  "Demo_nn_disagreement": 1.0,
  "Demo_samples": 49,
  "Demo_ucb_margin_median": 0.007493734359741211,
  "Design_hash": "4edc2f84691449d3c998d8b1c95abbc1bc9262603bbbe59f337e6dbe7707a226",
  "Enhanced_constant_feature_fraction": 0.0,
  "Enhanced_feature_samples": 0,
  "Enhanced_near_one_fraction": 0.0,
  "Enhanced_near_zero_fraction": 0.0,
  "Entropy_all": 0.9938831121109005,
  "Entropy_last20": 0.9229451190312814,
  "Execution_device": "cpu",
  "Front_semantic_sha256": "516eba52c06ea32a42d3df7c44fab8d2b4209c5c5863a45f1451b393d9066e0a",
  "Front_sha256": "675ee0149aa6e493575ef2a37313903165080363fac9a70cf4ab7fbf35cf297e",
  "HV_local": 2483601901.626266,
  "Initial_evaluations": 100,
  "Input_hash": "c0c85be1ea5c2f7ddefbd1b40df4aee0d8f0eb2ee32af880c1ee2fe8b3c3c480",
  "Learning_time": 0.05039519444108009,
  "Max_generations": 100,
  "NSol": 25,
  "Network_seed": 1262220414,
  "Offspring_evaluations": 10000,
  "Operator_counts": "[8,8,9,9,12,12,11,12,8,11]",
  "PPO_action_effective_updates": 3,
  "PPO_advantage_std_raw_mean": 0.29797636717557907,
  "PPO_approx_KL_mean": 0.0004489971315706498,
  "PPO_clip_fraction_mean": 0.0,
  "PPO_discarded_singletons": 0,
  "PPO_effective_optimizer_steps": 12,
  "PPO_effective_samples": 48,
  "PPO_effective_update_time": 0.03893153741955757,
  "PPO_entropy_mean": 2.2993587404489517,
  "PPO_explained_variance_pre_mean": -0.01028221845626831,
  "PPO_gradient_norm_mean": 0.7326270984485745,
  "PPO_optimizer_steps": 16,
  "PPO_phase_actions": 51,
  "PPO_policy_loss_mean": -0.0014157568772741325,
  "PPO_return_std_mean": 0.2970798537135124,
  "PPO_rollout_sizes": "[16,16,16,3]",
  "PPO_samples": 51,
  "PPO_seed": 3196798417,
  "PPO_terminal_full_optimizer_steps": 0,
  "PPO_terminal_full_samples": 0,
  "PPO_terminal_full_update_time": 0.0,
  "PPO_terminal_full_updates": 0,
  "PPO_terminal_residual_optimizer_steps": 4,
  "PPO_terminal_residual_samples": 3,
  "PPO_terminal_residual_update_time": 0.011463657021522522,
  "PPO_terminal_residual_updates": 1,
  "PPO_update_count": 4,
  "PPO_value_loss_mean": 0.4732498517842032,
  "Population_size": 100,
  "Protocol": "saos_e4_replication_v8_20260722",
  "Reference_snapshot_sha256": "6286b6ac3ad977bc322da21c2a7ac4dd747710bb5cf5db898a89391366e900c6",
  "Replication_role": "outcome-informed_new-instance_replication",
  "Reward_HV_corr": 0.4634576018182387,
  "Spread": 0.6264066970025798,
  "TEC_best": 36581.89375580969,
  "Time": 78.20150232315063,
  "Transition_gen": 49,
  "Transition_reason": "coverage_stagnation",
  "WB_best": 72.99999999999966,
  "Worker_count": 40,
  "dataset": "Hurink_edata",
  "front_pickle": "results/resubmission/v8_e4_replication/fronts/Hurink_edata_la12_BasePaddedNoBC_R16_g100_seed55.pkl",
  "instance": "la12.fjs",
  "rollout_size_planned": 16,
  "seed": 55,
  "state_dim": 78,
  "state_mode": "base_padded",
  "use_bc": false,
  "variant": "BasePaddedNoBC_R16"
}