{
  "Action_seed": 3069305879,
  "BC_confusion_matrix": "[]",
  "BC_epoch_accuracy": "[]",
  "BC_epoch_loss": "[]",
  "BC_final_accuracy": 0.0,
  "BC_final_loss": 0.0,
  "BC_pre_accuracy": 0.0,
  "BC_pre_loss": 0.0,
  "BC_pre_post_KL": 0.0,
  "BC_seed": 117269218,
  "BC_time": 0.0,
  "Budget": 100,
  "CPU_time": 142.67374391700014,
  "Cmax_best": 3263.458540655969,
  "Code_hash": "557a8cdd80246d5b84433fd06619c5f4572fc6d1061cccffb6c59606560a1e14",
  "Config_hash": "be7c2577b7d6bd7368c96844c11c8dd3066fdcb2bf4dbc68ce6d9fecd95bdb34",
  "Config_json": "{\"rollout\":16,\"state_mode\":\"base_padded\",\"use_bc\":false,\"variant\":\"BasePaddedNoBC_R16\"}",
  "Demo_action_counts": "[7,7,8,8,7,7,6,5,4,5]",
  "Demo_forced_fraction": 0.3125,
  "Demo_label_entropy": 0.9908825923706965,
  "Demo_nn_disagreement": 0.875,
  "Demo_samples": 64,
  "Demo_ucb_margin_median": 0.009477198123931885,
  "Design_hash": "4edc2f84691449d3c998d8b1c95abbc1bc9262603bbbe59f337e6dbe7707a226",
  "Enhanced_constant_feature_fraction": 0.0,
  "Enhanced_feature_samples": 0,
  "Enhanced_near_one_fraction": 0.0,
  "Enhanced_near_zero_fraction": 0.0,
  "Entropy_all": 0.9864500128808071,
  "Entropy_last20": 0.9170696227168973,
  "Execution_device": "cpu",
  "Front_semantic_sha256": "aca30a1bcca98fa7d2211fc4438adc271cb15a83a359d2a965d6ffacbd41c6a9",
  "Front_sha256": "73c9ce21be2cc5835e8829a6fff6d63ece3538c3ee3169e3c3c91dad3d230608",
  "HV_local": 4072524660.0038433,
  "Initial_evaluations": 100,
  "Input_hash": "c0c85be1ea5c2f7ddefbd1b40df4aee0d8f0eb2ee32af880c1ee2fe8b3c3c480",
  "Learning_time": 0.03361155278980732,
  "Max_generations": 100,
  "NSol": 5,
  "Network_seed": 2743625714,
  "Offspring_evaluations": 10000,
  "Operator_counts": "[11,11,11,10,12,9,15,6,8,7]",
  "PPO_action_effective_updates": 2,
  "PPO_advantage_std_raw_mean": 0.3004782398541768,
  "PPO_approx_KL_mean": 0.0007232303420702616,
  "PPO_clip_fraction_mean": 0.0,
  "PPO_discarded_singletons": 0,
  "PPO_effective_optimizer_steps": 8,
  "PPO_effective_samples": 32,
  "PPO_effective_update_time": 0.022419486194849014,
  "PPO_entropy_mean": 2.2994617422421775,
  "PPO_explained_variance_pre_mean": -0.0019174814224243164,
  "PPO_gradient_norm_mean": 0.9822042634089788,
  "PPO_optimizer_steps": 12,
  "PPO_phase_actions": 36,
  "PPO_policy_loss_mean": -0.0015564709901809692,
  "PPO_return_std_mean": 0.300355131427447,
  "PPO_rollout_sizes": "[16,16,4]",
  "PPO_samples": 36,
  "PPO_seed": 2625058009,
  "PPO_terminal_full_optimizer_steps": 0,
  "PPO_terminal_full_samples": 0,
  "PPO_terminal_full_update_time": 0.0,
  "PPO_terminal_full_updates": 0,
  "PPO_terminal_residual_optimizer_steps": 4,
  "PPO_terminal_residual_samples": 4,
  "PPO_terminal_residual_update_time": 0.011192066594958305,
  "PPO_terminal_residual_updates": 1,
  "PPO_update_count": 3,
  "PPO_value_loss_mean": 0.6675772406160831,
  "Population_size": 100,
  "Protocol": "saos_e4_replication_v8_20260722",
  "Reference_snapshot_sha256": "6286b6ac3ad977bc322da21c2a7ac4dd747710bb5cf5db898a89391366e900c6",
  "Replication_role": "outcome-informed_new-instance_replication",
  "Reward_HV_corr": 0.4527828894879425,
  "Spread": 1.0598431466861555,
  "TEC_best": 151727.71729224964,
  "Time": 143.13368368148804,
  "Transition_gen": 64,
  "Transition_reason": "coverage_stagnation",
  "WB_best": 150.99999999999932,
  "Worker_count": 40,
  "dataset": "Hurink_edata",
  "front_pickle": "results/resubmission/v8_e4_replication/fronts/Hurink_edata_la33_BasePaddedNoBC_R16_g100_seed54.pkl",
  "instance": "la33.fjs",
  "rollout_size_planned": 16,
  "seed": 54,
  "state_dim": 78,
  "state_mode": "base_padded",
  "use_bc": false,
  "variant": "BasePaddedNoBC_R16"
}